certNumber,certType,city,critical,customerNumber,direct,inspectionDate,inspectionDateString,legalName,nonCritical,reportLink,siteName,state,teachableMoments,zip,hash_id
58-H-0146,Class H - Intermediate Handler,San Diego,0,1004,0,2026-07-15,7/15/2026,Signature Flight Support LLC,0,https://aphis.file.force.com/sfc/dist/version/download/?oid=00Dt0000000GyZH&ids=068SJ00001Kzew0&d=%2Fa%2FSJ00000Biii9%2Fe2ge9emGm0Wsy9IZdKMoqC7fjdFitdVhhGTh7AdDtCo&asPdf=false,Signature Flight Support Corporation - SAN - San Diego International Airport,California,0,92101,fc632558dbefac07
56-R-0110,Class R - Research Facility,WALTERBORO,0,10055,0,2026-06-24,6/24/2026,Low Country Biosource Inc,0,https://aphis.file.force.com/sfc/dist/version/download/?oid=00Dt0000000GyZH&ids=068SJ00001IiR5C&d=%2Fa%2FSJ00000BNi0Q%2F4sTqa7Ds3iDtLLTKgaJ6TjDnTyuVbsGltA_f8Hme84s&asPdf=false,LOW COUNTRY BIOSOURCE INC,South Carolina,0,29488,3549abc0276d08bd
63-R-0113,Class R - Research Facility,MEMPHIS,0,1009,0,2026-07-15,7/15/2026,Medical Education & Research Institute,0,https://aphis.file.force.com/sfc/dist/version/download/?oid=00Dt0000000GyZH&ids=068SJ00001LaxGV&d=%2Fa%2FSJ00000BoKEv%2Fp6joBoLgImQp2ilsO0IT6CIls7hWTOBDpz1GeN6iJGw&asPdf=false,MEDICAL EDUCATION & RESEARCH INST.,Tennessee,0,38104,707f95e787878a7e
31-R-0113,Class R - Research Facility,MAUMEE,0,10115,0,2026-07-09,7/9/2026,AHED Of Ohio Inc,0,https://aphis.file.force.com/sfc/dist/version/download/?oid=00Dt0000000GyZH&ids=068SJ00001JvCnb&d=%2Fa%2FSJ00000BZ8PN%2FddXB59ImsH0skSclV6K7OcrIN097dpBP9nE1xH0WtwU&asPdf=false,STAUTZENBERGER COLLEGE,Ohio,0,43537,48a33ba8f7d3916f
93-R-0444,Class R - Research Facility,Carlsbad,0,10138,0,2026-07-01,7/1/2026,Pharmaron (San Diego) Lab Services LLC,0,https://aphis.file.force.com/sfc/dist/version/download/?oid=00Dt0000000GyZH&ids=068SJ00001IutVU&d=%2Fa%2FSJ00000BQ6Q1%2Fh4X5Ms_g96u__PT8SDdbALuBPc0xQI3AKJV.QN4mk1w&asPdf=false,Pharmaron (San Diego) Lab Services LLC,California,0,92010,19f9c2dbd239b953
91-R-0001,Class R - Research Facility,MESA,0,1016,0,2026-07-09,7/9/2026,University of Washington,0,https://aphis.file.force.com/sfc/dist/version/download/?oid=00Dt0000000GyZH&ids=068SJ00001JqgXa&d=%2Fa%2FSJ00000BYS6n%2F5JFptBBWCbEhiv1Tz1D0BFJqGUGoZtdnBDpkyE8v8GE&asPdf=false,University of Washington,Arizona,0,85215,06ac06d42b03434f
91-R-0001,Class R - Research Facility,SEATTLE,0,1016,0,2026-08-04,8/4/2026,University of Washington,0,https://aphis.file.force.com/sfc/dist/version/download/?oid=00Dt0000000GyZH&ids=068SJ00001NgYZ7&d=%2Fa%2FSJ00000CA4mb%2FPViY6OO3tP2sb9qlhrFfWpDZ82mA9MccpmGuvuYw83w&asPdf=false,University of Washington,Washington,0,98195,84b9f67b8bf75c9d
16-C-0085,Class C - Exhibitor,Danbury,0,10174,0,2026-06-17,6/17/2026,Stew Leonard's,0,https://aphis.file.force.com/sfc/dist/version/download/?oid=00Dt0000000GyZH&ids=068SJ00001H4l32&d=%2Fa%2FSJ00000B7UMQ%2FzPSCTOwpbs4AxcBplZHVR3jHDFOjQ2V0jHlR.I_z6KA&asPdf=false,Stew Leonard's,Connecticut,0,06811,e7fd79d233143fe9
91-R-0002,Class R - Research Facility,PULLMAN,0,1026,0,2026-08-05,8/5/2026,Washington State University,0,https://aphis.file.force.com/sfc/dist/version/download/?oid=00Dt0000000GyZH&ids=068SJ00001OLaC0&d=%2Fa%2FSJ00000CGVAb%2FEW0LfiIhqtNX33UR9xbKZGEZ8erYzBNqJTR3tZETtqU&asPdf=false,Pullman Campus,Washington,0,99164,d24b399e3ee3d45b
91-R-0084,Class R - Research Facility,PULLMAN,0,1028,0,2026-08-06,8/6/2026,VMRD Inc,2,https://aphis.file.force.com/sfc/dist/version/download/?oid=00Dt0000000GyZH&ids=068SJ00001OMbnW&d=%2Fa%2FSJ00000CGqLV%2F8MCbLWIvyp8M3HsVJlMwvNnsWvI4rzCjUptL4MDnq00&asPdf=false,VMRD Inc,Washington,0,99163,0cf7dfad5aa4514e
48-C-0176,Class C - Exhibitor,Paola,0,10287,0,2026-06-10,6/10/2026,Debra Henderson Jerry Henderson,0,https://aphis.file.force.com/sfc/dist/version/download/?oid=00Dt0000000GyZH&ids=068SJ00001GK6KU&d=%2Fa%2FSJ00000Azwe1%2FzggRWsxXqZSb2rcRyhkfVHs1RoLnQKanK4DVfE9jQ8w&asPdf=false,Debra L Henderson,Kansas,0,66071,adb3d78329b85d67
51-A-0028,Class A - Breeder,Joppa,0,10511,0,2026-07-24,7/24/2026,Anastasia Kruse-Kanyuck,0,https://aphis.file.force.com/sfc/dist/version/download/?oid=00Dt0000000GyZH&ids=068SJ00001M4Ngz&d=%2Fa%2FSJ00000BtMG5%2FWeoRFyak709lBmcGyI7Vi5aYl6Y10p_yXeEfVPcQLEQ&asPdf=false,Anastasia Kruse Kanyuck,Maryland,0,21085,8b16a43245696030
81-R-0001,Class R - Research Facility,MISSOULA,0,1067,0,2026-08-03,8/3/2026,University of Montana,0,https://aphis.file.force.com/sfc/dist/version/download/?oid=00Dt0000000GyZH&ids=068SJ00001NWPf9&d=%2Fa%2FSJ00000Ck8TV%2FW4MVjViOFsZeFakT4hKbhTpr4vN2Opkhix5gZuh9JL4&asPdf=false,UNIVERSITY OF MONTANA,Montana,0,59812,c0f599f9a054eb28
81-R-0002,Class R - Research Facility,BOZEMAN,0,1069,0,2026-08-04,8/4/2026,Montana State University,0,https://aphis.file.force.com/sfc/dist/version/download/?oid=00Dt0000000GyZH&ids=068SJ00001NVulE&d=%2Fa%2FSJ00000Ck7pB%2FZxGLdZ_rO2uBJQfrClDkWozBVWMs3oobvOfkFbHJtzM&asPdf=false,MONTANA STATE UNIVERSITY,Montana,0,59717,a56a821fc355eb39
21-C-0222,Class C - Exhibitor,Manhasset,0,10776,0,2026-07-29,7/29/2026,Science Museum of Long Island,0,https://aphis.file.force.com/sfc/dist/version/download/?oid=00Dt0000000GyZH&ids=068SJ00001MxMqZ&d=%2Fa%2FSJ00000C3Nh7%2F5TKXg.2zcMjNe_Nx.rU3e.JkKKBryFXX415yCPw09fQ&asPdf=false,Science Museum of Long Island,New York,0,11030,7225cd4f07139b2b
82-R-0016,Class R - Research Facility,POCATELLO,0,1078,0,2026-06-17,6/17/2026,Idaho State University,0,https://aphis.file.force.com/sfc/dist/version/download/?oid=00Dt0000000GyZH&ids=068SJ00001GzMep&d=%2Fa%2FSJ00000B6war%2FtOrz5DYsKqk8QqpnuvsEyMnUVszOaT9tskHWEx9tk1k&asPdf=false,IDAHO STATE UNIVERSITY,Idaho,0,83209,cbc3f2be9d3a4d16
82-R-0002,Class R - Research Facility,MOSCOW,0,1079,0,2026-08-25,8/25/2026,Regents Of The University Of Idaho,0,https://aphis.file.force.com/sfc/dist/version/download/?oid=00Dt0000000GyZH&ids=068SJ00001QQzGZ&d=%2Fa%2FSJ00000CZ4Rd%2F.3fzHMPKrgzAeNHIJOsuf4nJlEENbzxqfBG3XGzLFCY&asPdf=false,REGENTS OF THE UNIV. OF IDAHO,Idaho,0,83844,502c2b248bc88ebf
16-C-0157,Class C - Exhibitor,Killingworth,0,10815,0,2026-08-07,8/7/2026,Sherry Farquharson,0,https://aphis.file.force.com/sfc/dist/version/download/?oid=00Dt0000000GyZH&ids=068SJ00001NsiMn&d=%2Fa%2FSJ00000CCAzB%2F1l84yXz3pvjqG3v6WxjD.SPo4CY.yzTbiItYZuTWyXU&asPdf=false,Sherry Farquharson,Connecticut,0,06419,1d3d6437959ed10b
84-B-0072,Class B - Dealer,Denver,0,1086,0,2026-06-30,6/30/2026,Colorado Serum Company,0,https://aphis.file.force.com/sfc/dist/version/download/?oid=00Dt0000000GyZH&ids=068SJ00001IiJNU&d=%2Fa%2FSJ00000BNbzp%2F3tmyp0Y3Qbx_pUppjqYB.X06_cKSAJmtWFm3H.Mu8N8&asPdf=false,Colorado Serum Company,Colorado,0,80216,cfd1c57027d372e2
84-R-0007,Class R - Research Facility,Denver,0,1086,0,2026-06-30,6/30/2026,Colorado Serum Company,0,https://aphis.file.force.com/sfc/dist/version/download/?oid=00Dt0000000GyZH&ids=068SJ00001IiOgg&d=%2Fa%2FSJ00000BNc33%2FvjGDGP7rYElnPHiol_.6WIYHUVsqqhuJzu9GebC5ogk&asPdf=false,Colorado Serum Company,Colorado,0,80216,fce68b668729e318
21-R-0196,Class R - Research Facility,NEW YORK NEW YORK,0,10866,0,2026-07-30,7/30/2026,Suny State College Of Optometry,0,https://aphis.file.force.com/sfc/dist/version/download/?oid=00Dt0000000GyZH&ids=068SJ00001MoTq3&d=%2Fa%2FSJ00000C1qNR%2Fw0PZj5FpANsiNGUn8H2devBLIrdzfaM2AZBRY4K3HAk&asPdf=false,COLLEGE OF OPTOMETRY,New York,0,10036,2228b9fd0a254073
87-B-0020,Class B - Dealer,WEST VALLEY CITY,0,10892,0,2026-06-25,6/25/2026,Pets & Such,0,https://aphis.file.force.com/sfc/dist/version/download/?oid=00Dt0000000GyZH&ids=068SJ00001I9aOG&d=%2Fa%2FSJ00000BImiz%2FcBvVN9Lok_8cv0EUtBXa1vPOmaXejgMOTAdUoEJfCxU&asPdf=false,"PETS & SUCH, INC.",Utah,0,84120,03259aeabeae0a49
84-R-0012,Class R - Research Facility,GLENWOOD SPGS,0,1090,0,2026-06-22,6/22/2026,Colorado Mountain College,0,https://aphis.file.force.com/sfc/dist/version/download/?oid=00Dt0000000GyZH&ids=068SJ00001HaTCZ&d=%2Fa%2FSJ00000BCFY1%2F2vjrQH42mVdyL6dAuiOdr7TuoEsbN3AEAUSINO75KYk&asPdf=false,COLORADO MOUNTAIN COLLEGE,Colorado,0,81601,e872fc12c6b146d0
34-R-0151,Class R - Research Facility,DETROIT,0,111,0,2026-08-24,8/24/2026,Henry Ford Hospital,0,https://aphis.file.force.com/sfc/dist/version/download/?oid=00Dt0000000GyZH&ids=068SJ00001RomKl&d=%2Fa%2FSJ00000CmD2T%2FxJLv9nHjwBysbpOZuslaumcgaTVt4JzVFSvMg5kfz8c&asPdf=false,HENRY FORD HOSPITAL,Michigan,0,48202,429b2b551eec2d09
14-R-0017,Class R - Research Facility,BOSTON,0,112,0,2026-07-01,7/1/2026,Boston University,0,https://aphis.file.force.com/sfc/dist/version/download/?oid=00Dt0000000GyZH&ids=068SJ00001JDWoV&d=%2Fa%2FSJ00000BS2F4%2F0fUrZPZElFxq3nXYf8j3rOchPmxw5wvyb.2f3877IcA&asPdf=false,BOSTON UNIVERSITY MEDICAL SCHOOL,Massachusetts,0,02118,a930aaf73f91c018
58-C-1275,Class C - Exhibitor,Miami,0,11292,0,2026-08-28,8/28/2026,Zoological Wildlife Foundation Inc,0,https://aphis.file.force.com/sfc/dist/version/download/?oid=00Dt0000000GyZH&ids=068SJ00001QxEh5&d=%2Fa%2FSJ00000Ce97J%2FYxXTtiRkaX9Rjrs3.GwVKOea.NBsKOSvuRAv3r95t6U&asPdf=false,Zoological Wildlife Foundation Inc,Florida,0,33187,b5b97dd8b2fdaedf
58-C-1275,Class C - Exhibitor,Miami,0,11292,0,2026-08-28,8/28/2026,Zoological Wildlife Foundation Inc,0,https://aphis.file.force.com/sfc/dist/version/download/?oid=00Dt0000000GyZH&ids=068SJ00001QxFmn&d=%2Fa%2FSJ00000Ce8Hh%2F2hhuzpHHHQkrPhMELbi8J6S7Kr8c0cxlJLZfxe7JNQI&asPdf=false,Zoological Wildlife Foundation Inc,Florida,0,33187,3f1d632b3bf7e9c9
93-R-0163,Class R - Research Facility,SAN DIEGO,0,1146,0,2026-06-29,6/29/2026,Hubbs-SeaWorld Research Insitute,1,https://aphis.file.force.com/sfc/dist/version/download/?oid=00Dt0000000GyZH&ids=068SJ00001JcxWu&d=%2Fa%2FSJ00000BWT0X%2FSaxQgmOz29HxHan8MI_tZeeFOX7Ewk4TNgPxyeXdcYY&asPdf=false,HUBBS-SEA WORLD RESEARCH INSTITUTE,California,0,92109,ac692082238943d6
93-R-0131,Class R - Research Facility,SAN DIEGO,0,1150,0,2026-07-14,7/14/2026,University of San Diego,0,https://aphis.file.force.com/sfc/dist/version/download/?oid=00Dt0000000GyZH&ids=068SJ00001KzK1B&d=%2Fa%2FSJ00000BiiWr%2F63FWwtlnoNVkFFDFOd0QkKvySZIIfT5ytao2WYhqtIg&asPdf=false,UNIVERSITY OF SAN DIEGO,California,0,92110,718c944742927d6e
41-C-0239,Class C - Exhibitor,DULUTH,0,11504,0,2026-08-05,8/5/2026,Great Lakes Aquarium,0,https://aphis.file.force.com/sfc/dist/version/download/?oid=00Dt0000000GyZH&ids=068SJ00001NZOy4&d=%2Fa%2FSJ00000CjwIf%2FCV.MGPLwpclEJXYaSW52pETNTjhbw5napcG0mvJ9_1k&asPdf=false,GREAT LAKES AQUARIUM,Minnesota,0,55802,a91871dc9778d151
93-R-0121,Class R - Research Facility,IRVINE,0,1155,0,2026-06-17,6/17/2026,Edwards Lifesciences LLC,0,https://aphis.file.force.com/sfc/dist/version/download/?oid=00Dt0000000GyZH&ids=068SJ00001H0YNa&d=%2Fa%2FSJ00000B71PF%2FnjVsqXPQjEEXDMgmCBtrpFibGgU23AoNEm9CpDk6tDU&asPdf=false,EDWARDS LIFESCIENCES LLC,California,0,92614,12d693bee7a33fad
93-B-0221,Class B - Dealer,Maple Plains,0,1167,0,2026-07-01,7/1/2026,Beckman Coulter Inc.,0,https://aphis.file.force.com/sfc/dist/version/download/?oid=00Dt0000000GyZH&ids=068SJ00001IsZ39&d=%2Fa%2FSJ00000BPY9p%2FQq9Xy._XINzxpX0rGRZyW.ELl_hQ9K4U8ex4Im25RVI&asPdf=false,"BECKMAN COULTER, INC.",Minnesota,0,55359,feeaf016f08c1743
93-B-0221,Class B - Dealer,WINCHESTER,0,1167,0,2026-08-14,8/14/2026,Beckman Coulter Inc.,0,https://aphis.file.force.com/sfc/dist/version/download/?oid=00Dt0000000GyZH&ids=068SJ00001PJsIv&d=%2Fa%2FSJ00000CQAmP%2FYSXapYkitxm478EZf1CdTkFA0I07kt_gLXOKGGvvymU&asPdf=false,"BECKMAN COULTER, INC.",California,0,92596,da8bda603a445fd8
93-R-0074,Class R - Research Facility,MAPLE PLAIN,0,1167,0,2026-07-01,7/1/2026,Beckman Coulter Inc.,0,https://aphis.file.force.com/sfc/dist/version/download/?oid=00Dt0000000GyZH&ids=068SJ00001ItbNT&d=%2Fa%2FSJ00000BPY8D%2FGp87y7GRIC0wkmKbd1bcZqA7IokZ5erZKpkXfGamya0&asPdf=false,"BECKMAN COULTER, INC.",Minnesota,0,55359,aaccf02085a8d7e0
93-B-0266,Class B - Dealer,LA JOLLA,0,1169,0,2026-08-03,8/3/2026,Salk Institute For Biological Studies,0,https://aphis.file.force.com/sfc/dist/version/download/?oid=00Dt0000000GyZH&ids=068SJ00001NkiV6&d=%2Fa%2FSJ00000CAmFl%2FhMdmnb3prCFIcZbtRJx.NqDCn5FdJOmk1EOIE.vG2Tc&asPdf=false,Salk Institute For Biological Studies,California,0,92037,e4c1231e54f3d324
93-R-0066,Class R - Research Facility,LA JOLLA,0,1169,0,2026-08-03,8/3/2026,Salk Institute For Biological Studies,0,https://aphis.file.force.com/sfc/dist/version/download/?oid=00Dt0000000GyZH&ids=068SJ00001Nk0Ah&d=%2Fa%2FSJ00000CAkaX%2FBwbEaD0qQxqXAh0zaR_7_Q6zJcuTohJFezjqcG09peA&asPdf=false,SALK INSTITUTE FOR BIOLOGICAL STUDIES,California,0,92037,83594fef8189a227
88-C-0227,Class C - Exhibitor,Las Vegas,0,11767,0,2026-07-28,7/28/2026,Flamingo Las Vegas,0,https://aphis.file.force.com/sfc/dist/version/download/?oid=00Dt0000000GyZH&ids=068SJ00001MeF6f&d=%2Fa%2FSJ00000Bzpth%2FFmHklFYSBt.0LHmQrdxIQmXymp4g6tvEEHaICTMTNx4&asPdf=false,Flamingo Las Vegas,Nevada,0,89109,4b079f9cea48bca3
93-R-0032,Class R - Research Facility,LOS ANGELES,0,1179,0,2026-07-17,7/17/2026,Cedars-Sinai Medical Center,0,https://aphis.file.force.com/sfc/dist/version/download/?oid=00Dt0000000GyZH&ids=068SJ00001LGeN5&d=%2Fa%2FSJ00000Bl2eL%2FTfOhpEbXXbfvypeoCx4OjJS3czuZlZB46J8kTbMDUHg&asPdf=false,CEDARS-SINAI MEDICAL CENTER,California,0,90048,59ea08fcd3e7c0fb
93-R-0003,Class R - Research Facility,WEST SACRAMENTO,0,1183,0,2026-07-08,7/8/2026,Sutter Institute for Medical Research,0,https://aphis.file.force.com/sfc/dist/version/download/?oid=00Dt0000000GyZH&ids=068SJ00001K0i1r&d=%2Fa%2FSJ00000BaFyH%2FzQBK4UrX6LPVQuk1gtwiUvr9Fhboj0h3mTbvm08xMQY&asPdf=false,SUTTER INSTITUTE FOR MEDICAL RESEARCH,California,0,95691,6a8bac4b10bc6a6d
93-R-0020,Class R - Research Facility,LOS ANGELES,0,1185,0,2026-06-11,6/11/2026,University of Southern California,0,https://aphis.file.force.com/sfc/dist/version/download/?oid=00Dt0000000GyZH&ids=068SJ00001H0G7J&d=%2Fa%2FSJ00000B6zP3%2FMRV5vwoHg9jRzjidCz6IiPD.d0re1.JeT.cWJHLfF9s&asPdf=false,UNIVERSITY OF SOUTHERN CALIFORNIA,California,0,90089,d7cf51076e1b72a7
93-R-0016,Class R - Research Facility,TORRANCE,1,1189,0,2026-07-22,7/22/2026,Lundquist Institute For Biomedical Innovation,0,https://aphis.file.force.com/sfc/dist/version/download/?oid=00Dt0000000GyZH&ids=068SJ00001MUxTm&d=%2Fa%2FSJ00000BxwT3%2FVJ0YA_sUKN8vpBSfIzAMcooDkX4T0NJVRUfgwuezcL8&asPdf=false,LOS ANGELES BIOMEDICAL RESEARCH INSTITUTE,California,0,90502,d0b13ee596f65487
84-R-0003,Class R - Research Facility,FORT COLLINS,0,1195,0,2026-08-18,8/18/2026,Colorado State University,0,https://aphis.file.force.com/sfc/dist/version/download/?oid=00Dt0000000GyZH&ids=068SJ00001Pgitr&d=%2Fa%2FSJ00000CTWon%2FzbnxxVIfaZKB5FmL5W_O0eQ9_5RoHfE6ZrXhwmx1aU4&asPdf=false,COLORADO STATE UNIVERSITY,Colorado,0,80523,d069794bea4d058b
43-A-3264,Class A - Breeder,Hartville,0,12138,0,2026-06-29,6/29/2026,Rae Lynn Mercer,0,https://aphis.file.force.com/sfc/dist/version/download/?oid=00Dt0000000GyZH&ids=068SJ00001JEh6T&d=%2Fa%2FSJ00000BSBqD%2FXjtTMJrPGkOn1at_u7qUyIIY5Sk_DnQ4RA2ak8_lOpc&asPdf=false,Rae Lynn Mercer,Missouri,0,65667,55880950e5bdd8e5
91-T-0001,Class T - Carrier,San Diego,0,1223,0,2026-07-15,7/15/2026,Alaska Airlines,0,https://aphis.file.force.com/sfc/dist/version/download/?oid=00Dt0000000GyZH&ids=068SJ00001L01XY&d=%2Fa%2FSJ00000BijG1%2FbI8E3YJ_R7qdH4aFaRoqkF4dcDOYRoqiZepxq_dRNXs&asPdf=false,Alaska Airlines - SAN - San Diego International Airport,California,0,92101,0587d8c2c9834b3b
91-T-0001,Class T - Carrier,Anchorage,0,1223,0,2026-07-28,7/28/2026,Alaska Airlines,0,https://aphis.file.force.com/sfc/dist/version/download/?oid=00Dt0000000GyZH&ids=068SJ00001Mvbk2&d=%2Fa%2FSJ00000C2uon%2FU3gQ1fF7okdbNJd4bXdx2TRSiUrJq5SgG0IUNjzlMjc&asPdf=false,Alaska Airlines - ANC - Ted Stevens Anchorage International Airport,Alaska,0,99502,851aa5279ac9321e
91-T-0001,Class T - Carrier,Santa Ana,0,1223,0,2026-08-13,8/13/2026,Alaska Airlines,0,https://aphis.file.force.com/sfc/dist/version/download/?oid=00Dt0000000GyZH&ids=068SJ00001OrxC3&d=%2Fa%2FSJ00000CLz81%2FJWktcEsae4Gm7XT1FubTMQsWRiHJkMPQSRc3Tgin9Ss&asPdf=false,Alaska Airlines - SNA - John Wayne Airport,California,0,99262,8f2e20ecda53d6dc
91-T-0001,Class T - Carrier,Denver,0,1223,0,2026-08-17,8/17/2026,Alaska Airlines,0,https://aphis.file.force.com/sfc/dist/version/download/?oid=00Dt0000000GyZH&ids=068SJ00001P8ZRn&d=%2Fa%2FSJ00000CO7xV%2FEYGpHqTNJirA9rNypzu7XQMGt1ABODEJy61JrosBOKs&asPdf=false,Alaska Airlines - DEN - Denver International Airport,Colorado,0,80249,90c3991c3f304e2d
46-A-0309,Class A - Breeder,Mitchell,0,12819,0,2026-08-26,8/26/2026,Judy Theisse Steve Theisse,0,https://aphis.file.force.com/sfc/dist/version/download/?oid=00Dt0000000GyZH&ids=068SJ00001Qwvef&d=%2Fa%2FSJ00000CeCDF%2Fbt6vWmoD6ZxqkDDU.j39uUXlyjetvEa80fYnHzzbRy4&asPdf=false,Steve and Judy Theisse,South Dakota,0,57301,be0f2f7613e45910
43-A-4205,Class A - Breeder,Edgar Springs,0,12871,0,2026-06-29,6/29/2026,Elaine K Wilson,0,https://aphis.file.force.com/sfc/dist/version/download/?oid=00Dt0000000GyZH&ids=068SJ00001IXZds&d=%2Fa%2FSJ00000BLqLR%2FhNxbw3.3TLQAoWiht2hY4qEe7cWCO9IHQ5C8qz0bwQY&asPdf=false,Elaine K Wilson,Missouri,0,65462,8a8ddfceb607a5e3
35-R-0116,Class R - Research Facility,NEILLSVILLE,0,13171,0,2026-08-11,8/11/2026,Genesis Midwest LLC,0,https://aphis.file.force.com/sfc/dist/version/download/?oid=00Dt0000000GyZH&ids=068SJ00001Om2vv&d=%2Fa%2FSJ00000CKpsH%2Fo3tR1zozxfJ1pJfJCsXdLglij1q_G.5z9qL7hwwCDls&asPdf=false,"GENESIS MIDWEST, LLC",Wisconsin,0,54456,a4efd87ec8db9650
73-C-0144,Class C - Exhibitor,HUGO,0,13409,0,2026-07-23,7/23/2026,Key Equipment Company Inc,0,https://aphis.file.force.com/sfc/dist/version/download/?oid=00Dt0000000GyZH&ids=068SJ00001LsNGF&d=%2Fa%2FSJ00000BraDV%2FEQD_GA4ZIqJ0byH7RdENcq64fEyG89LfHV0q7GxRRT8&asPdf=false,Key Equipment Company Inc,Oklahoma,0,74743,3a8ab8870ab1fc47
72-R-0013,Class R - Research Facility,THIBODAUX,0,1391,0,2026-08-11,8/11/2026,Nicholls State University,0,https://aphis.file.force.com/sfc/dist/version/download/?oid=00Dt0000000GyZH&ids=068SJ00001OLKOu&d=%2Fa%2FSJ00000CGKjp%2FotYXbgEZ_Q2FkbCnEQaX6uy.JTYlmZUkVZLJ4ysN4_Y&asPdf=false,NICHOLLS STATE UNIVERSITY,Louisiana,0,70310,a16461f174a3d8c9
71-A-0789,Class A - Breeder,MARBLE FALLS,0,14076,0,2026-08-24,8/24/2026,Eddy and Carolyn Criner,0,https://aphis.file.force.com/sfc/dist/version/download/?oid=00Dt0000000GyZH&ids=068SJ00001QMLfr&d=%2Fa%2FSJ00000CY54n%2Ff8A8P8473ETd.f8p1ZP8TfIncyvW0XVnJVmL4ln7Ta8&asPdf=false,Eddy and Carolyn Criner,Arkansas,0,72648,13289cee30f423c3
74-R-0039,Class R - Research Facility,KINGSVILLE,0,1411,0,2026-08-04,8/4/2026,Texas A&M Univ. Health Science Center,0,https://aphis.file.force.com/sfc/dist/version/download/?oid=00Dt0000000GyZH&ids=068SJ00001NZJbi&d=%2Fa%2FSJ00000Cjyp7%2Fa_CwGkvHt47RA2QKfoETLEF5zyKGMfYKQIBm3aiKerY&asPdf=false,Texas A&M University System Health Science Center,Texas,0,78363,bffd954c2c8ef392
74-R-0018,Class R - Research Facility,HOUSTON,0,1412,0,2026-08-25,8/25/2026,Baylor College of Medicine,0,https://aphis.file.force.com/sfc/dist/version/download/?oid=00Dt0000000GyZH&ids=068SJ00001QbPbE&d=%2Fa%2FSJ00000Cafx0%2FNur4d481lGxEqbUpFPkVi9WDUUBEPL3uJN_ZiEf1hrg&asPdf=false,Baylor College of Medicine,Texas,0,77030,754444d5d2180a02
43-R-0014,Class R - Research Facility,COLBERT,0,1415,0,2026-06-26,6/26/2026,Boehringer Ingelheim Animal Health USA Inc,0,https://aphis.file.force.com/sfc/dist/version/download/?oid=00Dt0000000GyZH&ids=068SJ00001IAdyJ&d=%2Fa%2FSJ00000BIW6L%2F.xqWVnHPwh4nbwHk.fP6JkmLE5eq62JB93SX4eGCKwo&asPdf=false,GEORGIA RESEARCH CENTER,Georgia,0,30628,dfba846376fcb926
31-A-0298,Class A - Breeder,Casstown,0,14169,0,2026-07-23,7/23/2026,Doug Horn,0,https://aphis.file.force.com/sfc/dist/version/download/?oid=00Dt0000000GyZH&ids=068SJ00001Lq5aO&d=%2Fa%2FSJ00000Br76f%2F.Ns8BV9aPseMSzSm4h6ti2M2XZW30.a0Sq6qF4Z6naw&asPdf=false,Doug Horn,Ohio,0,45312,a56d3fd2beb74d79
48-R-0025,Class R - Research Facility,COLBY,0,1424,0,2026-08-27,8/27/2026,Colby Community College,0,https://aphis.file.force.com/sfc/dist/version/download/?oid=00Dt0000000GyZH&ids=068SJ00001QrxnX&d=%2Fa%2FSJ00000CdAtR%2Fa0W3w9ZOePcGUayeNzvL_2OVMfvP7cQqgvRbT_vwbiM&asPdf=false,Colby Community College,Kansas,0,67701,06aba11c56dd3cad
74-R-0054,Class R - Research Facility,LANCASTER,0,1427,0,2026-07-21,7/21/2026,Cedar Valley College,0,https://aphis.file.force.com/sfc/dist/version/download/?oid=00Dt0000000GyZH&ids=068SJ00001LXq9h&d=%2Fa%2FSJ00000BnxGj%2F91f2Qb66jO4Hx5_ry70qXO8emFXkRtq_ozVjO.l3DsI&asPdf=false,Cedar Valley College DBA Veterinary Technology,Texas,0,75134,b214882a51b6831e
14-R-0119,Class R - Research Facility,WOODS HOLE,0,143,0,2026-06-11,6/11/2026,Marine Biological Laboratory,0,https://aphis.file.force.com/sfc/dist/version/download/?oid=00Dt0000000GyZH&ids=068SJ00001GMWyr&d=%2Fa%2FSJ00000B0TN3%2F4xSDm1dFj39XnW1HbLnQ36vPx9ShmwbAyeLBZMIJXvU&asPdf=false,MARINE BIOLOGICAL LABORATORY,Massachusetts,0,02543,1f5c813108b34772
48-R-0107,Class R - Research Facility,LENEXA,0,14439,0,2026-07-17,7/17/2026,Biomune Company,0,https://aphis.file.force.com/sfc/dist/version/download/?oid=00Dt0000000GyZH&ids=068SJ00001L1UEM&d=%2Fa%2FSJ00000BjMZ7%2FurA53FOMc.QPXWe7OlSoJaO9Cfau5H.EgaUIJzxJHkc&asPdf=false,Biomune Company - LENEXA,Kansas,0,66215,2385dafb7e510014
43-R-0008,Class R - Research Facility,SAINT LOUIS,0,1444,0,2026-08-04,8/4/2026,Washington University,0,https://aphis.file.force.com/sfc/dist/version/download/?oid=00Dt0000000GyZH&ids=068SJ00001NYI4x&d=%2Fa%2FSJ00000Ck9Kj%2F4PNmdFz17EYG_PHDAp3GsZGUIl0hcoQnW0fA8wIQ6pI&asPdf=false,WASHINGTON UNIVERSITY,Missouri,0,63130,67246f513c2e1086
43-R-0054,Class R - Research Facility,SAINT JOSEPH,0,1445,0,2026-08-12,8/12/2026,Nestlé Purina Global Resources Inc,0,https://aphis.file.force.com/sfc/dist/version/download/?oid=00Dt0000000GyZH&ids=068SJ00001Ooraw&d=%2Fa%2FSJ00000CLQF7%2FjXnl9aqIW7uvxJKNqQoBoXigJGI7ZCOJre8Ww7wMhSQ&asPdf=false,"NESTLE PURINA GLOBAL RESOURCES, INC.",Missouri,0,64503,b7623a035f6fff79
72-R-0011,Class R - Research Facility,NEW ORLEANS,0,1447,0,2026-08-13,8/13/2026,Xavier University Of Louisiana,0,https://aphis.file.force.com/sfc/dist/version/download/?oid=00Dt0000000GyZH&ids=068SJ00001OfNUD&d=%2Fa%2FSJ00000CJrsv%2FEBfU6PN3KGaXgxyeGe_oJc9gVXsEsuTKsFLkhnLKOPw&asPdf=false,XAVIER UNIVERSITY OF LOUISIANA,Louisiana,0,70125,2715390be11757b3
74-R-0035,Class R - Research Facility,DALLAS,0,1448,0,2026-07-22,7/22/2026,Wellmark International,0,https://aphis.file.force.com/sfc/dist/version/download/?oid=00Dt0000000GyZH&ids=068SJ00001MEz89&d=%2Fa%2FSJ00000Buv6v%2FaiDR05bq06n8uFoWKarqL4fEAIfTzwedbL.qDxGNDRY&asPdf=false,WELLMARK INTERNATIONAL,Texas,0,75234,287904c4c400100a
74-R-0033,Class R - Research Facility,DENTON,0,1449,0,2026-07-22,7/22/2026,University of North Texas,1,https://aphis.file.force.com/sfc/dist/version/download/?oid=00Dt0000000GyZH&ids=068SJ00001Lgf4D&d=%2Fa%2FSJ00000BpiAM%2FZNc6cr7BMYbVHvuh_Ww_AaqsVUznHSEEjcfUyatbNDg&asPdf=false,University of North Texas,Texas,0,76203,58039f53db34224c
57-H-0119,Class H - Intermediate Handler,DENVER,0,14497,0,2026-08-17,8/17/2026,"Unifi Aviation, LLC",1,https://aphis.file.force.com/sfc/dist/version/download/?oid=00Dt0000000GyZH&ids=068SJ00001PpO4e&d=%2Fa%2FSJ00000CUbhZ%2FHc_DeoXkavrm0izHOK5tbhc2V3MaJTJzNtZCmWuBjfQ&asPdf=false,DEN,Colorado,0,80249,8b074d4912716ec5
74-R-0075,Class R - Research Facility,ARLINGTON,0,1452,0,2026-07-01,7/1/2026,University of Texas - Arlington,0,https://aphis.file.force.com/sfc/dist/version/download/?oid=00Dt0000000GyZH&ids=068SJ00001ItquO&d=%2Fa%2FSJ00000BPZyj%2FKAHcN9ONukdvIP5b_WkrgTFr9d2AvN4UJ6D0EhrniBk&asPdf=false,UNIVERSITY OF TEXAS AT ARLINGTON,Texas,0,76019,5b373c3e557e6083
74-R-0068,Class R - Research Facility,HOUSTON,0,1454,0,2026-08-21,8/21/2026,University of Texas,0,https://aphis.file.force.com/sfc/dist/version/download/?oid=00Dt0000000GyZH&ids=068SJ00001PrKTR&d=%2Fa%2FSJ00000CV4LN%2F4DHQl_ji3PZuAQiGWMZHkYSDaz8AaaanNMayws4cPIE&asPdf=false,University of Texas,Texas,0,77030,b44981ea7c11a527
74-R-0068,Class R - Research Facility,HOUSTON,0,1454,0,2026-08-21,8/21/2026,University of Texas,0,https://aphis.file.force.com/sfc/dist/version/download/?oid=00Dt0000000GyZH&ids=068SJ00001PrXtT&d=%2Fa%2FSJ00000CV01e%2FHNN7PJdfA_FPN5JaElY13FGIBDDqhKNR7B4ZCrsARHY&asPdf=false,University of Texas,Texas,0,77054,f03ffd6942e38bf5
74-R-0071,Class R - Research Facility,SAN ANTONIO,0,1455,0,2026-08-11,8/11/2026,University of Texas - Health Science Center at San Antonio,0,https://aphis.file.force.com/sfc/dist/version/download/?oid=00Dt0000000GyZH&ids=068SJ00001PDrMK&d=%2Fa%2FSJ00000COoET%2FVxeB_vLfxaH1eXnev4P54vmsO9DKd6GBl4lCME8QN.Y&asPdf=false,University of Texas,Texas,0,78284,91f3f032fb7fd006
48-R-0002,Class R - Research Facility,LAWRENCE,0,1459,0,2026-07-08,7/8/2026,University of Kansas,0,https://aphis.file.force.com/sfc/dist/version/download/?oid=00Dt0000000GyZH&ids=068SJ00001JdI1q&d=%2Fa%2FSJ00000BWatF%2FF1H.MjmyUt6OUZKTXM7pttDyl_d_4uCSC2DQOtJVtmw&asPdf=false,University of Kansas ANIMAL CARE UNIT,Kansas,0,66045,bf7edce26aa44a38
14-R-0096,Class R - Research Facility,BELMONT,0,146,0,2026-07-29,7/29/2026,McLean Hospital Corporation,1,https://aphis.file.force.com/sfc/dist/version/download/?oid=00Dt0000000GyZH&ids=068SJ00001NEmv6&d=%2Fa%2FSJ00000C5cfG%2FREgZXFhyghfnocq80aYVTeunfzFmag4HiNX_8NvCZQ4&asPdf=false,McLean Hospital,Massachusetts,0,02478,b1e4a655a4cc3f01
43-R-0047,Class R - Research Facility,KANSAS CITY,0,1462,0,2026-07-15,7/15/2026,University of Missouri - Kansas City,0,https://aphis.file.force.com/sfc/dist/version/download/?oid=00Dt0000000GyZH&ids=068SJ00001KhPdi&d=%2Fa%2FSJ00000Bg0Jq%2Fr3dIzVIZ86TbVcyaVP0miJujP6qNPTm0XkEbfrS9aXY&asPdf=false,UMKC HOSPITAL HILL CAMPUS LARC,Missouri,0,64108,acee1c30d314e4c9
74-R-0072,Class R - Research Facility,DALLAS,0,1464,0,2026-07-22,7/22/2026,University of Texas Southwestern Medical Center,0,https://aphis.file.force.com/sfc/dist/version/download/?oid=00Dt0000000GyZH&ids=068SJ00001LthNx&d=%2Fa%2FSJ00000Brf0H%2F8QHrzxYx4tp29sU.HD7C.rqO5.OCT2wohZ8OkQR92B0&asPdf=false,University of Texas,Texas,0,75235,79cc77472110adc2
72-R-0002,Class R - Research Facility,NEW ORLEANS,0,1467,0,2026-07-27,7/27/2026,Tulane University,0,https://aphis.file.force.com/sfc/dist/version/download/?oid=00Dt0000000GyZH&ids=068SJ00001MmrOE&d=%2Fa%2FSJ00000C1L6j%2Fp4hbqIPsp3OlqwYgxenH1oegPZmAKmZm7K.wB6wmkz4&asPdf=false,TULANE UNIVERSITY Downtown,Louisiana,0,70112,07c1a7066c192a0b
72-R-0002,Class R - Research Facility,COVINGTON,0,1467,0,2026-07-28,7/28/2026,Tulane University,0,https://aphis.file.force.com/sfc/dist/version/download/?oid=00Dt0000000GyZH&ids=068SJ00001NAiYn&d=%2Fa%2FSJ00000C52jp%2FuT_HQBo3AMtV5DlqyPqAFxa_K8vu4jB08Pb45unVxjs&asPdf=false,TULANE UNIVERSITY (NAT'L PRIMATE RES CTR),Louisiana,0,70433,f621293f58507434
72-R-0002,Class R - Research Facility,NEW ORLEANS,0,1467,0,2026-07-30,7/30/2026,Tulane University,0,https://aphis.file.force.com/sfc/dist/version/download/?oid=00Dt0000000GyZH&ids=068SJ00001MmI8t&d=%2Fa%2FSJ00000C1Lxx%2FM8sIh1Wvg5e8mOeNN0URVXwjq00Itm7tc8y4Q_jUoe8&asPdf=false,TULANE UNIVERSITY Uptown,Louisiana,0,70118,d06cbac52925c2c7
13-R-0011,Class R - Research Facility,FAIR HAVEN,0,14681,0,2026-08-03,8/3/2026,The Binding Site VT INC,0,https://aphis.file.force.com/sfc/dist/version/download/?oid=00Dt0000000GyZH&ids=068SJ00001PGD5p&d=%2Fa%2FSJ00000CPHjV%2FtM8GyOZypGl1o5FZ8gX3pHx0pEcD.pVnq.tQkz.E.Z4&asPdf=false,GOODRICH FARM,Vermont,0,05743,a136addf061e19cd
74-R-0073,Class R - Research Facility,GALVESTON,0,1469,0,2026-07-29,7/29/2026,University of Texas,0,https://aphis.file.force.com/sfc/dist/version/download/?oid=00Dt0000000GyZH&ids=068SJ00001MtL0a&d=%2Fa%2FSJ00000C2TOn%2FEh1hIWWlzJYkNXTiy55IrAYlYvr9U7lQp6YKC74p4mc&asPdf=false,University of Texas    Medical Branch at Galveston,Texas,0,77555,ac4362bf4908029c
74-R-0066,Class R - Research Facility,RICHARDSON,0,1472,0,2026-07-24,7/24/2026,University of Texas-Dallas,0,https://aphis.file.force.com/sfc/dist/version/download/?oid=00Dt0000000GyZH&ids=068SJ00001MHK7G&d=%2Fa%2FSJ00000Bvdfp%2FNrVhqL3JLSm6rLKZ7BSn3Ztne1yAR_tyGPWg0HK0vEQ&asPdf=false,UNIVERSITY OF TEXAS-DALLAS,Texas,0,75044,37c5149e4dd7a477
74-R-0065,Class R - Research Facility,HOUSTON,0,1476,0,2026-08-20,8/20/2026,University of Texas - M.D. Anderson Cancer Center,0,https://aphis.file.force.com/sfc/dist/version/download/?oid=00Dt0000000GyZH&ids=068SJ00001PrRXu&d=%2Fa%2FSJ00000CV3dp%2FV5MfVh1uAR5B_KfvNXu6qWiJQIferkBKii2ZWPgzb.Y&asPdf=false,UNIVERSITY OF TEXAS - M.D. Anderson Cancer Center,Texas,0,77030,fb827757e5c4ac22
74-R-0078,Class R - Research Facility,TYLER,0,1477,0,2026-08-19,8/19/2026,University of Texas,0,https://aphis.file.force.com/sfc/dist/version/download/?oid=00Dt0000000GyZH&ids=068SJ00001PelSv&d=%2Fa%2FSJ00000CSuLK%2FWa_vT61q4kEXqgTA4DEBVqJ5M4N58pfdyNNtWOK9Ml8&asPdf=false,UNIVERSITY OF TEXAS,Texas,0,75708,4e3db0c192c1ad4b
74-R-0108,Class R - Research Facility,LUBBOCK,0,1480,0,2026-07-15,7/15/2026,Texas Tech University,0,https://aphis.file.force.com/sfc/dist/version/download/?oid=00Dt0000000GyZH&ids=068SJ00001KogL7&d=%2Fa%2FSJ00000Bgorh%2FHFdo_nDt3ikDCH20RN7nmL5Q06PguGPlwL43hs2dKM8&asPdf=false,TEXAS TECH UNIVERSITY,Texas,0,79409,e50350015cbf76eb
74-R-0108,Class R - Research Facility,Amarillo,0,1480,0,2026-08-27,8/27/2026,Texas Tech University,0,https://aphis.file.force.com/sfc/dist/version/download/?oid=00Dt0000000GyZH&ids=068SJ00001QmTF0&d=%2Fa%2FSJ00000CcYHt%2Ff64GMJ5yGk2MKPI4ElAVRZ1uB9OkYMBK1_u8Mkkfduk&asPdf=false,Texas Tech School of Veterinary Medicine,Texas,0,79106,0ed2d7c140c36de0
58-C-0942,Class C - Exhibitor,NAPLES,0,14803,0,2026-08-04,8/4/2026,Kowiachobee Animal Preserve Inc,0,https://aphis.file.force.com/sfc/dist/version/download/?oid=00Dt0000000GyZH&ids=068SJ00001RZof2&d=%2Fa%2FSJ00000CkBpZ%2FYo7ak0ZBliInLYEndzMchkwssBGRo8lJF62fWgLusFM&asPdf=false,KOWIACHOBEE ANIMAL PRESERVE INC,Florida,0,34117,161ee8f9a81022c3
58-C-0942,Class C - Exhibitor,NAPLES,0,14803,0,2026-08-04,8/4/2026,Kowiachobee Animal Preserve Inc,0,https://aphis.file.force.com/sfc/dist/version/download/?oid=00Dt0000000GyZH&ids=068SJ00001RbSGh&d=%2Fa%2FSJ00000CkBG5%2F6RAoLQsur.WjtwU_7e1ek9nW58xzaZ9MagSWbG6uOMk&asPdf=false,KOWIACHOBEE ANIMAL PRESERVE INC,Florida,0,34117,9a753c35482813a9
74-R-0040,Class R - Research Facility,DENTON,0,1482,0,2026-07-22,7/22/2026,Texas Woman’s University,2,https://aphis.file.force.com/sfc/dist/version/download/?oid=00Dt0000000GyZH&ids=068SJ00001MOinZ&d=%2Fa%2FSJ00000BwcEf%2FdodGK8ErD7Bt.9Sjg_AvshhIPIo.PWtq36iBf2Wy_Eo&asPdf=false,TEXAS WOMANS UNIVERSITY,Texas,0,76204,c23287a8601194f4
72-R-0003,Class R - Research Facility,BATON ROUGE,0,1484,0,2026-08-17,8/17/2026,Louisiana State University System,0,https://aphis.file.force.com/sfc/dist/version/download/?oid=00Dt0000000GyZH&ids=068SJ00001PzLK2&d=%2Fa%2FSJ00000CVllJ%2F2PrUc233.iH2W0uEq3DNhoKYORmlK5ROFvzglx9djYQ&asPdf=false,LSU Vet School,Louisiana,0,70803,b93be9c34b975b43
72-R-0003,Class R - Research Facility,SAINT GABRIEL,0,1484,0,2026-08-17,8/17/2026,Louisiana State University System,0,https://aphis.file.force.com/sfc/dist/version/download/?oid=00Dt0000000GyZH&ids=068SJ00001QHzFh&d=%2Fa%2FSJ00000CXaIj%2FDS2B_X.P_bjuxWxCTewyxb2mKCKwi7ID79LSDwJYP58&asPdf=false,LSU Agricultural Center,Louisiana,0,70803,fdf20a6523c6c1bd
72-R-0003,Class R - Research Facility,BATON ROUGE,0,1484,0,2026-08-19,8/19/2026,Louisiana State University System,0,https://aphis.file.force.com/sfc/dist/version/download/?oid=00Dt0000000GyZH&ids=068SJ00001PzICY&d=%2Fa%2FSJ00000CVlq9%2F5Ao5u1sow5YMTfh4jdJ1rTVQksTbouz5Hj0XCw08wfg&asPdf=false,Pennington Biomedical Research Center,Louisiana,0,70808,5c1f42193ea977d7
72-R-0003,Class R - Research Facility,NEW ORLEANS,0,1484,0,2026-08-25,8/25/2026,Louisiana State University System,0,https://aphis.file.force.com/sfc/dist/version/download/?oid=00Dt0000000GyZH&ids=068SJ00001Qb8ow&d=%2Fa%2FSJ00000Caeo1%2FrE5F.77LeH30VJdiKG.yHA9WqEEzroGShxcILYZ8FmQ&asPdf=false,LSU Med School,Louisiana,0,70112,ad43277399c0e8b5
72-R-0003,Class R - Research Facility,NEW ORLEANS,0,1484,0,2026-08-26,8/26/2026,Louisiana State University System,0,https://aphis.file.force.com/sfc/dist/version/download/?oid=00Dt0000000GyZH&ids=068SJ00001Qc0Fg&d=%2Fa%2FSJ00000Cagxt%2FViYw9xuy_.2EKQKI3vWNk3Td0U8wos.j4XiCp2aLg28&asPdf=false,LSU Dental School,Louisiana,0,70119,743bf67224fe7d89
72-R-0016,Class R - Research Facility,NEW ORLEANS,0,1486,0,2026-07-31,7/31/2026,LOYOLA UNIVERSITY,0,https://aphis.file.force.com/sfc/dist/version/download/?oid=00Dt0000000GyZH&ids=068SJ00001MtYSH&d=%2Fa%2FSJ00000C2SAz%2FPlmBT7oFI8mNuGVvImQ7LMazj6MfpIEoyuzmhSg433M&asPdf=false,LOYOLA UNIVERSITY,Louisiana,0,70118,007004c92ff83812
22-C-0149,Class C - Exhibitor,Jackson,0,14869,0,2026-07-31,7/31/2026,Sherry Cella,0,https://aphis.file.force.com/sfc/dist/version/download/?oid=00Dt0000000GyZH&ids=068SJ00001N0St3&d=%2Fa%2FSJ00000C3kll%2FjG69LtunzQmRZy_P_6DN2ZovBWuVp99Pn1cz4kBpiOg&asPdf=false,Sherry Cella,New Jersey,0,08527,40d393a970968dbb
72-R-0019,Class R - Research Facility,HARVEY,0,1492,0,2026-08-12,8/12/2026,BAROMEDICAL RESEARCH INSTITUTE,1,https://aphis.file.force.com/sfc/dist/version/download/?oid=00Dt0000000GyZH&ids=068SJ00001OVm5Y&d=%2Fa%2FSJ00000CIKJ7%2F55koQWNFHj1N3rlHLXvEN_FsE1AYkiiiRpB79AD7Zow&asPdf=false,BAROMEDICAL RESEARCH INSTITUTE,Louisiana,0,70058,0b17cf268d6918fa
72-R-0019,Class R - Research Facility,HARVEY,0,1492,0,2026-08-27,8/27/2026,BAROMEDICAL RESEARCH INSTITUTE,0,https://aphis.file.force.com/sfc/dist/version/download/?oid=00Dt0000000GyZH&ids=068SJ00001QmS7f&d=%2Fa%2FSJ00000CcNw1%2FY.P.f_jpJQQJEaEy8p0A4Q8X22U7i2dboNZTTpEeIWA&asPdf=false,BAROMEDICAL RESEARCH INSTITUTE,Louisiana,0,70058,1178948bcdfc80ab
74-R-0094,Class R - Research Facility,KINGSVILLE,0,1497,0,2026-08-04,8/4/2026,Texas A & M University-Kingsville,0,https://aphis.file.force.com/sfc/dist/version/download/?oid=00Dt0000000GyZH&ids=068SJ00001O7MiN&d=%2Fa%2FSJ00000CE1gT%2FeQN6HRmytAz2PvWuL4TyNZQ0jImhW73RTnOCojDXSb0&asPdf=false,Texas A & M University-Kingsville,Texas,0,78363,2b1d77fbf11b2cfa
74-R-0233,Class R - Research Facility,UVALDE,0,1498,0,2026-07-30,7/30/2026,Texas A&M AgriLife Research,1,https://aphis.file.force.com/sfc/dist/version/download/?oid=00Dt0000000GyZH&ids=068SJ00001OU7x3&d=%2Fa%2FSJ00000CHsbN%2FlfTpTHbzmmn3P09eglQr8qOeZMolpRcnXkI27PphYg8&asPdf=false,TEXAS A & M AGRILIFE RESEARCH,Texas,0,78801,580cd1eb6104bfea
74-R-0046,Class R - Research Facility,FORT WORTH,0,1501,0,2026-06-11,6/11/2026,Texas Christian University,0,https://aphis.file.force.com/sfc/dist/version/download/?oid=00Dt0000000GyZH&ids=068SJ00001Gevty&d=%2Fa%2FSJ00000B39Mz%2FUIq4biZvzDXNA0X3LEdh0VmHg3Cx9dyeJu3FA8duFUc&asPdf=false,TEXAS CHRISTIAN UNIVERSITY,Texas,0,76129,3c7f0a854717ec40
43-R-0011,Class R - Research Facility,SAINT LOUIS,0,1507,0,2026-06-18,6/18/2026,Saint Louis University,0,https://aphis.file.force.com/sfc/dist/version/download/?oid=00Dt0000000GyZH&ids=068SJ00001H7T7w&d=%2Fa%2FSJ00000B8HoX%2FjRVozIMc8WC5NfhTDNF8Gjq3wRNrDdWII5eNvFzgMvA&asPdf=false,ST LOUIS UNIVERSITY,Missouri,0,63104,a0c05b4b52f87634
74-C-0523,Class C - Exhibitor,PASADENA,0,15094,0,2026-07-17,7/17/2026,Armand Bayou Nature Center,0,https://aphis.file.force.com/sfc/dist/version/download/?oid=00Dt0000000GyZH&ids=068SJ00001LWCHk&d=%2Fa%2FSJ00000BnjfB%2FhK1rgKzGZl0JIx4PpMM29kLABiwbE1SOTNLPP_Zznz0&asPdf=false,Armand Bayou Nature Center,Texas,0,77507,26e8f99f52f013f3
74-R-0003,Class R - Research Facility,SAN ANTONIO,0,1512,0,2026-06-29,6/29/2026,Texas Biomedical Research Institute,1,https://aphis.file.force.com/sfc/dist/version/download/?oid=00Dt0000000GyZH&ids=068SJ00001JQerR&d=%2Fa%2FSJ00000BUgbN%2FZX26P8yiNMBQqUxN4ZhuieEbmXnLI1y8yNGOqmcyawA&asPdf=false,Texas Biomedical Research Institute,Texas,0,78227,269ae72d080e638b
74-C-0633,Class C - Exhibitor,Austin,0,15304,0,2026-06-17,6/17/2026,Bobbi Colorado,1,https://aphis.file.force.com/sfc/dist/version/download/?oid=00Dt0000000GyZH&ids=068SJ00001H7l3S&d=%2Fa%2FSJ00000B8dyj%2FU05B7eUthzm_qEvdwVeaK_3VLc60ThgjxT0sLT60Efw&asPdf=false,Bobbi Colorado,Texas,0,78737,39ad48ab2fa96972
93-R-0464,Class R - Research Facility,LEBANON,0,15322,0,2026-07-01,7/1/2026,Western University of Health Sciences,0,https://aphis.file.force.com/sfc/dist/version/download/?oid=00Dt0000000GyZH&ids=068SJ00001IlgLy&d=%2Fa%2FSJ00000BOO1F%2Fkg9Gv3dLiGGMK_eXl5KDVHM6btmMBc1J7dCdStyTr60&asPdf=false,WESTERN UNIVERSITY OF HEALTH SCIENCES,Oregon,0,97355,f23c03ef467e9d84
74-T-0007,Class T - Carrier,SAN DIEGO,0,1538,0,2026-07-15,7/15/2026,American Airlines Inc,0,https://aphis.file.force.com/sfc/dist/version/download/?oid=00Dt0000000GyZH&ids=068SJ00001KzSN4&d=%2Fa%2FSJ00000Bijnt%2FmqWNrA.XSBhzs71CqOaIfc1F_CCzgbQDWjo5IhfSgNI&asPdf=false,AMERICAN AIRLINES INC.,California,0,92101,a31e468c55f12578
47-R-0002,Class R - Research Facility,OMAHA,0,1543,0,2026-07-01,7/1/2026,Creighton University,0,https://aphis.file.force.com/sfc/dist/version/download/?oid=00Dt0000000GyZH&ids=068SJ00001ItORx&d=%2Fa%2FSJ00000BPXAX%2Fr7wr9nAbn6O4Excbf9P4lUo1GOJDsGlfZFT11a1aMEc&asPdf=false,CREIGHTON UNIVERSITY,Nebraska,0,68178,d24e76f8c3c42911
14-R-0128,Class R - Research Facility,CAMBRIDGE,0,156,0,2026-07-31,7/31/2026,Harvard University,0,https://aphis.file.force.com/sfc/dist/version/download/?oid=00Dt0000000GyZH&ids=068SJ00001NF4rx&d=%2Fa%2FSJ00000C5sAX%2F6qhqcj5qeWAq24i2qRS88VQltrTxF2kVswGne4ig6dc&asPdf=false,HARVARD UNIVERSITY,Massachusetts,0,02138,85c8676d9cd3b9fb
34-C-0347,Class C - Exhibitor,GAYLORD,0,15600,0,2026-07-08,7/8/2026,City of Gaylord,0,https://aphis.file.force.com/sfc/dist/version/download/?oid=00Dt0000000GyZH&ids=068SJ00001Jgx0M&d=%2Fa%2FSJ00000BX1v3%2FohbwS75ADUIQUlot131TujVFff26oTpeunH_o9fdlow&asPdf=false,CITY OF GAYLORD,Michigan,0,49735,0033d409c0c1e593
45-R-0002,Class R - Research Facility,FARGO,0,1565,0,2026-07-27,7/27/2026,North Dakota State University,0,https://aphis.file.force.com/sfc/dist/version/download/?oid=00Dt0000000GyZH&ids=068SJ00001NBk52&d=%2Fa%2FSJ00000C55rN%2FnZmVNnhPan9Y6ZaK3Uj4bQgOkfk2MC5R.VNkDZKzOUI&asPdf=false,NORTH DAKOTA STATE UNIVERSITY,North Dakota,0,58108,6d2d572103809e9c
42-R-0004,Class R - Research Facility,Iowa City,0,1576,0,2026-07-14,7/14/2026,University Of Iowa,0,https://aphis.file.force.com/sfc/dist/version/download/?oid=00Dt0000000GyZH&ids=068SJ00001Kxqa3&d=%2Fa%2FSJ00000BiFxt%2FctUuj_bharqSOyVfHqOaHChGXz7KXFXdRO0g50QP3Ao&asPdf=false,University Of Iowa,Iowa,0,52242,055bf810d1d3d3a7
74-R-0146,Class R - Research Facility,HUNT,0,1592,0,2026-08-20,8/20/2026,Texas Parks & Wildlife Department,0,https://aphis.file.force.com/sfc/dist/version/download/?oid=00Dt0000000GyZH&ids=068SJ00001Pg2LG&d=%2Fa%2FSJ00000CTUdJ%2F7pII3kUTypQEE4ysN5fzALt4TIhW4X83qwR0YRPcq4c&asPdf=false,TEXAS PARKS & WILDLIFE DEPT,Texas,0,78024,3f9daed234af1daf
33-C-0507,Class C - Exhibitor,Godley,0,16331,0,2026-07-13,7/13/2026,Godley Park District,0,https://aphis.file.force.com/sfc/dist/version/download/?oid=00Dt0000000GyZH&ids=068SJ00001KcNO8&d=%2Fa%2FSJ00000Betdn%2F9lOHzo4aAtSWTDL40raehSBagOYufCuLcn2hns_tdP4&asPdf=false,Godley Park District,Illinois,0,60407,5b92bb1cecd01af9
63-C-0153,Class C - Exhibitor,Sevierville,0,16346,0,2026-07-30,7/30/2026,Rainforest Adventures Inc,0,https://aphis.file.force.com/sfc/dist/version/download/?oid=00Dt0000000GyZH&ids=068SJ00001MsPpK&d=%2Fa%2FSJ00000C2IGT%2F74HTIgEerLG_iEnRh3kyDR3RcyyVDK89UODEG_NvCXI&asPdf=false,Rainforest Adventures Inc,Tennessee,0,37862,1386c3df0bcd35d2
63-C-0153,Class C - Exhibitor,Sevierville,0,16346,0,2026-08-06,8/6/2026,Rainforest Adventures Inc,0,https://aphis.file.force.com/sfc/dist/version/download/?oid=00Dt0000000GyZH&ids=068SJ00001NpqTm&d=%2Fa%2FSJ00000CBUjr%2FaBMJ9MwrpDLQY0_zQDk3jhqcApK5pHCRlwQQgr_5GQk&asPdf=false,Rainforest Adventures Inc,Tennessee,0,37862,f8204742c6f3fca5
46-A-0331,Class A - Breeder,TEA,0,16354,0,2026-06-25,6/25/2026,Rick Klinkhammer,1,https://aphis.file.force.com/sfc/dist/version/download/?oid=00Dt0000000GyZH&ids=068SJ00001HysWS&d=%2Fa%2FSJ00000BGQ1p%2FaM2l6bY.tJ9z0axpbdaLbX6KxWxmolrKPrO7BY4KEBE&asPdf=false,RICK KLINKHAMMER,South Dakota,0,57064,b54c6ea31400687c
46-A-0331,Class A - Breeder,TEA,0,16354,0,2026-07-10,7/10/2026,Rick Klinkhammer,0,https://aphis.file.force.com/sfc/dist/version/download/?oid=00Dt0000000GyZH&ids=068SJ00001K0Xhd&d=%2Fa%2FSJ00000BZzbn%2FQrqAPdxxS2F4KzwwdtGOE7CcHwtQgPUqjOW7SgmuWjU&asPdf=false,RICK KLINKHAMMER,South Dakota,0,57064,9b265c31efd4699c
73-A-2657,Class A - Breeder,Coalgate,0,16411,0,2026-07-21,7/21/2026,Ben Troyer Emma Troyer,0,https://aphis.file.force.com/sfc/dist/version/download/?oid=00Dt0000000GyZH&ids=068SJ00001LW2Oj&d=%2Fa%2FSJ00000BngML%2FTHpz..dsQnKII_pRLuDKzLJZCgrOuhybIscZ7acYAVU&asPdf=false,Ben Troyer Emma Troyer,Oklahoma,0,74538,229e635927d152e0
12-R-0001,Class R - Research Facility,HANOVER,0,166,0,2026-06-17,6/17/2026,Trustees Of Dartmouth College,0,https://aphis.file.force.com/sfc/dist/version/download/?oid=00Dt0000000GyZH&ids=068SJ00001H7lEf&d=%2Fa%2FSJ00000B8arB%2F1tMQG9xbbBXQNzuVnSCepg.o2Tf_Psm1I4XvIuF1re4&asPdf=false,DARTMOUTH COLLEGE-ARC MOORE,New Hampshire,0,03755,8078e6fc7c5f6001
21-R-0256,Class R - Research Facility,RICHMOND,0,1662,0,2026-08-11,8/11/2026,University Of Richmond,1,https://aphis.file.force.com/sfc/dist/version/download/?oid=00Dt0000000GyZH&ids=068SJ00001OlvPg&d=%2Fa%2FSJ00000CKmcf%2FYXBe1t6aAyMAH5siUeG7ZBxat2Apob43_1Wwe4sJNgc&asPdf=false,UNIVERSITY OF RICHMOND,Virginia,0,23173,611a60e58e1da928
43-C-0212,Class C - Exhibitor,KANSAS CITY,0,16708,0,2026-07-13,7/13/2026,Friends of The Zoo Inc,0,https://aphis.file.force.com/sfc/dist/version/download/?oid=00Dt0000000GyZH&ids=068SJ00001Kn0Fn&d=%2Fa%2FSJ00000BgRof%2FXb8YH30f9D8ov7wQPgGEtPextTkKuKlzL5VoH0KQHU8&asPdf=false,Friends of The Zoo Inc,Missouri,0,64132,243707c4950e5fdc
43-C-0212,Class C - Exhibitor,KANSAS CITY,0,16708,0,2026-08-19,8/19/2026,Friends of The Zoo Inc,0,https://aphis.file.force.com/sfc/dist/version/download/?oid=00Dt0000000GyZH&ids=068SJ00001QbhbN&d=%2Fa%2FSJ00000CanEb%2FVNEkByQThdD91Izxvyj199GWpEUWFwCqTUw5jiNJJKk&asPdf=false,Friends of The Zoo Inc,Missouri,0,64132,8c6570f96fabf073
48-A-1736,Class A - Breeder,PITTSBURG,0,16782,0,2026-07-02,7/2/2026,Jennifer Turner,0,https://aphis.file.force.com/sfc/dist/version/download/?oid=00Dt0000000GyZH&ids=068SJ00001IvTKL&d=%2Fa%2FSJ00000BQ4ZV%2F.uBRbuLx8Yx9va.siVYlC2SIHIIjkPc0ryxCQw4mow4&asPdf=false,Jennifer Turner,Kansas,0,66762,eecaf672d5c05184
22-R-0028,Class R - Research Facility,NEW BRUNSWICK,0,168,0,2026-08-17,8/17/2026,Bristol Myers Squibb Company,0,https://aphis.file.force.com/sfc/dist/version/download/?oid=00Dt0000000GyZH&ids=068SJ00001PdTI1&d=%2Fa%2FSJ00000CT1Ur%2FHBnvVT6KVK_eswuLTHWSUEsj8_XMNM1PVEiYy661HBo&asPdf=false,BRISTOL MYERS SQUIBB COMPANY,New Jersey,0,08902,50e9c5c4245affc1
96-R-0005,Class R - Research Facility,SEWARD,0,1693,0,2026-07-27,7/27/2026,Seward Association for the Advancement of Marine Science (SAAMS),0,https://aphis.file.force.com/sfc/dist/version/download/?oid=00Dt0000000GyZH&ids=068SJ00001MKzwg&d=%2Fa%2FSJ00000Bw1Td%2FRkhSnJN298EAeAtoeshnDhJBy8wVEQmKk8rcRTosLl0&asPdf=false,ALASKA SEALIFECENTER,Alaska,0,99664,b2799b65922368c7
23-C-0402,Class C - Exhibitor,Port Matilda,0,17140,0,2026-08-18,8/18/2026,Centre Wildlife Care,0,https://aphis.file.force.com/sfc/dist/version/download/?oid=00Dt0000000GyZH&ids=068SJ00001PdFtP&d=%2Fa%2FSJ00000CSzUg%2FsPDMsPhE.sCTXmNWlqf7EV47CxEA0ZQ9yloLbc3rNxE&asPdf=false,Centre Wildlife Care,Pennsylvania,0,16870,60ce991839fc22c0
63-R-0116,Class R - Research Facility,DRESDEN,0,17184,0,2026-07-21,7/21/2026,Neotech LLC,0,https://aphis.file.force.com/sfc/dist/version/download/?oid=00Dt0000000GyZH&ids=068SJ00001LnokD&d=%2Fa%2FSJ00000BqNgY%2FXW8SCgJpeyEBvgxSIg9zlVp2KtZGoziQJEAVqOr0rDc&asPdf=false,NEOTECH LLC,Tennessee,0,38225,d5a841cf31c26eae
91-R-0051,Class R - Research Facility,YAKIMA,0,1722,0,2026-06-23,6/23/2026,Yakima Valley College,0,https://aphis.file.force.com/sfc/dist/version/download/?oid=00Dt0000000GyZH&ids=068SJ00001HrG9G&d=%2Fa%2FSJ00000BFWSf%2FjJwCLVvPlc_yLCkHV.eCEtSTE1nl0bfSjkJSi0l2Yvs&asPdf=false,YAKIMA VALLEY COLLEGE,Washington,0,98902,858827a5a1dec413
43-A-6862,Class A - Breeder,HUGHESVILLE,0,17400,0,2026-08-26,8/26/2026,Sherry Banner,0,https://aphis.file.force.com/sfc/dist/version/download/?oid=00Dt0000000GyZH&ids=068SJ00001Rxmbf&d=%2Fa%2FSJ00000CnRPy%2F6jXYP30p8Qqb6ISyn1QqE28Ys2hQ7q5Nmmr4arO6Uv0&asPdf=false,Sherry Banner,Missouri,0,65334,a50dbb401a03caef
93-C-0850,Class C - Exhibitor,ROSAMOND,0,17406,0,2026-06-16,6/16/2026,Diana Frieling,0,https://aphis.file.force.com/sfc/dist/version/download/?oid=00Dt0000000GyZH&ids=068SJ00001I157j&d=%2Fa%2FSJ00000BGppp%2FB8J0eDHm.7oYrOTOBzNNWLvTYC4Zyarepo8.vj_qlBA&asPdf=false,DIANA FRIELING,California,0,93560,0db3ad58a41aac96
93-T-0454,Class T - Carrier,BURLINGAME,0,17522,0,2026-07-28,7/28/2026,China Eastern Airlines,0,https://aphis.file.force.com/sfc/dist/version/download/?oid=00Dt0000000GyZH&ids=068SJ00001MwkV7&d=%2Fa%2FSJ00000C32ny%2F3suQNcAwC6GRFFAEz_ttaDJnWIZKCiFO9vrfV.TbllQ&asPdf=false,CHINA EASTERN AIRLINES,California,0,94010,7f2c804636e9de99
91-C-0087,Class C - Exhibitor,SEATTLE,0,17547,0,2026-06-25,6/25/2026,Woodland Park Zoo,0,https://aphis.file.force.com/sfc/dist/version/download/?oid=00Dt0000000GyZH&ids=068SJ00001ICrk4&d=%2Fa%2FSJ00000BIvSv%2Fg5_7jwbPPPSq9ZEwERPRrv1_0mvM8cWxZKzkXKKHESo&asPdf=false,Woodland Park Zoo,Washington,0,98103,90105ea223bfe864
74-R-0223,Class R - Research Facility,LINDALE,0,1759,0,2026-08-19,8/19/2026,Tyler Junior College,0,https://aphis.file.force.com/sfc/dist/version/download/?oid=00Dt0000000GyZH&ids=068SJ00001Pdui8&d=%2Fa%2FSJ00000CT6kf%2F55Iy70cA_zm1a02aYuB5BPLCTtHAb6o._8ZLz7d2.NI&asPdf=false,TYLER JUNIOR COLLEGE,Texas,0,75771,29f110b0ee330e91
73-A-1820,Class A - Breeder,SAYRE,0,17688,0,2026-06-30,6/30/2026,Carol Haley,0,https://aphis.file.force.com/sfc/dist/version/download/?oid=00Dt0000000GyZH&ids=068SJ00001IiJNq&d=%2Fa%2FSJ00000BNgHx%2FN0_KVIo.4bfPjuPTt95JSHlj6BHXlR0C.3nJwoA7CqQ&asPdf=false,CAROL HALEY,Oklahoma,0,73662,d42e27e847ba5e3e
22-R-0025,Class R - Research Facility,PISCATAWAY,0,177,0,2026-08-19,8/19/2026,Rutgers State University of NJ,0,https://aphis.file.force.com/sfc/dist/version/download/?oid=00Dt0000000GyZH&ids=068SJ00001PeJbR&d=%2Fa%2FSJ00000CT2KT%2Fbe02WKtXcG.3bbdOxvH5u26j7UepCF3XIC8WNmKOhP8&asPdf=false,RUTGERS STATE UNIVERSITY OF N J,New Jersey,0,08854,6e5b7201848b6771
22-R-0025,Class R - Research Facility,PISCATAWAY,0,177,0,2026-08-19,8/19/2026,Rutgers State University of NJ,0,https://aphis.file.force.com/sfc/dist/version/download/?oid=00Dt0000000GyZH&ids=068SJ00001PeYll&d=%2Fa%2FSJ00000CT29B%2FhflFIFpWGgzwIDkIxHRLHkYKxYKRyDeqZ254XGDZBws&asPdf=false,NELSON BIOLOGICAL LABORATORY,New Jersey,0,08854,504badb3324e0250
43-A-6030,Class A - Breeder,Norwood,0,17875,0,2026-06-11,6/11/2026,Patricia Finch,0,https://aphis.file.force.com/sfc/dist/version/download/?oid=00Dt0000000GyZH&ids=068SJ00001HfrCl&d=%2Fa%2FSJ00000BDYbp%2Fb9MB03gtdrWT_zMBXa6yWK7vx6HhKOgGYwnlBRBfkKg&asPdf=false,Patricia Finch,Missouri,0,65717,09e97ee1da2b2240
14-R-0114,Class R - Research Facility,SOUTH HADLEY,0,1792,0,2026-06-23,6/23/2026,Mount Holyoke College,0,https://aphis.file.force.com/sfc/dist/version/download/?oid=00Dt0000000GyZH&ids=068SJ00001HpfyC&d=%2Fa%2FSJ00000BF55t%2FPup18lqFzJG5lRXtHZbr2TZjIKeVujNpAfDXyw0FRAQ&asPdf=false,MOUNT HOLYOKE COLLEGE,Massachusetts,0,01075,73cb24b5d1f116e9
14-B-0013,Class B - Dealer,Stone Ridge,0,1799,0,2026-07-15,7/15/2026,Charles River Laboratories Inc,0,https://aphis.file.force.com/sfc/dist/version/download/?oid=00Dt0000000GyZH&ids=068SJ00001KfaQ6&d=%2Fa%2FSJ00000BfQGL%2FIAOoLna5JCf9AxRz8DTTt6WaZC2knHxhvjxrXwe00pk&asPdf=false,Charles River Laboratories Inc - 002,New York,0,12484,25c73d62ccccc289
14-R-0144,Class R - Research Facility,ASHLAND,0,1799,0,2026-06-24,6/24/2026,Charles River Laboratories Inc,0,https://aphis.file.force.com/sfc/dist/version/download/?oid=00Dt0000000GyZH&ids=068SJ00001Hs84t&d=%2Fa%2FSJ00000BFgDV%2F79c29EVwqkFsOqYDo3SUX6cFdctoZ4ydmRd65DssvDk&asPdf=false,WIL RESEARCH SITE,Ohio,0,44805,4ea6e267c91801ac
14-R-0144,Class R - Research Facility,WORCESTER,0,1799,0,2026-06-24,6/24/2026,Charles River Laboratories Inc,0,https://aphis.file.force.com/sfc/dist/version/download/?oid=00Dt0000000GyZH&ids=068SJ00001HypBz&d=%2Fa%2FSJ00000BGMZJ%2FrGTjvxMpaTvyfLF4OeeJNXhxWA_5E6Za6jDT72bk6wo&asPdf=false,AGULUX LABORTORIES,Massachusetts,0,01605,b9038a939c561d09
14-R-0144,Class R - Research Facility,Stilwell,0,1799,0,2026-07-09,7/9/2026,Charles River Laboratories Inc,0,https://aphis.file.force.com/sfc/dist/version/download/?oid=00Dt0000000GyZH&ids=068SJ00001Jxcz1&d=%2Fa%2FSJ00000BZcth%2F7tlXo3I.bfK5GBRHYSkJDfo6Z7ssSZvVV0Rl0okmxrk&asPdf=false,"Charles River Laboratories, Inc.",Kansas,0,66085,44562b5bd182f504
14-R-0144,Class R - Research Facility,Stone Ridge,0,1799,0,2026-07-15,7/15/2026,Charles River Laboratories Inc,0,https://aphis.file.force.com/sfc/dist/version/download/?oid=00Dt0000000GyZH&ids=068SJ00001KfC7k&d=%2Fa%2FSJ00000BfQEj%2FJQphUo212EviFnXM68PVvPS67QjkQxn3pKW6H2wSAOY&asPdf=false,Charles River Laboratories Inc,New York,0,12482,a3392daab105cb6d
14-R-0144,Class R - Research Facility,WORCESTER,0,1799,0,2026-07-15,7/15/2026,Charles River Laboratories Inc,0,https://aphis.file.force.com/sfc/dist/version/download/?oid=00Dt0000000GyZH&ids=068SJ00001KpXVq&d=%2Fa%2FSJ00000Bgz7B%2FjAC75ha8a6bPqaY51ehSlshiTU781B4qBJ65YNynsE4&asPdf=false,AGULUX LABORTORIES,Massachusetts,0,01605,295c3755bf2832e5
14-R-0144,Class R - Research Facility,SAN DIEGO,0,1799,0,2026-07-21,7/21/2026,Charles River Laboratories Inc,0,https://aphis.file.force.com/sfc/dist/version/download/?oid=00Dt0000000GyZH&ids=068SJ00001LtdAe&d=%2Fa%2FSJ00000Brf3V%2F1TjPdlQK1YuPod0T7PQtuVBGo0GS6iv_cIrWEaPi5ig&asPdf=false,San Diego Science Center,California,0,92109,b660b80ccf31267b
14-R-0144,Class R - Research Facility,RALEIGH,0,1799,0,2026-07-22,7/22/2026,Charles River Laboratories Inc,0,https://aphis.file.force.com/sfc/dist/version/download/?oid=00Dt0000000GyZH&ids=068SJ00001MshVp&d=%2Fa%2FSJ00000C2AQz%2FhQjtiFELP2BATjQaBnmebAVuVGtcBqNfoDs90bos8fk&asPdf=false,CHARLES RIVER RALEIGH,North Carolina,0,27610,0bd8e69498215eba
34-B-0255,Class B - Dealer,Holland,0,18030,0,2026-07-29,7/29/2026,Kowalski Pet Company,1,https://aphis.file.force.com/sfc/dist/version/download/?oid=00Dt0000000GyZH&ids=068SJ00001NBwJN&d=%2Fa%2FSJ00000C5I2D%2FZvXdhZ77r60O0Wsouqj5kbiPvwg0bDINzhfzJArVlhw&asPdf=false,Kowalski Pet Company,Michigan,0,49424,e1b114d83a335bf7
34-B-0255,Class B - Dealer,Grand Rapids,0,18030,0,2026-07-31,7/31/2026,Kowalski Pet Company,1,https://aphis.file.force.com/sfc/dist/version/download/?oid=00Dt0000000GyZH&ids=068SJ00001NHAf4&d=%2Fa%2FSJ00000C6GmL%2FHRpCbZOILyELHAfBjwYk0l39oaOxN0L4jQ7MDyBrW.0&asPdf=false,Kowalski Pet Company,Michigan,0,49548,3d817b25c1a1c7cf
93-A-0215,Class A - Breeder,Lodi,0,1832,0,2026-07-22,7/22/2026,AgBio Company,0,https://aphis.file.force.com/sfc/dist/version/download/?oid=00Dt0000000GyZH&ids=068SJ00001MGHMV&d=%2Fa%2FSJ00000BvIZl%2FXPS0weDFIvzAah55m1s46fd9Q3lz6.1W0NV4XA_s_6Y&asPdf=false,AgBio Company,California,0,95240,c9d23208287a8c5c
93-R-0412,Class R - Research Facility,LODI,0,1832,0,2026-07-22,7/22/2026,AgBio Company,0,https://aphis.file.force.com/sfc/dist/version/download/?oid=00Dt0000000GyZH&ids=068SJ00001MFzhO&d=%2Fa%2FSJ00000BvCxR%2F9SsBpLbSLnZWrvUWSCEwkPQ6d8X8jMadvGQDOJZB9UU&asPdf=false,AGBIO COMPANY,California,0,95240,349a0ca093278d2d
84-R-0060,Class R - Research Facility,BOULDER,1,1835,0,2026-07-27,7/27/2026,University Of Colorado-Boulder,0,https://aphis.file.force.com/sfc/dist/version/download/?oid=00Dt0000000GyZH&ids=068SJ00001MROB4&d=%2Fa%2FSJ00000BxXpd%2FxsXid5j1h4ifUxPGD06tY0v8WXW8VsUrb12YtHjtD88&asPdf=false,MCDB-GOLD & Wilderness,Colorado,0,80309,b17a6cbed59d5079
93-R-0413,Class R - Research Facility,ARCATA,0,1836,0,2026-08-27,8/27/2026,California State University Humboldt Arcata,0,https://aphis.file.force.com/sfc/dist/version/download/?oid=00Dt0000000GyZH&ids=068SJ00001Qnh9P&d=%2Fa%2FSJ00000CcdxV%2F5lQ08GEY.KKQ4bzme1W5wIz8NiqeT.JHuCgY5hq_vzY&asPdf=false,CALIFORNIA STATE UNIVERSITY HUMBOLDT ARCATA,California,0,95521,494a1959e3da45a7
93-R-0581,Class R - Research Facility,FRESNO,0,1838,0,2026-06-23,6/23/2026,"California State University, Fresno",1,https://aphis.file.force.com/sfc/dist/version/download/?oid=00Dt0000000GyZH&ids=068SJ00001HxpHH&d=%2Fa%2FSJ00000BGBIv%2FIKWZnPXnVaWLfmUqyQQSDgRtdps4O6cWJtLY4.xReh4&asPdf=false,CALIFORNIA STATE UNIVERSITY FRESNO,California,0,93740,1eca5201f179aa47
35-C-0389,Class C - Exhibitor,WAUSAU,0,18440,0,2026-07-20,7/20/2026,Jeff Traska,0,https://aphis.file.force.com/sfc/dist/version/download/?oid=00Dt0000000GyZH&ids=068SJ00001M2rrD&d=%2Fa%2FSJ00000BtEIX%2FCYgYeRT23TJbsCOl95IMIHwaeLwMvLLiusTqrXjASg8&asPdf=false,WISCONSIN BLACK BEAR EDUCATION CENTER,Wisconsin,0,54403,55c0033fb1c3319a
84-R-0065,Class R - Research Facility,CRESTED BUTTE,0,18462,0,2026-06-25,6/25/2026,Rocky Mountain Bio Labs,0,https://aphis.file.force.com/sfc/dist/version/download/?oid=00Dt0000000GyZH&ids=068SJ00001I0dw9&d=%2Fa%2FSJ00000BGghh%2FrQUeqVjzyL3gWzUDMW6nsTi4n39NFcJngUWTef9ZbAY&asPdf=false,ROCKY MOUNTAIN BIO LABS,Colorado,0,81224,6dd3f57513248168
35-C-0315,Class C - Exhibitor,Mukwonago,0,18487,0,2026-07-29,7/29/2026,Great Educational Experiences LLC,0,https://aphis.file.force.com/sfc/dist/version/download/?oid=00Dt0000000GyZH&ids=068SJ00001MmQUX&d=%2Fa%2FSJ00000C1EMz%2FgptfAhUbdSzTtmJbwYsroJLQGGO7lKV8Fk3vVaHWqAM&asPdf=false,Great Educational Experiences LLC,Wisconsin,0,53149,e605de07812e975a
81-C-0045,Class C - Exhibitor,BOZEMAN,0,18650,0,2026-08-04,8/4/2026,Montana Wildlife Education Inc,0,https://aphis.file.force.com/sfc/dist/version/download/?oid=00Dt0000000GyZH&ids=068SJ00001NZJzt&d=%2Fa%2FSJ00000CjvmP%2FM3OEXuiBEBjL94q5DwHotRVw_x0Ca63AeE9x02rNE.I&asPdf=false,Montana Wildlife Education Inc,Montana,0,59715,5feaf280c73e07ea
43-A-6532,Class A - Breeder,TIPTON,0,18693,0,2026-07-28,7/28/2026,Vera Martin,0,https://aphis.file.force.com/sfc/dist/version/download/?oid=00Dt0000000GyZH&ids=068SJ00001MnF0x&d=%2Fa%2FSJ00000C1YaD%2FwowHjb9RVDPgJzOeFeJVVfMxxrb4IogQXOIYr2LiN74&asPdf=false,VERA MARTIN,Missouri,0,65081,f0322a4fd785d879
43-A-3807,Class A - Breeder,SENECA,0,18698,0,2026-06-30,6/30/2026,John Bryant,3,https://aphis.file.force.com/sfc/dist/version/download/?oid=00Dt0000000GyZH&ids=068SJ00001KTyD3&d=%2Fa%2FSJ00000BdUUY%2Fykw2pxoWHB7tdDI.Ri9t4hf0nJVyq_gP6_crgwux9F0&asPdf=false,JOHNNY BRYANT,Missouri,0,64865,010a3b77e42e66d5
48-A-1661,Class A - Breeder,FRANKFORT,0,18970,0,2026-07-21,7/21/2026,Ronald Taylor Geneva Taylor,0,https://aphis.file.force.com/sfc/dist/version/download/?oid=00Dt0000000GyZH&ids=068SJ00001MaGIp&d=%2Fa%2FSJ00000BymGL%2F0iR23SRKikhFF.w6iCoYNo.05uIBQ7KG28fUC4qQGWg&asPdf=false,Geneva Taylor,Kansas,0,66427,013789284800ea6f
95-R-0002,Class R - Research Facility,HONOLULU,0,19,0,2026-08-18,8/18/2026,University of Hawaii System,0,https://aphis.file.force.com/sfc/dist/version/download/?oid=00Dt0000000GyZH&ids=068SJ00001PWZnI&d=%2Fa%2FSJ00000CS3CA%2Fvtq8x8mboo8lLOHqlbX6g6nKk_Hag6vOkz5StswITdY&asPdf=false,UNIVERSITY OF HAWAII JAB MEDICINE VIVARIUM,Hawaii,0,96813,33b9149f105b2731
95-R-0002,Class R - Research Facility,HONOLULU,0,19,0,2026-08-18,8/18/2026,University of Hawaii System,0,https://aphis.file.force.com/sfc/dist/version/download/?oid=00Dt0000000GyZH&ids=068SJ00001PWl58&d=%2Fa%2FSJ00000CS3NR%2Ff3YDOIDg21cogLjveSgEYwzKj0cniTaEDDZ1sR6XvL0&asPdf=false,UNIVERSITY OF HAWAII BIOMEDICAL SCIENCES BUILDING,Hawaii,0,96822,ace3f5c0e2532075
95-R-0002,Class R - Research Facility,HONOLULU,0,19,0,2026-08-18,8/18/2026,University of Hawaii System,0,https://aphis.file.force.com/sfc/dist/version/download/?oid=00Dt0000000GyZH&ids=068SJ00001PWnV9&d=%2Fa%2FSJ00000CS3yX%2FXEPoNhPH3TJ.HvI3Gxvs9M4RDUtzQdq4zdWPWqdvB28&asPdf=false,UNIVERSITY OF HAWAII WAIKIKI AQUARIUM,Hawaii,0,96815,8c5484c34f792d94
95-R-0002,Class R - Research Facility,KANEOHE,0,19,0,2026-08-18,8/18/2026,University of Hawaii System,0,https://aphis.file.force.com/sfc/dist/version/download/?oid=00Dt0000000GyZH&ids=068SJ00001PWyro&d=%2Fa%2FSJ00000CS3Qf%2Fovc1.lyaRW.A03uH2BhuJnQHu9i9z50PfHEW9tSyYWM&asPdf=false,UNIVERSITY OF HAWAII AT MANOA  WCCVT,Hawaii,0,96744,f913a2322ae32add
43-A-6819,Class A - Breeder,Novinger,0,19193,0,2026-08-04,8/4/2026,Edward Cannon,0,https://aphis.file.force.com/sfc/dist/version/download/?oid=00Dt0000000GyZH&ids=068SJ00001P9q2E&d=%2Fa%2FSJ00000COIuX%2FjglPbOmaWQq5ne2wzfI7NCrL4SfK41FXhZ38xbLiz0w&asPdf=false,Edward Cannon,Missouri,0,63559,b98c445c2a57beee
35-C-0359,Class C - Exhibitor,HARTFORD,0,19215,0,2026-07-29,7/29/2026,Cynthia Phillips,0,https://aphis.file.force.com/sfc/dist/version/download/?oid=00Dt0000000GyZH&ids=068SJ00001Mk1yc&d=%2Fa%2FSJ00000C0wt7%2FsvG1mYe16QQtAh3hepKwyX64VEIVPHFBcyOSGA3_nwE&asPdf=false,Cynthia Phillips,Wisconsin,0,53027,e23a15b1bc2589b7
46-A-0418,Class A - Breeder,Canton,0,19241,0,2026-08-06,8/6/2026,Fonda Maassen,0,https://aphis.file.force.com/sfc/dist/version/download/?oid=00Dt0000000GyZH&ids=068SJ00001OC8hr&d=%2Fa%2FSJ00000CErFF%2FZZBvk2lIGeAOmuo0iKvcAxQBHxSTAU1WkrYsQ.FM770&asPdf=false,Fonda Maassen,South Dakota,0,57013,aab2f3b7c43b00fb
43-C-0249,Class C - Exhibitor,STANTON,0,19291,0,2026-07-14,7/14/2026,William and Phyllis Fitzgerald,0,https://aphis.file.force.com/sfc/dist/version/download/?oid=00Dt0000000GyZH&ids=068SJ00001KWUIU&d=%2Fa%2FSJ00000Be9av%2F5Qm0bEDcbRylTyFZ3VGXhUGpP9J8fJ62drEHwVOVPGY&asPdf=false,William J and Phyllis L Fitzgerald,Missouri,0,63079,8d29f97ac9b618be
16-C-0006,Class C - Exhibitor,Goshen,0,1940,0,2026-06-11,6/11/2026,RW Commerford and Sons Inc,1,https://aphis.file.force.com/sfc/dist/version/download/?oid=00Dt0000000GyZH&ids=068SJ00001GtLAI&d=%2Fa%2FSJ00000B5ZV3%2FBM4VK6HuEJ9q2.P6h0GhM2RlR.tYG.Go5xMn3b4jNrw&asPdf=false,R W Commerford & Sons Inc,Connecticut,0,06756,b5e581b2b9badbf2
16-C-0022,Class C - Exhibitor,Kensington,0,1946,0,2026-08-18,8/18/2026,New Britain Institute,1,https://aphis.file.force.com/sfc/dist/version/download/?oid=00Dt0000000GyZH&ids=068SJ00001PSGrK&d=%2Fa%2FSJ00000CRWw9%2FnVMzLnzYNmDou9dbWbHcx91Mjls3p9xYkJkEaz3UDfM&asPdf=false,New Britain Institute,Connecticut,0,06037,271d5e30cbc31c14
16-C-0190,Class C - Exhibitor,Manchester,0,1951,0,2026-07-14,7/14/2026,Wickham Park,0,https://aphis.file.force.com/sfc/dist/version/download/?oid=00Dt0000000GyZH&ids=068SJ00001KUVIg&d=%2Fa%2FSJ00000Bdr1J%2FcGfM5uUIgpBVHfar5rzbFsYU5CIrNt9zO3KkAuCFyjw&asPdf=false,Wickham Park,Connecticut,0,06040,255180cb4deb951b
16-C-0151,Class C - Exhibitor,Manchester,0,1955,0,2026-06-30,6/30/2026,"Lutz Children's Museum, Inc.",0,https://aphis.file.force.com/sfc/dist/version/download/?oid=00Dt0000000GyZH&ids=068SJ00001IbMDF&d=%2Fa%2FSJ00000BMZIX%2FAFjIsP1xdTuGRbhENXzyF1X3h_ldB.flOgnksmbYJcY&asPdf=false,Lutz Children's Museum,Connecticut,0,06040,9524d2ae62542915
11-C-0001,Class C - Exhibitor,York Beach,0,1959,0,2026-07-28,7/28/2026,York's Wild Kingdom,0,https://aphis.file.force.com/sfc/dist/version/download/?oid=00Dt0000000GyZH&ids=068SJ00001NEEwp&d=%2Fa%2FSJ00000CjxBV%2F6I0xl5h6aNvFpZZQobhfvDRZwPlF2WkUGRAnzoy_WYo&asPdf=false,York's Wild Kingdom,Maine,0,03910,2765b522cd3a6344
11-C-0002,Class C - Exhibitor,GRAY,0,1964,0,2026-07-29,7/29/2026,Maine Wildlife Park,0,https://aphis.file.force.com/sfc/dist/version/download/?oid=00Dt0000000GyZH&ids=068SJ00001MncqL&d=%2Fa%2FSJ00000CjxjN%2FieFgAcwji8KsaNT8.p6S5LUY.1nc8Co2cvRLOR7ZaiI&asPdf=false,STATE OF MAINE,Maine,0,04039,5695d593f9833543
14-C-0001,Class C - Exhibitor,BOSTON,0,1973,0,2026-07-21,7/21/2026,Commonwealth Zoological Corporation,0,https://aphis.file.force.com/sfc/dist/version/download/?oid=00Dt0000000GyZH&ids=068SJ00001MEaUn&d=%2Fa%2FSJ00000BumQD%2FUBm3RkRHhtZH9b2HBd15bxwKYJnI8rtfpBRIVScucz8&asPdf=false,Commonwealth Zoological Corporation,Massachusetts,0,02121,9f9da89a0cbeffeb
14-C-0001,Class C - Exhibitor,Stoneham,0,1973,0,2026-07-23,7/23/2026,Commonwealth Zoological Corporation,1,https://aphis.file.force.com/sfc/dist/version/download/?oid=00Dt0000000GyZH&ids=068SJ00001LsOVb&d=%2Fa%2FSJ00000BrSr3%2FOC94wj_TnYsRNfuF86l_XCOS6q71tMlDJENJam90QfU&asPdf=false,Commonwealth Zoological Corporation,Massachusetts,0,02180,aa6f3fd690dfccc9
14-C-0001,Class C - Exhibitor,Stoneham,0,1973,0,2026-07-24,7/24/2026,Commonwealth Zoological Corporation,0,https://aphis.file.force.com/sfc/dist/version/download/?oid=00Dt0000000GyZH&ids=068SJ00001MEDOj&d=%2Fa%2FSJ00000BumTR%2Fz.LgO175rmPxPHYXXQhiQEegkxFgYecl4F_dNun2JHk&asPdf=false,Commonwealth Zoological Corporation,Massachusetts,0,02180,d5b659901a6ef0cd
14-C-0002,Class C - Exhibitor,Worcester,0,1974,0,2026-06-16,6/16/2026,Worcester Natural History Society dba Ecotarium,0,https://aphis.file.force.com/sfc/dist/version/download/?oid=00Dt0000000GyZH&ids=068SJ00001GxGs3&d=%2Fa%2FSJ00000B6X1N%2F9CczYha.MHPF33jg9s7Iz1oygwMEbJ74Owe9fC.32lM&asPdf=false,Worcester Natural History Society,Massachusetts,0,01604,9427a57973b9264e
14-C-0003,Class C - Exhibitor,Springfield,0,1975,0,2026-06-23,6/23/2026,Forest Park Zoological Society,0,https://aphis.file.force.com/sfc/dist/version/download/?oid=00Dt0000000GyZH&ids=068SJ00001Iar32&d=%2Fa%2FSJ00000BMfKj%2Fv1ZFUPWpvYIJujAinN0mGS383PTUL_KPNYSH79LypNw&asPdf=false,Forest Park Zoological Society,Massachusetts,0,01138,c70da387e4f0d3d0
14-C-0112,Class C - Exhibitor,Attleboro,0,1976,0,2026-06-30,6/30/2026,City of Attleboro,0,https://aphis.file.force.com/sfc/dist/version/download/?oid=00Dt0000000GyZH&ids=068SJ00001IvZpV&d=%2Fa%2FSJ00000BQ5Tx%2FvLgfwDPWTTqHTLPwVMdaiFEsnGDtz.fauCV7sb5Fmyw&asPdf=false,City of Attleboro,Massachusetts,0,02703,816cd653df8f4700
31-C-0145,Class C - Exhibitor,COLLINS,0,19822,0,2026-07-16,7/16/2026,SELL FARM ENTERPRISES,0,https://aphis.file.force.com/sfc/dist/version/download/?oid=00Dt0000000GyZH&ids=068SJ00001LGIr5&d=%2Fa%2FSJ00000Bkwdl%2Fc2CjPBRQfpSq6l3bZDhSNux8mW4gz2nsApcPD7j48lk&asPdf=false,SELL FARM ENTERPRISES,Ohio,0,44826,5189f19bc0c6c86b
14-C-0021,Class C - Exhibitor,Mendon,0,1985,0,2026-08-05,8/5/2026,Southwick Wild Animal Farm Inc,1,https://aphis.file.force.com/sfc/dist/version/download/?oid=00Dt0000000GyZH&ids=068SJ00001NqBkv&d=%2Fa%2FSJ00000CBW7J%2FVzTz7pAB_sG.qd1vQf4th8Gfe9Qjb9FLWr97qmBQSYc&asPdf=false,Southwick Wild Animal Farm Inc,Massachusetts,0,01756,ef525d4742751c65
63-C-0309,Class C - Exhibitor,Atoka,0,19902,0,2026-07-15,7/15/2026,Robert Carmichael,0,https://aphis.file.force.com/sfc/dist/version/download/?oid=00Dt0000000GyZH&ids=068SJ00001Kylo7&d=%2Fa%2FSJ00000BiOGP%2Fog9WKLjQ7_WDrVn7nSynzxYuOBLWpM0QfQY7tnGXVdU&asPdf=false,Robert Carmichael,Tennessee,0,38004,c7f86a0a6cbb7c78
14-C-0136,Class C - Exhibitor,North Attleboro,0,1992,0,2026-06-30,6/30/2026,Town of North Attleborough,0,https://aphis.file.force.com/sfc/dist/version/download/?oid=00Dt0000000GyZH&ids=068SJ00001IwT8g&d=%2Fa%2FSJ00000BQNc9%2F6KbqMWj3VvIzp4SAuvyyi4Vdbm0dgeUsJS5d8HgrEeg&asPdf=false,Town of North Attleborough,Massachusetts,0,02760,bace2c13e513695c
16-C-0091,Class C - Exhibitor,Branford,0,19999,0,2026-06-26,6/26/2026,Ron Delucia,0,https://aphis.file.force.com/sfc/dist/version/download/?oid=00Dt0000000GyZH&ids=068SJ00001IlK3j&d=%2Fa%2FSJ00000BOOR3%2FVDn5RmfmKpRHIkZuSspmotOXLJ0yg1V1Dlgsu3D5JV8&asPdf=false,RON DE LUCIA,Connecticut,0,06405,2c5a50f4a0b9d6da
87-R-0002,Class R - Research Facility,LOGAN,0,2,0,2026-07-07,7/7/2026,Utah State University,0,https://aphis.file.force.com/sfc/dist/version/download/?oid=00Dt0000000GyZH&ids=068SJ00001KEBHO&d=%2Fa%2FSJ00000BayDp%2FEMZK6DzjdP01dVa1grNCjQI47UC.HqHeDxl0h6OWHQU&asPdf=false,UTAH STATE UNIVERSITY,Utah,0,84341,cf3524c959331013
87-R-0002,Class R - Research Facility,LOGAN,2,2,0,2026-07-07,7/7/2026,Utah State University,0,https://aphis.file.force.com/sfc/dist/version/download/?oid=00Dt0000000GyZH&ids=068SJ00001KXrsj&d=%2Fa%2FSJ00000BeNkL%2FX7rwYQVhQxhegZAXQ2A3zsgzloVV.gAylpMbkK7OJZE&asPdf=false,UTAH STATE UNIVERSITY,Utah,0,84322,fb876dfe31726b2d
51-C-0002,Class C - Exhibitor,BALTIMORE,0,2000,0,2026-07-02,7/2/2026,National Aquarium Inc,0,https://aphis.file.force.com/sfc/dist/version/download/?oid=00Dt0000000GyZH&ids=068SJ00001KW3K2&d=%2Fa%2FSJ00000Be7sT%2FXmHOCNMwZkuuitFde9PY4ViIL9.2a6iqta.gHIjffZg&asPdf=false,NATIONAL AQUARIUM IN BALTIMORE INC,Maryland,0,21202,29feb5db34eff5e1
51-C-0100,Class C - Exhibitor,Salisbury,0,2001,0,2026-07-29,7/29/2026,Salisbury Zoological Park,0,https://aphis.file.force.com/sfc/dist/version/download/?oid=00Dt0000000GyZH&ids=068SJ00001OYvK6&d=%2Fa%2FSJ00000CImld%2F4DO2bYZmdlu0NCMlTdfYqHWwVUd8VSLHyyPn5cG7hzY&asPdf=false,Salisbury Zoological Park,Maryland,0,21804,41041bef228b432d
51-C-0006,Class C - Exhibitor,Baltimore,1,2002,0,2026-07-20,7/20/2026,Maryland Zoological Society Inc,0,https://aphis.file.force.com/sfc/dist/version/download/?oid=00Dt0000000GyZH&ids=068SJ00001MaHQG&d=%2Fa%2FSJ00000ByqLZ%2FlZgkVsZPgPAN2TskjO5s2twmI2_NUkvDBneSmnyAczc&asPdf=false,Maryland Zoological Society Inc,Maryland,0,21217,86a1a48f283bed88
34-C-0005,Class C - Exhibitor,THREE RIVERS,0,2022,0,2026-08-27,8/27/2026,City of Three Rivers,0,https://aphis.file.force.com/sfc/dist/version/download/?oid=00Dt0000000GyZH&ids=068SJ00001Ql65r&d=%2Fa%2FSJ00000Cc6Bx%2FhUaYsFzuE_NC5rsa20JWmHBLpc0bj47dzAOgiC322lQ&asPdf=false,City of Three Rivers,Michigan,0,49093,77f9422e74822ce3
34-C-0454,Class C - Exhibitor,Kalamazoo,0,2034,0,2026-06-23,6/23/2026,Kalamazoo Nature Center,0,https://aphis.file.force.com/sfc/dist/version/download/?oid=00Dt0000000GyZH&ids=068SJ00001HcPT5&d=%2Fa%2FSJ00000BChNp%2FGHvO9Dz70piKGprP6Aqs4K5qoV2yIRWCJaML74kyr2M&asPdf=false,Kalamazoo Nature Center,Michigan,0,49009,71b9dcbc09d17494
34-C-0044,Class C - Exhibitor,BIRCH RUN,0,2040,0,2026-07-08,7/8/2026,Wilderness Trails Animal Park Inc,0,https://aphis.file.force.com/sfc/dist/version/download/?oid=00Dt0000000GyZH&ids=068SJ00001LK78y&d=%2Fa%2FSJ00000BlqhZ%2F5F7piG1nuZXSXDlVju4_N1IeG3uVHSLX6tLT_Cf4s4o&asPdf=false,WILDERNESS TRAILS ANIMAL PARK INC,Michigan,0,48415,077fefe14c2be0d3
22-C-0005,Class C - Exhibitor,Jackson,0,2052,0,2026-07-06,7/6/2026,Six Flags Theme Parks Inc,0,https://aphis.file.force.com/sfc/dist/version/download/?oid=00Dt0000000GyZH&ids=068SJ00001JQDw5&d=%2Fa%2FSJ00000BUbbh%2FASKOmXxMAn2bMoxhAuBc0qv73LJO3LIS.8skXl85d1Y&asPdf=false,Six Flags Theme Parks Inc,New Jersey,0,08527,16243d5f155f7c13
22-C-0007,Class C - Exhibitor,Bridgeton,0,2053,0,2026-07-14,7/14/2026,City of Bridgeton,2,https://aphis.file.force.com/sfc/dist/version/download/?oid=00Dt0000000GyZH&ids=068SJ00001KobDX&d=%2Fa%2FSJ00000Bgyav%2FlMrXmsvMpN4oNqFRH2Ycg41o20jbYmgmJh9Vw8eI06c&asPdf=false,Cohanzick Zoo,New Jersey,0,08302,29f16aaf8a81c059
22-C-0009,Class C - Exhibitor,Paramus,0,2055,0,2026-08-07,8/7/2026,County of Bergen,0,https://aphis.file.force.com/sfc/dist/version/download/?oid=00Dt0000000GyZH&ids=068SJ00001O8AsM&d=%2Fa%2FSJ00000CEFEn%2FmlszcAmMrUVSrAVsaVIGki4vt_1Xmf8Bx6Ny_8zLZq8&asPdf=false,County of Bergen,New Jersey,0,07652,20c5a8c277a1e15c
22-C-0018,Class C - Exhibitor,Sussex,0,2061,0,2026-06-18,6/18/2026,Space Wild Animal Farm Inc,0,https://aphis.file.force.com/sfc/dist/version/download/?oid=00Dt0000000GyZH&ids=068SJ00001HyBKv&d=%2Fa%2FSJ00000BGALF%2FF7_7iq8ma4dwl8llNzXy0B.l3pXcfLueK9y0qlmvf4o&asPdf=false,Space Wild Animal Farm Inc,New Jersey,0,07461,5298317c2b0c21f0
22-C-0018,Class C - Exhibitor,Sussex,0,2061,0,2026-08-04,8/4/2026,Space Wild Animal Farm Inc,0,https://aphis.file.force.com/sfc/dist/version/download/?oid=00Dt0000000GyZH&ids=068SJ00001Na9yW&d=%2Fa%2FSJ00000CjwfF%2FjsWtXYbTtPvLkQtn0QAfKl2.IIXCB.Dn4vdBS5rm6aE&asPdf=false,Space Wild Animal Farm Inc,New Jersey,0,07461,11e323eba0afc907
73-A-1885,Class A - Breeder,SAYRE,0,20620,0,2026-06-30,6/30/2026,Kimberlie Thetford,0,https://aphis.file.force.com/sfc/dist/version/download/?oid=00Dt0000000GyZH&ids=068SJ00001IiLr2&d=%2Fa%2FSJ00000BNa7j%2FhenrSrBFmT3iOiYdfLlgOeophZcAjJf2wPji9jq2JJQ&asPdf=false,KIMBERLIE THETFORD,Oklahoma,0,73662,db7847597535602e
43-A-4023,Class A - Breeder,WAYNESVILLE,0,20717,0,2026-08-26,8/26/2026,Alisa Breedlove,0,https://aphis.file.force.com/sfc/dist/version/download/?oid=00Dt0000000GyZH&ids=068SJ00001QvZxe&d=%2Fa%2FSJ00000Cdask%2FZsOEcdtWhKvDwHgYqYu2.x9b6bpv13bq75GXAIiXiZc&asPdf=false,Alisa Breedlove,Missouri,0,65583,8bb4aec5a177e4b0
21-A-0008,Class A - Breeder,NORTH ROSE,0,2072,0,2026-07-28,7/28/2026,Marshall Farms Group LTD,0,https://aphis.file.force.com/sfc/dist/version/download/?oid=00Dt0000000GyZH&ids=068SJ00001MXhva&d=%2Fa%2FSJ00000ByCzF%2FVHKYdosPq14p5E2F1Uvgi.VPntmJa2knClignkmiYW0&asPdf=false,MARSHALL FARMS GROUP LTD,New York,0,14516,7ce91ff45a81a551
21-A-0008,Class A - Breeder,Clyde,0,2072,0,2026-07-28,7/28/2026,Marshall Farms Group LTD,0,https://aphis.file.force.com/sfc/dist/version/download/?oid=00Dt0000000GyZH&ids=068SJ00001MXs1R&d=%2Fa%2FSJ00000ByD7J%2Frc4nFsfBQD8cm3fgbiRKzCXp1JYckVfl53dnB_9rjHw&asPdf=false,Marshall Farms Group LTD,New York,0,14433,56134e98b8bdc261
21-A-0008,Class A - Breeder,Clyde,0,2072,0,2026-07-28,7/28/2026,Marshall Farms Group LTD,0,https://aphis.file.force.com/sfc/dist/version/download/?oid=00Dt0000000GyZH&ids=068SJ00001Mesyz&d=%2Fa%2FSJ00000BzuTZ%2FBmYyXmVGpt.NJ8QSg8WXjr2dEzsBQ.yS_wTR7r5Zhik&asPdf=false,Marshall Farms Group LTD,New York,0,14433,51e5daac8e59ca99
21-B-0022,Class B - Dealer,Rockville Centre,0,2083,0,2026-06-16,6/16/2026,Island Animals Ltd.,0,https://aphis.file.force.com/sfc/dist/version/download/?oid=00Dt0000000GyZH&ids=068SJ00001Hbown&d=%2Fa%2FSJ00000CC9S2%2F.pu6zyzzYf5Cqfxj2b1gSJda2zOEjagd2crNYqbBScQ&asPdf=false,Island Animals Ltd.,New York,0,11570,5e7c3a486f7ce9c9
21-C-0020,Class C - Exhibitor,Manhattan,0,2100,0,2026-06-23,6/23/2026,Wildlife Conservation Society,0,https://aphis.file.force.com/sfc/dist/version/download/?oid=00Dt0000000GyZH&ids=068SJ00001ITkhW&d=%2Fa%2FSJ00000BLNw9%2Fz6acCMHorILGE4tWHkGAIquCgEy0aDe5hF2BY8mnZdM&asPdf=false,Central Park Zoo,New York,0,10021,2708f3a89037ebb0
21-C-0034,Class C - Exhibitor,KINGSTON,0,2111,0,2026-06-12,6/12/2026,City Of Kingston Parks & Recreation,0,https://aphis.file.force.com/sfc/dist/version/download/?oid=00Dt0000000GyZH&ids=068SJ00001HQkOM&d=%2Fa%2FSJ00000BAL4r%2F51sSreiUtZj4gO1LrVznM0k5GQVFXidcM0n3yOK5nSY&asPdf=false,FORSYTH PARK ZOO,New York,0,12401,510a31f064f0bf0c
55-C-0183,Class C - Exhibitor,Wilmington,0,21143,0,2026-08-06,8/6/2026,Tregembo Animal Park,1,https://aphis.file.force.com/sfc/dist/version/download/?oid=00Dt0000000GyZH&ids=068SJ00001NtXHN&d=%2Fa%2FSJ00000CCPlJ%2FnjLEDL1Tn1S0ozPnTgPgZZ6.RwusEc5FBT0PXGjYeIo&asPdf=false,Tregembo Animal Park,North Carolina,0,28412,5e4eac9067e1d592
41-C-0208,Class C - Exhibitor,ELY,0,21175,0,2026-06-17,6/17/2026,North American Bear Center,0,https://aphis.file.force.com/sfc/dist/version/download/?oid=00Dt0000000GyZH&ids=068SJ00001GyDTi&d=%2Fa%2FSJ00000B6WZx%2FFGDFiv6dXGQgje1z1bn738iavqYDl957mvM_9hLjzKg&asPdf=false,NORTH AMERICAN BEAR CENTER,Minnesota,0,55731,5aa9a9a09b1f537d
65-A-0529,Class A - Breeder,Centreville,0,21197,0,2026-07-06,7/6/2026,Ronnie Bean,0,https://aphis.file.force.com/sfc/dist/version/download/?oid=00Dt0000000GyZH&ids=068SJ00001JSa5O&d=%2Fa%2FSJ00000BV5Y9%2FiugcTNhHSkPCyYYDeFIrUJwuBasup0EfcoeNpbZBZd8&asPdf=false,Ronnie Bean,Mississippi,0,39631,f98eb3329137394c
21-C-0038,Class C - Exhibitor,Utica,0,2125,0,2026-06-15,6/15/2026,Utica Zoological Society,0,https://aphis.file.force.com/sfc/dist/version/download/?oid=00Dt0000000GyZH&ids=068SJ00001GksSH&d=%2Fa%2FSJ00000B47ZF%2Fqwx.9CG0XgqRxMZD.d9M3lTaiffi36lpSe4OW53aB3w&asPdf=false,Utica Zoological Society,New York,0,13501,ed480b866fd9fe9c
21-C-0040,Class C - Exhibitor,SYRACUSE,0,2127,0,2026-07-29,7/29/2026,Onondaga County,0,https://aphis.file.force.com/sfc/dist/version/download/?oid=00Dt0000000GyZH&ids=068SJ00001Mvx39&d=%2Fa%2FSJ00000C3KCz%2Ff1hluksek83dMnhmvH5F69iQLNuFPuH.ThB1u1jWVek&asPdf=false,ONONDAGA COUNTY,New York,0,13204,3d30b294e8f4c51b
74-C-0882,Class C - Exhibitor,VENUS,0,21300,0,2026-08-18,8/18/2026,Rebecca West,3,https://aphis.file.force.com/sfc/dist/version/download/?oid=00Dt0000000GyZH&ids=068SJ00001Poc3L&d=%2Fa%2FSJ00000CUWpx%2FBfDtn5ZOcncnqKK0QDAHAGBG3EDfnLgt.2uuY8IJ6Sk&asPdf=false,Rebecca West,Texas,0,76084,353aca377b0e2940
87-R-0022,Class R - Research Facility,LOGAN,0,21308,0,2026-07-10,7/10/2026,Ibex Preclinical Research Inc.,0,https://aphis.file.force.com/sfc/dist/version/download/?oid=00Dt0000000GyZH&ids=068SJ00001KE0Yp&d=%2Fa%2FSJ00000Bax6T%2FxaSoCDr2ACFxq3Aq.ri3Ysjp1CoyBoOhx4fDdE2Fd1w&asPdf=false,"IBEX PRECLINICAL RESEARCH, INC.",Utah,0,84321,cb3c4ed84af55701
21-C-0056,Class C - Exhibitor,MANORVILLE,0,2136,0,2026-06-16,6/16/2026,Long Island Zoological Society Inc,0,https://aphis.file.force.com/sfc/dist/version/download/?oid=00Dt0000000GyZH&ids=068SJ00001GoZqV&d=%2Fa%2FSJ00000B4W7q%2FfC6ZDXHcOFydcsLFelovEHHTAIUPOkUl_H3U24apzbI&asPdf=false,THE ANIMAL FARM,New York,0,11949,9927107ff4a630f1
43-A-4253,Class A - Breeder,LEBANON,0,21434,0,2026-08-13,8/13/2026,Dorace Burton,0,https://aphis.file.force.com/sfc/dist/version/download/?oid=00Dt0000000GyZH&ids=068SJ00001OpTL0&d=%2Fa%2FSJ00000CLL8z%2F_x7SuvTHdUgXBjWugtOFRf5uqfEMwfRY8IdfVsNv1WM&asPdf=false,DORACE BURTON,Missouri,0,65536,e7ad778dd75bc7a7
31-C-0007,Class C - Exhibitor,SANDUSKY,0,2145,0,2026-07-16,7/16/2026,Lagoon Deer Park Inc,0,https://aphis.file.force.com/sfc/dist/version/download/?oid=00Dt0000000GyZH&ids=068SJ00001LH6qy&d=%2Fa%2FSJ00000Bl0np%2FXOxAmRXpC1PH8dniGoy7qBFN3y_HkUJbDZUBRq83Su0&asPdf=false,THE LAGOONS DEER PARK INC,Ohio,0,44870,d8dff353adc79cbd
31-A-0740,Class A - Breeder,SHILOH,0,22388,0,2026-07-08,7/8/2026,Ammon Burkholder,0,https://aphis.file.force.com/sfc/dist/version/download/?oid=00Dt0000000GyZH&ids=068SJ00001JeqUO&d=%2Fa%2FSJ00000BWmcf%2FSx6YPaazLzffRP59q907_3SJ4_.8ChtvH_CPO9ZYfq8&asPdf=false,AMMON BURKHOLDER,Ohio,0,44878,3748903cef814c0c
23-C-0019,Class C - Exhibitor,Jamestown,0,2242,0,2026-06-22,6/22/2026,Pymatuning Deer Park,3,https://aphis.file.force.com/sfc/dist/version/download/?oid=00Dt0000000GyZH&ids=068SJ00001JRh3s&d=%2Fa%2FSJ00000BUkwj%2FIa86qHlGdUXsmttIuTEe.wp.Wkc1owabpzH74T.JanY&asPdf=false,Pymatuning Deer Park,Pennsylvania,0,16134,7e5b593717e46591
23-C-0020,Class C - Exhibitor,Hershey,0,2244,0,2026-06-24,6/24/2026,Hershey Entertainment and Resorts,0,https://aphis.file.force.com/sfc/dist/version/download/?oid=00Dt0000000GyZH&ids=068SJ00001Hzpjl&d=%2Fa%2FSJ00000BGfGz%2FUH052NXBC0x61inFbd5yh6cgSduqovm.DUtUpqtLb.Q&asPdf=false,Hershey Entertainment and Resorts,Pennsylvania,0,17033,bbef23d220b366d4
23-C-0294,Class C - Exhibitor,Philadelphia,0,2249,0,2026-08-21,8/21/2026,The Academy of Natural Sciences of Drexel University,0,https://aphis.file.force.com/sfc/dist/version/download/?oid=00Dt0000000GyZH&ids=068SJ00001Pq3JU&d=%2Fa%2FSJ00000CUvwP%2FUlGGZBtMicZmV.S0yNMEQGXidFDPmrZlVQifYPdoU0U&asPdf=false,Academy of Natural Sciences,Pennsylvania,0,19103,338490ef82f58eae
63-C-0160,Class C - Exhibitor,Morrison,0,22612,0,2026-06-25,6/25/2026,Party Animals,1,https://aphis.file.force.com/sfc/dist/version/download/?oid=00Dt0000000GyZH&ids=068SJ00001JDzfB&d=%2Fa%2FSJ00000BSBQP%2FyRPCPRm1mRlUWP5tGAdnpLqSKU8pyn0XGdK5MVxbN3o&asPdf=false,Party Animals,Tennessee,0,37357,2a60a1b57fe84fc6
23-C-0042,Class C - Exhibitor,CENTRE HALL,0,2262,0,2026-07-15,7/15/2026,"Penn's Cave, Inc",0,https://aphis.file.force.com/sfc/dist/version/download/?oid=00Dt0000000GyZH&ids=068SJ00001LTuzy&d=%2Fa%2FSJ00000BnCOH%2FALtc_kQL4YlisUC_6a.DColpG2ZmFrsKdlxbDwTCAJM&asPdf=false,PENN'S CAVE,Pennsylvania,0,16828,5122ee9f260762ef
52-C-0297,Class C - Exhibitor,ASHLAND,0,22627,0,2026-08-05,8/5/2026,JAMES MILLER,0,https://aphis.file.force.com/sfc/dist/version/download/?oid=00Dt0000000GyZH&ids=068SJ00001NjNyt&d=%2Fa%2FSJ00000CAUqj%2FffbEP.YIBBpw6Izxjzr_5BVL1_qTCYXrc5ILTyb8qlc&asPdf=false,JAMES B MILLER,Virginia,0,23005,8495e555ebdee86e
23-C-0043,Class C - Exhibitor,West Chester,0,2263,0,2026-07-30,7/30/2026,Ronald Giacinto,1,https://aphis.file.force.com/sfc/dist/version/download/?oid=00Dt0000000GyZH&ids=068SJ00001Mngc3&d=%2Fa%2FSJ00000C1add%2FXgXjqWZbzXOMqXv77OcLNoNo03d_AeG_9RW.x6y9NBE&asPdf=false,Ronald Giacinto,Pennsylvania,0,19382,80004a80331e4e27
23-C-0043,Class C - Exhibitor,West Chester,0,2263,0,2026-08-19,8/19/2026,Ronald Giacinto,0,https://aphis.file.force.com/sfc/dist/version/download/?oid=00Dt0000000GyZH&ids=068SJ00001PUD2e&d=%2Fa%2FSJ00000CRiaj%2FX7pc_onHlSuna3gXtDOTIH_YTY53r93U1je.nRHq9PQ&asPdf=false,Ronald Giacinto,Pennsylvania,0,19382,cf935b3874b57766
31-R-0021,Class R - Research Facility,WEST JEFFERSON,0,228,0,2026-08-19,8/19/2026,Battelle Memorial Institute,0,https://aphis.file.force.com/sfc/dist/version/download/?oid=00Dt0000000GyZH&ids=068SJ00001PTn8G&d=%2Fa%2FSJ00000CRf1l%2F6QZ_MIx5S3GTSV7gHRdW3d_J_iGPbFXcdzu39ax7KPY&asPdf=false,BATTELLE BIOMEDICAL RESEARCH CENTER,Ohio,0,43162,a186e5ff3816ac04
54-C-0007,Class C - Exhibitor,South Charleston,0,2280,0,2026-06-19,6/19/2026,West Virginia Division of Natural Resources,5,https://aphis.file.force.com/sfc/dist/version/download/?oid=00Dt0000000GyZH&ids=068SJ00001IHhYq&d=%2Fa%2FSJ00000BJNCH%2Fv_ABwD14lkNORrc0uRHs8G4o4E76RL8jPblLHYZj6kg&asPdf=false,West Virginia Division of Natural Resources,West Virginia,0,25303,4f117a86650123de
23-C-0066,Class C - Exhibitor,TYRONE,0,2283,0,2026-07-07,7/7/2026,Deborah O'Shell,0,https://aphis.file.force.com/sfc/dist/version/download/?oid=00Dt0000000GyZH&ids=068SJ00001JQU0x&d=%2Fa%2FSJ00000BUcj3%2Fz0JlUdn09HZ.V9vnoMTD.N5no1P4h8KmlNb0eZHYH8U&asPdf=false,Deborah O'Shell,Pennsylvania,0,16686,aac0ca66cea4bf82
73-C-0199,Class C - Exhibitor,TUTTLE,0,22850,0,2026-06-24,6/24/2026,Melissa Meadows,1,https://aphis.file.force.com/sfc/dist/version/download/?oid=00Dt0000000GyZH&ids=068SJ00001HpjLy&d=%2Fa%2FSJ00000BFBPp%2F6Lwk9JxgsnAe1PY1QejfH9cY_MAgR_rmsOysUvxK9Vs&asPdf=false,MELISSA MEADOWS,Oklahoma,0,73089,a9ad319c000a99b0
73-C-0199,Class C - Exhibitor,TUTTLE,0,22850,0,2026-07-20,7/20/2026,Melissa Meadows,0,https://aphis.file.force.com/sfc/dist/version/download/?oid=00Dt0000000GyZH&ids=068SJ00001LL1OE&d=%2Fa%2FSJ00000Bm2lx%2FwZ.iKaKZkGuhpfhR0APNQGF88vanOrwkK43S.C.calA&asPdf=false,OK - MELISSA MEADOWS,Oklahoma,0,73089,582fa110275c52f5
73-C-0199,Class C - Exhibitor,TUTTLE,0,22850,0,2026-07-20,7/20/2026,Melissa Meadows,0,https://aphis.file.force.com/sfc/dist/version/download/?oid=00Dt0000000GyZH&ids=068SJ00001LLAzQ&d=%2Fa%2FSJ00000Bm1bN%2FQKoL2KIKxkh3IzcvkNms3d9iNPOfdoYWDD4D9hKWtDw&asPdf=false,MELISSA MEADOWS,Oklahoma,0,73089,d46aff3bbc305adf
16-C-0013,Class C - Exhibitor,Easton,0,2294,1,2026-08-20,8/20/2026,Silverman's Farm Inc,4,https://aphis.file.force.com/sfc/dist/version/download/?oid=00Dt0000000GyZH&ids=068SJ00001Q50xe&d=%2Fa%2FSJ00000CWGCP%2F3CZMRRAQe3xKraANhovLhQYMJtKlqn5o0QmJW5D3gKI&asPdf=false,Silverman's Farm Inc,Connecticut,0,06612,f151f8e3dae27b9d
16-C-0013,Class C - Exhibitor,Easton,0,2294,0,2026-08-25,8/25/2026,Silverman's Farm Inc,0,https://aphis.file.force.com/sfc/dist/version/download/?oid=00Dt0000000GyZH&ids=068SJ00001Qhlr1&d=%2Fa%2FSJ00000Cbeaf%2Fbyb6A7OAY5cWDXrJtKaB_FJQBDEu2nYNVQ4moZyYp60&asPdf=false,Silverman's Farm Inc,Connecticut,0,06612,cb82b246048d23a5
93-A-0259,Class A - Breeder,BAKERSFIELD,0,22979,0,2026-08-06,8/6/2026,"Pet Brokers, Inc.",1,https://aphis.file.force.com/sfc/dist/version/download/?oid=00Dt0000000GyZH&ids=068SJ00001Ocy8C&d=%2Fa%2FSJ00000CJDVh%2F7Nly7r.uWlNk3kcAVht1qMxFqLYvvD6YQ7Utb9ZvDBM&asPdf=false,"PET BROKERS, INC.",California,0,93313,f317f1273f98e8c0
47-C-0064,Class C - Exhibitor,Kearney,0,23058,0,2026-07-22,7/22/2026,City of Kearney,0,https://aphis.file.force.com/sfc/dist/version/download/?oid=00Dt0000000GyZH&ids=068SJ00001LnmqV&d=%2Fa%2FSJ00000BqQ89%2F1R5tgqV4juQCWBn7OkVjBOn4c0ciGbmPswR2Ig2iijM&asPdf=false,City of Kearney,Nebraska,0,68845,82303a78292554f6
73-A-2694,Class A - Breeder,Howe,0,23168,0,2026-07-14,7/14/2026,Laura Williams,0,https://aphis.file.force.com/sfc/dist/version/download/?oid=00Dt0000000GyZH&ids=068SJ00001KXoA6&d=%2Fa%2FSJ00000BeNQz%2FRIwCUFqXbDN7JOhswNKrgHAnN_ROcMIbZDF21qOR.cY&asPdf=false,Laura Williams,Oklahoma,0,74940,febbb4b8f6d45a78
73-C-0216,Class C - Exhibitor,EUCHA,0,23204,0,2026-07-22,7/22/2026,Picture in Scripture Ministries Inc,1,https://aphis.file.force.com/sfc/dist/version/download/?oid=00Dt0000000GyZH&ids=068SJ00001M0MrW&d=%2Fa%2FSJ00000BsfhN%2FayO2HIIden.EBq2dLkNyUa_EbPVsxsKnw4ndNMvCkHU&asPdf=false,Picture in Scripture Ministries Inc,Oklahoma,0,74342,75b104a3ab6573f2
31-A-0766,Class A - Breeder,MILLERSBURG,0,23264,0,2026-06-15,6/15/2026,Cozy Cove Puppies,0,https://aphis.file.force.com/sfc/dist/version/download/?oid=00Dt0000000GyZH&ids=068SJ00001GooZW&d=%2Fa%2FSJ00000B51px%2FHUggN4zrsJXooZ7MwyhcNNZn0rgHpkVIo6DqKhn7sjA&asPdf=false,Cozy Cove Puppies,Ohio,0,44654,42c59248f2d9c527
91-R-0080,Class R - Research Facility,Seattle,0,23329,0,2026-06-23,6/23/2026,Sound Pharmaceuticals Inc,0,https://aphis.file.force.com/sfc/dist/version/download/?oid=00Dt0000000GyZH&ids=068SJ00001HgfB2&d=%2Fa%2FSJ00000BDeFp%2FUS4p4HApkRr3h6CGcy1AiNDJ8Q0s53GGlJKuSuu7M0o&asPdf=false,Sound Pharmaceuticals Inc,Washington,0,98102,1d29c2b31ecb247f
35-C-0395,Class C - Exhibitor,EDGERTON,0,2338,0,2026-08-06,8/6/2026,Edgerton Conservation Club,2,https://aphis.file.force.com/sfc/dist/version/download/?oid=00Dt0000000GyZH&ids=068SJ00001O8p5p&d=%2Fa%2FSJ00000CEE4E%2Fc1pGIfyn33h7XFB9JkmyJaw8Jy7f.f8yob__o44xYko&asPdf=false,EDGERTON CONSERVATION CLUB,Wisconsin,0,53534,1c5cbee9ad2f282b
35-C-0390,Class C - Exhibitor,Menomonie,0,2341,0,2026-07-30,7/30/2026,Menomonie Lions Club,0,https://aphis.file.force.com/sfc/dist/version/download/?oid=00Dt0000000GyZH&ids=068SJ00001MwGig&d=%2Fa%2FSJ00000C3Cdd%2FTUHN3qs0uq6P1grXS5WEcuJqf_SgXUOQqi7zl.A58HE&asPdf=false,Menomonie Lions Club,Wisconsin,0,54751,f98748a03e7a8e14
33-C-0530,Class C - Exhibitor,Raymond,0,23435,0,2026-06-17,6/17/2026,Mo Beeler,0,https://aphis.file.force.com/sfc/dist/version/download/?oid=00Dt0000000GyZH&ids=068SJ00001GwEsG&d=%2Fa%2FSJ00000B6El7%2Fn0FbEdfB4Y58l5PYiyi3nFFw5aQBMa9w488vfcxWgmA&asPdf=false,Mo Beeler,Illinois,0,62560,924e9562b51c9911
35-C-0031,Class C - Exhibitor,RACINE,0,2346,0,2026-08-05,8/5/2026,"Racine Zoological Society, Inc.",0,https://aphis.file.force.com/sfc/dist/version/download/?oid=00Dt0000000GyZH&ids=068SJ00001OLyJ4&d=%2Fa%2FSJ00000CG8fS%2FnNgVSBgSWtvK8Iz_AcTAIFR1voXiiLotasYXDVGFzvY&asPdf=false,Racine Zoological Park,Wisconsin,0,53402,644315db729df2d2
31-R-0029,Class R - Research Facility,OXFORD,0,235,0,2026-07-08,7/8/2026,Miami University ORI,0,https://aphis.file.force.com/sfc/dist/version/download/?oid=00Dt0000000GyZH&ids=068SJ00001Jp8Q1&d=%2Fa%2FSJ00000BY5Rx%2FDdRiAxJE4vNyqGjj9gYh81ieSORXgZsH_d_TlSnVktY&asPdf=false,MIAMI UNIVERSITY,Ohio,0,45056,81213547a022693e
35-C-0219,Class C - Exhibitor,CRANDON,0,2367,0,2026-08-26,8/26/2026,County of Forest,0,https://aphis.file.force.com/sfc/dist/version/download/?oid=00Dt0000000GyZH&ids=068SJ00001Qvvq5&d=%2Fa%2FSJ00000CdoKb%2Fx6ph1Cx5KYIRUXPdX4RzWnBDh3KdX6HSRpfoeB6GL.k&asPdf=false,DEER FARM,Wisconsin,0,54520,2e35e26e1be4c767
35-C-0132,Class C - Exhibitor,WATERFORD,0,2370,0,2026-07-29,7/29/2026,Thomas Rausch Susan Rausch,0,https://aphis.file.force.com/sfc/dist/version/download/?oid=00Dt0000000GyZH&ids=068SJ00001MllRL&d=%2Fa%2FSJ00000C17Bp%2FOnifKdGiPP_E0EfbQvjKk_gMd4rQSoxx30kucQ5cvmQ&asPdf=false,BEAR DEN PETTING ZOO,Wisconsin,0,53185,30b952d23a308ee7
35-C-0018,Class C - Exhibitor,WISCONSIN RAPIDS,0,2378,0,2026-07-28,7/28/2026,City Of Wisconsin Rapids,0,https://aphis.file.force.com/sfc/dist/version/download/?oid=00Dt0000000GyZH&ids=068SJ00001MvmJG&d=%2Fa%2FSJ00000C39hN%2FpY5UqvBqPCR6QW6COJ3Pf9Q.oCPUcL4HhbyxnF.lkBk&asPdf=false,CITY OF WISCONSIN RAPIDS,Wisconsin,0,54495,e1a94d8d2e43b4cb
35-C-0005,Class C - Exhibitor,Sharon,0,2383,0,2026-08-03,8/3/2026,Valley of the Kings Sanctuary,0,https://aphis.file.force.com/sfc/dist/version/download/?oid=00Dt0000000GyZH&ids=068SJ00001NOwAB&d=%2Fa%2FSJ00000Ck35d%2FJJ.l8MN6NmQZBLYbFXGakNaLu0ev66W6DvVv0B20zY0&asPdf=false,JES Exotics Sanctuary,Wisconsin,0,53585,24fb28fb4bda9088
43-A-6674,Class A - Breeder,CHILLICOTHE,0,23842,0,2026-08-17,8/17/2026,Jackie Mammen,0,https://aphis.file.force.com/sfc/dist/version/download/?oid=00Dt0000000GyZH&ids=068SJ00001PI7CO&d=%2Fa%2FSJ00000CPmLt%2F.DKXOnsd2dpt_gYxjW4VzzbTCVB.9XlwAQYuEeqL.4s&asPdf=false,JACKIE MAMMEN,Missouri,0,64601,76913e1f38c72e04
33-B-0185,Class B - Dealer,OCALA,0,2388,0,2026-06-11,6/11/2026,APET Inc,0,https://aphis.file.force.com/sfc/dist/version/download/?oid=00Dt0000000GyZH&ids=068SJ00001GCh9D&d=%2Fa%2FSJ00000Ayp9x%2F4cfkHt1ahurU7G1y_y0sP_vwqLN6OM_AFzGPsY.2qAk&asPdf=false,APET Inc,Florida,0,34470,1eb32116bff4f244
33-B-0185,Class B - Dealer,EAST DUNDEE,0,2388,0,2026-07-15,7/15/2026,APET Inc,1,https://aphis.file.force.com/sfc/dist/version/download/?oid=00Dt0000000GyZH&ids=068SJ00001KxaGe&d=%2Fa%2FSJ00000BiHGX%2FWi2QitupQTZ3HBn1bPo20MiSsHx13GMrp6CIjecr73s&asPdf=false,APET INC,Illinois,0,60118,aeae338688da3b22
33-B-0185,Class B - Dealer,Bartonville,0,2388,0,2026-07-22,7/22/2026,APET Inc,1,https://aphis.file.force.com/sfc/dist/version/download/?oid=00Dt0000000GyZH&ids=068SJ00001Pg34W&d=%2Fa%2FSJ00000CTbi2%2FRVf1zPWdWCZ6g_cxWsvwXoQAUa6iADsM3mY8sg7Orso&asPdf=false,APET Inc.,Texas,0,75022,752be7bad8580c6c
33-B-0185,Class B - Dealer,Newnan,0,2388,0,2026-07-29,7/29/2026,APET Inc,0,https://aphis.file.force.com/sfc/dist/version/download/?oid=00Dt0000000GyZH&ids=068SJ00001Mpk3u&d=%2Fa%2FSJ00000C1vq9%2Fse9DPOIWPvA0AH_imHeSHEa9SHnZ4hzGAgyrB1dM19I&asPdf=false,APET INC - Newnan GA,Georgia,0,30263,25c354d6b72da47e
14-R-0192,Class R - Research Facility,WORCESTER,0,23918,0,2026-06-15,6/15/2026,Biomedical Research Models Inc,0,https://aphis.file.force.com/sfc/dist/version/download/?oid=00Dt0000000GyZH&ids=068SJ00001GlTTM&d=%2Fa%2FSJ00000B47Kk%2F.O.L7ZTAsEFlFbBWOPE7.QgT2KPaMZShjfl4MChjxx4&asPdf=false,BIOMEDICAL RESEARCH MODELS INC,Massachusetts,0,01608,0a4a30a09cbe4ca5
14-R-0192,Class R - Research Facility,WORCESTER,0,23918,0,2026-07-15,7/15/2026,Biomedical Research Models Inc,0,https://aphis.file.force.com/sfc/dist/version/download/?oid=00Dt0000000GyZH&ids=068SJ00001KpBx5&d=%2Fa%2FSJ00000Bh2g9%2F.B_sherYOmrk2IU4kjbW2IFCjA9MuS8jkJnYtu1jeNk&asPdf=false,BIOMEDICAL RESEARCH MODELS INC,Massachusetts,0,01608,2661dbfb12b9d942
35-C-0235,Class C - Exhibitor,Cascade,0,23924,0,2026-08-05,8/5/2026,Heidi Casady,1,https://aphis.file.force.com/sfc/dist/version/download/?oid=00Dt0000000GyZH&ids=068SJ00001OqOWI&d=%2Fa%2FSJ00000CLfSf%2FZsTRIrh5fAWrcRtOPbrM975xAYsxXg7hyUXh6XbZ7o0&asPdf=false,Heidi Casady,Wisconsin,0,53011,9ec41853e86ed622
32-C-0001,Class C - Exhibitor,Indianapolis,0,2394,0,2026-06-15,6/15/2026,Indianapolis Zoological Society Inc.,0,https://aphis.file.force.com/sfc/dist/version/download/?oid=00Dt0000000GyZH&ids=068SJ00001Gcvth&d=%2Fa%2FSJ00000B2ikz%2FxnI3pkv.fOMxXDowHDfqlDSdzznVixJpwbBlS6F751o&asPdf=false,Indianapolis Zoological Society Inc.,Indiana,0,46222,5b4fb8f98b824705
55-C-0198,Class C - Exhibitor,Windsor,0,24062,0,2026-08-06,8/6/2026,Town Of Windsor,0,https://aphis.file.force.com/sfc/dist/version/download/?oid=00Dt0000000GyZH&ids=068SJ00001Nnjzb&d=%2Fa%2FSJ00000CBJV3%2F1nVQ6bxRO3x0T_waqF4ctJULBdIJdTesvlYYPGzdaW8&asPdf=false,Town of Windsor,North Carolina,0,27983,6b2bb0cca3b5ca6c
35-C-0078,Class C - Exhibitor,Wisconsin Dells,0,2413,0,2026-08-12,8/12/2026,Peter Tollaksen,0,https://aphis.file.force.com/sfc/dist/version/download/?oid=00Dt0000000GyZH&ids=068SJ00001PEXP1&d=%2Fa%2FSJ00000COruO%2FVuRxB8O22kQgMTAdEsSghNfRXCU8kW0ooiPH5hjOR_U&asPdf=false,Peter Tollaksen,Wisconsin,0,53965,b1186239e6ec470a
43-A-5508,Class A - Breeder,Norwood,0,24144,0,2026-07-09,7/9/2026,Stacy Davis,0,https://aphis.file.force.com/sfc/dist/version/download/?oid=00Dt0000000GyZH&ids=068SJ00001MDLKv&d=%2Fa%2FSJ00000BuTyf%2FgtNf5tQ6200gOcjN0cdswnUn7vmtx3OO2Mg3v69bNN8&asPdf=false,Stacy Davis,Missouri,0,65717,c28e9c80da1012fa
33-R-0132,Class R - Research Facility,SCHAUMBURG,0,24236,0,2026-07-11,7/11/2026,American Veterinary Medical Association,0,https://aphis.file.force.com/sfc/dist/version/download/?oid=00Dt0000000GyZH&ids=068SJ00001KAiLd&d=%2Fa%2FSJ00000Bali1%2FwCqUvD5wZPhaJTDGWQG1e2vw9v0LWGFfiJZdQuYi2p0&asPdf=false,AVMA,Illinois,0,60173,a3edc0eb18b27be9
72-B-0126,Class B - Dealer,Carriere,0,24398,0,2026-07-27,7/27/2026,Edwin M Stoutz,0,https://aphis.file.force.com/sfc/dist/version/download/?oid=00Dt0000000GyZH&ids=068SJ00001MJnXk&d=%2Fa%2FSJ00000Bvwc1%2FEOuqEO0Nx6yIPeWDtrWFW42tprQXCyzV3v0Gv8b4CV4&asPdf=false,Edwin M Stoutz,Mississippi,0,39462,e48882d7e5f1467e
72-B-0126,Class B - Dealer,HAMMOND,0,24398,5,2026-08-17,8/17/2026,Edwin M Stoutz,8,https://aphis.file.force.com/sfc/dist/version/download/?oid=00Dt0000000GyZH&ids=068SJ00001PqrZE&d=%2Fa%2FSJ00000CUvMv%2FngIPr6q1pixWcsZrCuqEf8eNGCGYWI10CjxQGHU6fdY&asPdf=false,Edwin M Stoutz,Louisiana,0,70401,e294e6a5c17b6234
43-A-6973,Class A - Breeder,Seymour,0,24451,0,2026-07-01,7/1/2026,Mosie ES Schwartz,0,https://aphis.file.force.com/sfc/dist/version/download/?oid=00Dt0000000GyZH&ids=068SJ00001Il82Y&d=%2Fa%2FSJ00000BOKyX%2FtMSTglDN1Mn55C.SOwl7aQvbGRfeGNao.j4yQyf04MM&asPdf=false,Mosie ES Schwartz,Missouri,0,65746,3b926df3dc029edb
23-C-0098,Class C - Exhibitor,Halifax,0,2449,0,2026-07-06,7/6/2026,Lake Tobias Wildlife Park,0,https://aphis.file.force.com/sfc/dist/version/download/?oid=00Dt0000000GyZH&ids=068SJ00001JbUVM&d=%2Fa%2FSJ00000BWFyT%2FkTVvwu.7ym5Ks2XwOiTu9S9NbaYvsna3nIsQ.T34HE4&asPdf=false,Lake Tobias Wildlife Park,Pennsylvania,0,17032,988d402455822a1b
43-A-4030,Class A - Breeder,VERSAILLES,0,24505,0,2026-07-15,7/15/2026,Peter L and Miriam Zimmerman,0,https://aphis.file.force.com/sfc/dist/version/download/?oid=00Dt0000000GyZH&ids=068SJ00001KnUHR&d=%2Fa%2FSJ00000Bgcgr%2Fb0b6cftDBGpjSF91AxN.ZBX3yajNjuc1Y8lSPa7i5D8&asPdf=false,Peter and Miriam Zimmerman,Missouri,0,65084,448456b0f7c58808
52-C-0033,Class C - Exhibitor,Richmond,0,2466,0,2026-08-05,8/5/2026,Maymont Foundation,0,https://aphis.file.force.com/sfc/dist/version/download/?oid=00Dt0000000GyZH&ids=068SJ00001Nnrlg&d=%2Fa%2FSJ00000CBIFd%2FiAEHQyRsu76KT4VavPUeSFA0GZggN45NAuQLKM9s9XY&asPdf=false,Maymont Foundation,Virginia,0,23220,baeec990cffe3c32
52-C-0028,Class C - Exhibitor,MOSELEY,0,2469,0,2026-07-09,7/9/2026,Metro Richmond Zoo,0,https://aphis.file.force.com/sfc/dist/version/download/?oid=00Dt0000000GyZH&ids=068SJ00001Kov41&d=%2Fa%2FSJ00000BgsX7%2Fpkh_SIi_AFwpHpL7fskFHlA1F9eqS_h79F_ezHVAquU&asPdf=false,METRO RICHMOND ZOO,Virginia,0,23120,69116517d5cfd253
31-R-0100,Class R - Research Facility,Cincinnati,0,247,0,2026-06-17,6/17/2026,Center for Conservation and Research of Endangered Wildlife,0,https://aphis.file.force.com/sfc/dist/version/download/?oid=00Dt0000000GyZH&ids=068SJ00001H9Bl8&d=%2Fa%2FSJ00000B8hEL%2Fyi0GUuxryoUjXOySF9xJpuONqVsNz0Ogzb84av4zhC8&asPdf=false,Center for Conservation and Research of Endangered Wildlife,Ohio,0,45220,1659d6daf80c791c
52-C-0182,Class C - Exhibitor,NEWPORT NEWS,0,2473,0,2026-08-06,8/6/2026,Peninsula SPCA Inc,0,https://aphis.file.force.com/sfc/dist/version/download/?oid=00Dt0000000GyZH&ids=068SJ00001NnhMP&d=%2Fa%2FSJ00000CBIcD%2FoMjpwcG3UvHJNcZifb8eS6QyUYSnQCcRFUrl.8hwN2A&asPdf=false,PENINSULA SPCA INC,Virginia,0,23601,4222580516725e07
21-C-0113,Class C - Exhibitor,West Falls,0,2475,0,2026-07-07,7/7/2026,Hawk Creek Wildlife Center Inc,0,https://aphis.file.force.com/sfc/dist/version/download/?oid=00Dt0000000GyZH&ids=068SJ00001JRtQ9&d=%2Fa%2FSJ00000BUuWH%2Fi5BOJi2dfRXEXHufkbd73lQ3NagwPO9Wdu0BsAtfyp8&asPdf=false,Hawk Creek Wildlife Center Inc,New York,0,14170,c7e815d818b9afdf
21-C-0113,Class C - Exhibitor,West Falls,0,2475,0,2026-07-07,7/7/2026,Hawk Creek Wildlife Center Inc,0,https://aphis.file.force.com/sfc/dist/version/download/?oid=00Dt0000000GyZH&ids=068SJ00001JSERG&d=%2Fa%2FSJ00000BUYcE%2FFkbywCIqIAU95vINuKc6ddDN6EwljwtYr96ZR2wec5I&asPdf=false,Hawk Creek Wildlife Center Inc,New York,0,14170,f8b193d1c7ab824d
52-C-0012,Class C - Exhibitor,LURAY,0,2478,0,2026-08-05,8/5/2026,Mark Kilby,0,https://aphis.file.force.com/sfc/dist/version/download/?oid=00Dt0000000GyZH&ids=068SJ00001RZtEe&d=%2Fa%2FSJ00000CjzoP%2FM0yeuRRXQGmEGVkcZHAtoiRuyplVyynlWbvVH_S.bG8&asPdf=false,LURAY ZOO,Virginia,0,22835,f8c49898ae2568b2
31-R-0067,Class R - Research Facility,PARMA,0,248,0,2026-08-26,8/26/2026,Cuyahoga Community College,0,https://aphis.file.force.com/sfc/dist/version/download/?oid=00Dt0000000GyZH&ids=068SJ00001QcyIQ&d=%2Fa%2FSJ00000Catv7%2FcLabFOI3XJ.4hYrGI_b.rZU5mO5DIt353GKjBRy2cCc&asPdf=false,Veterinary Technology Department,Ohio,0,44130,8cbc0735a193a591
43-A-5892,Class A - Breeder,GRANT CITY,0,24808,0,2026-06-26,6/26/2026,Charlene Green,0,https://aphis.file.force.com/sfc/dist/version/download/?oid=00Dt0000000GyZH&ids=068SJ00001IcAOj&d=%2Fa%2FSJ00000BMvvl%2FnonqzjjheHYi68NuySqs_1ls1psTxNRMVXPiIohaVVk&asPdf=false,CHARLENE GREEN,Missouri,0,64456,f928590e421e0adc
52-C-0166,Class C - Exhibitor,NATURAL BRIDGE,0,2481,0,2026-08-04,8/4/2026,Virginia Safari Park,0,https://aphis.file.force.com/sfc/dist/version/download/?oid=00Dt0000000GyZH&ids=068SJ00001OdKTd&d=%2Fa%2FSJ00000CJIoj%2Ftv_R0dayae2m6hreJEiZdopGh8_iASSnqwEl.ST0iZs&asPdf=false,VIRGINIA SAFARI PARK INC,Virginia,0,24578,4beba359e8d5908a
35-C-0276,Class C - Exhibitor,Oconomowoc,0,24896,0,2026-07-28,7/28/2026,Wildlife in Need Center LTD,0,https://aphis.file.force.com/sfc/dist/version/download/?oid=00Dt0000000GyZH&ids=068SJ00001MXABY&d=%2Fa%2FSJ00000ByAHV%2FjfWEfketHe2b6bJTVib.MgMsiaw3mcQYQMJvcAlvync&asPdf=false,Wildlife in Need Center LTD,Wisconsin,0,53066,aa2e29235b1b9a78
31-R-0082,Class R - Research Facility,ATHENS,0,251,0,2026-07-01,7/1/2026,Ohio University,0,https://aphis.file.force.com/sfc/dist/version/download/?oid=00Dt0000000GyZH&ids=068SJ00001JIy45&d=%2Fa%2FSJ00000BTLp7%2F9_jp1_3KKNR.poFP5cyoTgZZpIHmmzLA5PvQbwZpKsg&asPdf=false,OHIO UNIVERSITY,Ohio,0,45701,e4a19307c399fbd9
33-C-0418,Class C - Exhibitor,Wheaton,0,2511,0,2026-07-23,7/23/2026,"Wheaton Park District, Cosley Zoo",1,https://aphis.file.force.com/sfc/dist/version/download/?oid=00Dt0000000GyZH&ids=068SJ00001LzvGJ&d=%2Fa%2FSJ00000BsarN%2FTbV0uJH9Jkh_.QYM4xbchvW9KCjCeFhaW99FEHUasSs&asPdf=false,Wheaton Park District,Illinois,0,60187,61b498337a955de7
55-C-0298,Class C - Exhibitor,Hickory,0,25120,0,2026-08-12,8/12/2026,Catawba Science Center,0,https://aphis.file.force.com/sfc/dist/version/download/?oid=00Dt0000000GyZH&ids=068SJ00001OVZw8&d=%2Fa%2FSJ00000CIBxO%2FYJ4fhOP0CI2rwO_.S1dHpx_N80.2LywL8_jU7mGihgM&asPdf=false,Catawba Science Center,North Carolina,0,28601,3f0ff257ac4dd028
33-C-0034,Class C - Exhibitor,Libertyville,0,2515,0,2026-06-16,6/16/2026,The Lambs Farm Inc,0,https://aphis.file.force.com/sfc/dist/version/download/?oid=00Dt0000000GyZH&ids=068SJ00001GpTaw&d=%2Fa%2FSJ00000B59E1%2FfOXHjJ2JRWjTxOz87axfHaqCl8qc86sceEanRa8QLQQ&asPdf=false,The Lambs Farm Inc,Illinois,0,60048,2498b1374ed70764
33-C-0034,Class C - Exhibitor,Libertyville,0,2515,0,2026-08-28,8/28/2026,The Lambs Farm Inc,1,https://aphis.file.force.com/sfc/dist/version/download/?oid=00Dt0000000GyZH&ids=068SJ00001Rv8KB&d=%2Fa%2FSJ00000CmuLx%2Fc23wNvXSfwDlFEtihuVbwZT6NB4pTONjpiIXSiQ5YOY&asPdf=false,The Lambs Farm Inc,Illinois,0,60048,bb4b5dc86742c7ea
73-C-0278,Class C - Exhibitor,GUYMON,0,25292,0,2026-06-24,6/24/2026,City Of Guymon,0,https://aphis.file.force.com/sfc/dist/version/download/?oid=00Dt0000000GyZH&ids=068SJ00001Hpge8&d=%2Fa%2FSJ00000BF8Jt%2FRk9rVKJNnJ7FdYY7ltUDQWQ.uraLKpxc8XsSxZIBcrg&asPdf=false,City of Guymon,Oklahoma,0,73942,14d9d8e8281cfb54
31-R-0091,Class R - Research Facility,CHICAGO,0,254,0,2026-08-10,8/10/2026,Frontage Laboratories,0,https://aphis.file.force.com/sfc/dist/version/download/?oid=00Dt0000000GyZH&ids=068SJ00001OKkdI&d=%2Fa%2FSJ00000CGI0T%2Fy7dPoMzEkealMRfly.1wfCM5vanXVfvMage7E71hNiM&asPdf=false,"Frontage Laboratories, Inc. - IL",Illinois,0,60609,2b3e149cb3a59eaf
43-A-6895,Class A - Breeder,Caulfield,0,25615,0,2026-07-22,7/22/2026,Cindy Williams,0,https://aphis.file.force.com/sfc/dist/version/download/?oid=00Dt0000000GyZH&ids=068SJ00001MDgic&d=%2Fa%2FSJ00000BuVcH%2FZB8Dv25GhzrzFKjbsxCdTCiOzoSkKtHLNgZDOxnZiXk&asPdf=false,Cindy Williams - Zoes Boxer Barn,Missouri,0,65626,8a4a58790f84f110
33-C-0040,Class C - Exhibitor,Decatur,0,2568,0,2026-08-27,8/27/2026,Decatur Park District,0,https://aphis.file.force.com/sfc/dist/version/download/?oid=00Dt0000000GyZH&ids=068SJ00001QtD2H&d=%2Fa%2FSJ00000CdMsz%2FBC4fLkHdqCBRKiDGPVPyaHl9HQNOUBaD9kKQak77lKU&asPdf=false,Decatur Park District,Illinois,0,62521,2295d17f35421c30
14-C-0043,Class C - Exhibitor,Groveland,0,2572,0,2026-06-10,6/10/2026,Dean Kosch,1,https://aphis.file.force.com/sfc/dist/version/download/?oid=00Dt0000000GyZH&ids=068SJ00001GMuek&d=%2Fa%2FSJ00000B0UmH%2Fes4paHitxkvEPfh5Ou6LAKNe4RPLEzDUkgYXElTFOhk&asPdf=false,Curious Creatures,Massachusetts,0,01834,215ab9639789d565
33-C-0117,Class C - Exhibitor,Mulberry Grove,0,2577,0,2026-06-22,6/22/2026,Max E. and Vicky L. Guthrie,0,https://aphis.file.force.com/sfc/dist/version/download/?oid=00Dt0000000GyZH&ids=068SJ00001HVFAP&d=%2Fa%2FSJ00000BBXvB%2FvhEp7BWg8n73KKZGC.gjLZivVnnWs8jIihj8a3yOft4&asPdf=false,Max E. and Vicky L. Guthrie,Illinois,0,62262,42b3ecab4f346e79
31-C-0310,Class C - Exhibitor,McConnelsville,0,258,0,2026-08-14,8/14/2026,Ohio Department of Natural Resources,0,https://aphis.file.force.com/sfc/dist/version/download/?oid=00Dt0000000GyZH&ids=068SJ00001Optyn&d=%2Fa%2FSJ00000CLa6P%2Fz6Gf4ANTVrJXWjPNAYdtQQrdwVHH5gVswC24pxFPUP8&asPdf=false,Division of Wildlife,Ohio,0,43756,efb997f2135749f2
21-T-0069,Class T - Carrier,SAN FRANCISCO,0,25860,0,2026-08-26,8/26/2026,Swiss International Air Lines Ltd,0,https://aphis.file.force.com/sfc/dist/version/download/?oid=00Dt0000000GyZH&ids=068SJ00001QuAYP&d=%2Fa%2FSJ00000CdYZC%2FwiVaG.mpBBGKIKwtzeE1JAkOQZMTwXsvGTyrYvbcKI0&asPdf=false,Swiss International Air Lines Ltd. - SFO - San Francisco International Airport,California,0,94128,22a4283ba751bc4b
35-A-0356,Class A - Breeder,Boyd,0,25949,0,2026-06-11,6/11/2026,Paul Zimmerman,5,https://aphis.file.force.com/sfc/dist/version/download/?oid=00Dt0000000GyZH&ids=068SJ00001GETF2&d=%2Fa%2FSJ00000AzDgv%2FxFxC8s6.CEDQLKg8wmQNqt6V_YN3HzkrAtkJgTbu1MQ&asPdf=false,Paul Zimmerman,Wisconsin,0,54726,a2d87a1d948b2e71
14-A-0039,Class A - Breeder,Norton,0,26120,0,2026-06-17,6/17/2026,Coyote Consulting Company Inc,0,https://aphis.file.force.com/sfc/dist/version/download/?oid=00Dt0000000GyZH&ids=068SJ00001HSEQv&d=%2Fa%2FSJ00000BAlc1%2FtQ3Vu.pyWrnbfnjRANoJLFV69sB1mrx6C8q.JHBKmN8&asPdf=false,Coyote Consulting Company Inc,Massachusetts,0,02766,025e31e7f68a038e
33-C-0176,Class C - Exhibitor,BELVIDERE,0,2619,0,2026-07-08,7/8/2026,RICK ANDERSON TAMMY ANDERSON,2,https://aphis.file.force.com/sfc/dist/version/download/?oid=00Dt0000000GyZH&ids=068SJ00001LLaYZ&d=%2Fa%2FSJ00000Blqw6%2FNWTluCm2MBr515qlAn9Sl2CvIQGb.RgG21Syb8VeGwg&asPdf=false,SUMMERFIELD FARM,Illinois,0,61008,bf238aae7b2e932e
43-A-4826,Class A - Breeder,JAMESPORT,0,26212,0,2026-07-31,7/31/2026,Freeman Detweiler,0,https://aphis.file.force.com/sfc/dist/version/download/?oid=00Dt0000000GyZH&ids=068SJ00001Mu6P2&d=%2Fa%2FSJ00000C2j3l%2FE9MR10Nhow_ehzhKYjDEfw1uuAFSxIo6BgYW5aJb2r0&asPdf=false,FREEMAN DETWEILER,Missouri,0,64648,d227683a1b976146
93-T-0031,Class T - Carrier,SAN FRANCISCO,0,26239,0,2026-08-26,8/26/2026,Japan Airlines Company LTD,0,https://aphis.file.force.com/sfc/dist/version/download/?oid=00Dt0000000GyZH&ids=068SJ00001QvHRI&d=%2Fa%2FSJ00000CdhHV%2FaAaaOhJEHeQV3j_Ds_VPndskh6eGU6Z63VBdTxWpQ1A&asPdf=false,"JAPAN AIRLINES INTERNATIONAL COMPANY, LTD.",California,0,94128,0801c72c1b9421d0
21-T-0070,Class T - Carrier,San Francisco,0,26261,0,2026-07-28,7/28/2026,Lufthansa Cargo AG,0,https://aphis.file.force.com/sfc/dist/version/download/?oid=00Dt0000000GyZH&ids=068SJ00001Mw3i2&d=%2Fa%2FSJ00000C33k1%2FpMl2SGrSaJvY3zCezm_vih3QT.7neRUG4XDupriF7co&asPdf=false,Lufthansa Cargo AG - SFO - San Francisco International Airport,California,0,94128,f013b0369a47793b
21-T-0070,Class T - Carrier,San Diego,0,26261,0,2026-08-03,8/3/2026,Lufthansa Cargo AG,0,https://aphis.file.force.com/sfc/dist/version/download/?oid=00Dt0000000GyZH&ids=068SJ00001NjyHC&d=%2Fa%2FSJ00000CAd1G%2FaMd5IgCjgfByvkGrOdhTBjvWe7SoG7oD4FzSC.RB18M&asPdf=false,Lufthansa Cargo AG - SAN - San Diego International Airport,California,0,92101,d94944510faefe6e
31-C-0250,Class C - Exhibitor,BAY VILLAGE,0,263,0,2026-06-24,6/24/2026,Lake Erie Nature and Science Center,0,https://aphis.file.force.com/sfc/dist/version/download/?oid=00Dt0000000GyZH&ids=068SJ00001LGavx&d=%2Fa%2FSJ00000Bl7kT%2FYXD3RuK9WurQlM1IzZ.8h0s_utGrEZEfnP0eCX_7ioI&asPdf=false,LAKE ERIE NATURE & SCIENCE CENTER,Ohio,0,44140,13c0e25e7c666b69
32-C-0076,Class C - Exhibitor,North Manchester,0,2636,0,2026-07-15,7/15/2026,Joni Putt Cripe and Judy Putt Druck,0,https://aphis.file.force.com/sfc/dist/version/download/?oid=00Dt0000000GyZH&ids=068SJ00001L0kZZ&d=%2Fa%2FSJ00000Bj0Dd%2FfEKTjgGvHK6s6WzQSrLNesbwlG7KAspDxoe6TkGjsvo&asPdf=false,Animal-Grams & Joju Animal Entertainment,Indiana,0,46962,c6f6307e561242a0
58-C-0794,Class C - Exhibitor,Williston,0,26408,0,2026-08-13,8/13/2026,Patricia L. Zerbini and Anthony G. Thomas,0,https://aphis.file.force.com/sfc/dist/version/download/?oid=00Dt0000000GyZH&ids=068SJ00001OmydC&d=%2Fa%2FSJ00000CKhwu%2Fnc5xzLM4I388R9kZirn.HX8AE0FfxG_wkv3qlxcXN98&asPdf=false,Patricia L. Zerbini and Anthony G. Thomas,Florida,0,32696,3916dafdeb4408dd
93-T-0035,Class T - Carrier,South San Francisco,0,26446,0,2026-08-26,8/26/2026,EVA Airways Corporation,0,https://aphis.file.force.com/sfc/dist/version/download/?oid=00Dt0000000GyZH&ids=068SJ00001QuLaO&d=%2Fa%2FSJ00000CdfPN%2FI3ReO6zxrxpj5n6EvzflQQbE6gE6DMzScJEL8O3majg&asPdf=false,San Francisco International Airport,California,0,94128,90e84abfc625bda7
93-T-0026,Class T - Carrier,SAN FRANCISCO,0,26447,0,2026-08-26,8/26/2026,Cathay Pacific Airways LTD.,0,https://aphis.file.force.com/sfc/dist/version/download/?oid=00Dt0000000GyZH&ids=068SJ00001QuXRs&d=%2Fa%2FSJ00000CdfsP%2FpmxN9nkO.uUkdyhjODhtUwvDeAe8HOI7cqC6Ove_gbc&asPdf=false,"CATHAY PACIFIC AIRWAYS, LTD",California,0,94128,501766125d39d6a0
43-A-4346,Class A - Breeder,Butler,0,26481,0,2026-06-17,6/17/2026,Elaine Craig,0,https://aphis.file.force.com/sfc/dist/version/download/?oid=00Dt0000000GyZH&ids=068SJ00001Hg8S6&d=%2Fa%2FSJ00000BDZOD%2FQrw7INsHOXEqCpoZ4_fMs.l2ScYPYi5AnxXU2r1ICN4&asPdf=false,Elaine Craig,Missouri,0,64730,a251a45f8c54f9a7
32-B-0213,Class B - Dealer,Indianapolis,0,2650,0,2026-07-28,7/28/2026,Pet Centers of Indiana Inc,0,https://aphis.file.force.com/sfc/dist/version/download/?oid=00Dt0000000GyZH&ids=068SJ00001Mbu4i&d=%2Fa%2FSJ00000BzRhh%2FiALYiF2HJz_bUaYMZQImPDznHpYPRjfOlU98mgn1in0&asPdf=false,Uncle Bill's Pet Center,Indiana,0,46254,d7edb0c20c97e83a
32-B-0213,Class B - Dealer,Zionsville,0,2650,0,2026-07-30,7/30/2026,Pet Centers of Indiana Inc,0,https://aphis.file.force.com/sfc/dist/version/download/?oid=00Dt0000000GyZH&ids=068SJ00001N9VS9&d=%2Fa%2FSJ00000C4lO1%2F.07_NApBPRGigfCVgsyE_FjDodLntV8Xc81v2c6lBYk&asPdf=false,Pet Centers of Indiana Inc - Zionsville,Indiana,0,46077,1de327ad461340c6
32-C-0024,Class C - Exhibitor,Lafayette,0,2651,0,2026-08-19,8/19/2026,City of Lafayette,0,https://aphis.file.force.com/sfc/dist/version/download/?oid=00Dt0000000GyZH&ids=068SJ00001PRHUE&d=%2Fa%2FSJ00000CRVQb%2FzJ5HqeOyrGEmD3VmFfYTXLBBi.cvlW.tQTF0qTR5JUQ&asPdf=false,City of Lafayette,Indiana,0,47904,5ef0cd76f77a4639
58-R-0136,Class R - Research Facility,MIAMI,0,26622,0,2026-07-28,7/28/2026,Florida International University,0,https://aphis.file.force.com/sfc/dist/version/download/?oid=00Dt0000000GyZH&ids=068SJ00001MXx4L&d=%2Fa%2FSJ00000ByM49%2FCN.Ruxo2KBr.u7MjWEhlub0VFKg6r4dKXWVlPmPDdF8&asPdf=false,FLORIDA INTERNATIONAL UNIVERSITY,Florida,0,33199,22c9896acaaeec40
32-C-0010,Class C - Exhibitor,Michigan City,0,2670,0,2026-07-06,7/6/2026,Washington Park Zoo,0,https://aphis.file.force.com/sfc/dist/version/download/?oid=00Dt0000000GyZH&ids=068SJ00001KHaEZ&d=%2Fa%2FSJ00000BbKSt%2F3DePKTp8G8a5kiHeHM0oK42ms26Temb0VG7Ub1_2efo&asPdf=false,Washington Park Zoo,Indiana,0,46360,0f19723b1ee94b0d
32-C-0256,Class C - Exhibitor,BLUFFTON,0,2674,0,2026-07-06,7/6/2026,Indiana State of Dept of Nat Resources,0,https://aphis.file.force.com/sfc/dist/version/download/?oid=00Dt0000000GyZH&ids=068SJ00001JJtWs&d=%2Fa%2FSJ00000BTRZg%2FO6FGMw2kGrZ92eQsaGd1SAdQfm2lTInVChLCZ2AwLfY&asPdf=false,Indiana State of Dept of Nat Resources,Indiana,0,46714,ab2d90fcdc42f294
32-C-0060,Class C - Exhibitor,Louisville,0,2678,0,2026-06-23,6/23/2026,Tim Hendrickson,0,https://aphis.file.force.com/sfc/dist/version/download/?oid=00Dt0000000GyZH&ids=068SJ00001HkY2w&d=%2Fa%2FSJ00000BE2wT%2F.rENt85UQI9QUq5XLPwq6wOJVFvEw_0xxy3i.42onjg&asPdf=false,Tim Hendrickson,Kentucky,0,40213,c9c2829f2cb8136b
32-C-0164,Class C - Exhibitor,TERRE HAUTE,0,2696,0,2026-08-04,8/4/2026,Atlantis Pet Center,0,https://aphis.file.force.com/sfc/dist/version/download/?oid=00Dt0000000GyZH&ids=068SJ00001NtxUj&d=%2Fa%2FSJ00000CCIYX%2FNd7zF2j71F2RhB5EMBfyKfDeOx.isMqItEfD1KjP0Pk&asPdf=false,Atlantis Pet Center,Indiana,0,47804,daf61934ea876fd6
96-C-0039,Class C - Exhibitor,Sitka,0,27148,0,2026-07-30,7/30/2026,Fortress Of The Bear Inc,0,https://aphis.file.force.com/sfc/dist/version/download/?oid=00Dt0000000GyZH&ids=068SJ00001Mo3nC&d=%2Fa%2FSJ00000C1hVR%2FmioE.SwXOnSAme89q9B.uWQbC3MZmrtQIW6W5.WO9sA&asPdf=false,FORTRESS OF THE BEAR INC,Alaska,0,99835,7bdaccd8dd6ac787
13-R-0001,Class R - Research Facility,BURLINGTON,0,273,0,2026-07-07,7/7/2026,University of Vermont,2,https://aphis.file.force.com/sfc/dist/version/download/?oid=00Dt0000000GyZH&ids=068SJ00001Ke5GR&d=%2Fa%2FSJ00000BfCRt%2Fa6yB1Z2Yh3B.QhJS9khggkbRKAix2Obw5oOmOCqLtHs&asPdf=false,UNIVERSITY OF VERMONT,Vermont,0,05405,4b7fbf8428cfc1d4
33-C-0173,Class C - Exhibitor,Carterville,0,2739,0,2026-08-05,8/5/2026,James and Beverly Shofstall,0,https://aphis.file.force.com/sfc/dist/version/download/?oid=00Dt0000000GyZH&ids=068SJ00001O79bY&d=%2Fa%2FSJ00000CDnyU%2FzOTK8PM5wVC2wOuSnTNp9qCGL6eSzjsEWylgmbc2Z7g&asPdf=false,Beverly and James Shofstall,Illinois,0,62918,abae4e9afa3acfc8
74-C-1032,Class C - Exhibitor,PILOT POINT,1,27405,0,2026-06-10,6/10/2026,Scott K Edwards,4,https://aphis.file.force.com/sfc/dist/version/download/?oid=00Dt0000000GyZH&ids=068SJ00001PJ5rn&d=%2Fa%2FSJ00000CPzfi%2Fsk8eVkpPhCW5I4E_9dFabSq.w03yA1wPLU2CZo2swIk&asPdf=false,Scott Edwards,Texas,0,76258,825a23adb4a24c9e
41-C-0277,Class C - Exhibitor,STACY,0,2758,0,2026-07-17,7/17/2026,Wildlife Science Center,0,https://aphis.file.force.com/sfc/dist/version/download/?oid=00Dt0000000GyZH&ids=068SJ00001LH9vF&d=%2Fa%2FSJ00000Bl4LB%2F6GmvaIC5kPcjMwKgimgPUkWD_k4USW7zoR7vQDcGaD8&asPdf=false,WILDLIFE SCIENCE CENTER,Minnesota,0,55079,e4e8c6978c88db43
73-C-0229,Class C - Exhibitor,Clinton,0,27799,0,2026-07-22,7/22/2026,Cherokee Trading Post,1,https://aphis.file.force.com/sfc/dist/version/download/?oid=00Dt0000000GyZH&ids=068SJ00001LwrHG&d=%2Fa%2FSJ00000Brye1%2Ff.APpPbtP1imsEAq7EQRkzrjyS.q1WB8VKbQmUvZ8ps&asPdf=false,Cherokee Trading Post,Oklahoma,0,73601,8b52fa9e46c5f054
93-C-0809,Class C - Exhibitor,Vallejo,0,27924,0,2026-08-19,8/19/2026,Six Flags Discovery Kingdom,0,https://aphis.file.force.com/sfc/dist/version/download/?oid=00Dt0000000GyZH&ids=068SJ00001QoCo6&d=%2Fa%2FSJ00000Cceoj%2FkcZ2l2PmOiYosOddoOShYOolMRqqUMFm.DNMlnahlB8&asPdf=false,Six Flags Discovery Kingdom,California,0,94589,7e1a8fe84a5f190d
41-C-0019,Class C - Exhibitor,Apple Valley,0,2793,0,2026-06-24,6/24/2026,State of Minnesota,1,https://aphis.file.force.com/sfc/dist/version/download/?oid=00Dt0000000GyZH&ids=068SJ00001NniYP&d=%2Fa%2FSJ00000CBFXt%2F_2D5sY1OYn2woWv2c6LSIxS9SmwpyrWhJUg46KfWN80&asPdf=false,Minnesota Zoological Gardens,Minnesota,0,55124,37d4bcb452e2da9c
93-R-0492,Class R - Research Facility,SAN MARCOS,0,27962,0,2026-06-16,6/16/2026,California State University San Marcos,0,https://aphis.file.force.com/sfc/dist/version/download/?oid=00Dt0000000GyZH&ids=068SJ00001HcODZ&d=%2Fa%2FSJ00000BCfDx%2FLqzCED.et_ZkPIa7voq9vF3Dh2CBscMkUfp7WdJ_RXM&asPdf=false,"CALIFORNIA STATE UNIVERSITY, SAN MARCOS",California,0,92096,d8ee4d583e6997d7
58-C-0803,Class C - Exhibitor,Clewiston,0,27973,0,2026-06-18,6/18/2026,"The Talkin Monkeys Project, Inc",0,https://aphis.file.force.com/sfc/dist/version/download/?oid=00Dt0000000GyZH&ids=068SJ00001HpmLG&d=%2Fa%2FSJ00000BF7sT%2FQTVNQJir6J9Wr9mLrAGbPuias1jbbM_SbwbSmzgXZms&asPdf=false,"The Talkin Monkeys Project, Inc",Florida,0,33440,9b7600aafaa1b53c
57-C-0348,Class C - Exhibitor,Shady Dale,0,27974,0,2026-08-17,8/17/2026,Danielle Nicole Kanoy,4,https://aphis.file.force.com/sfc/dist/version/download/?oid=00Dt0000000GyZH&ids=068SJ00001PyqJN&d=%2Fa%2FSJ00000CVitt%2FaM7HywxXloXOFn0Dz.x9JJom6mi8sYig3yiolXJCCt0&asPdf=false,Danielle Nicole Kanoy,Georgia,0,31085,af443bb1d59f0e87
73-A-2277,Class A - Breeder,Marietta,0,28257,0,2026-07-15,7/15/2026,Melvin Dennis Thurman,0,https://aphis.file.force.com/sfc/dist/version/download/?oid=00Dt0000000GyZH&ids=068SJ00001KiLL0&d=%2Fa%2FSJ00000Bg7Bd%2FLild.xOyXDh54OP39LipHgr6G.YENqFzfqLS2diyD9k&asPdf=false,Melvin Thurman,Oklahoma,0,73448,cde406efb48984ce
43-A-6960,Class A - Breeder,Clark,0,28345,0,2026-08-06,8/6/2026,Samuel Borntrager Polly Borntrager,1,https://aphis.file.force.com/sfc/dist/version/download/?oid=00Dt0000000GyZH&ids=068SJ00001O4joa&d=%2Fa%2FSJ00000CDYPx%2F4ZkhKGESlkk8B9N_tob82Lhuune_KJDc5EGgszCwmFo&asPdf=false,Samuel Borntrager Polly Borntrager,Missouri,0,65243,378b459adc9bf572
23-R-0011,Class R - Research Facility,PHILADELPHIA,0,285,0,2026-07-07,7/7/2026,Thomas Jefferson University,0,https://aphis.file.force.com/sfc/dist/version/download/?oid=00Dt0000000GyZH&ids=068SJ00001JcDFQ&d=%2Fa%2FSJ00000BWAh4%2FSTDjqMW5Xqo9xZ1q.AGKCuZ.VXnw_AvIo27ytLUFs4c&asPdf=false,OFFICE OF ANIMAL RESOURCES,Pennsylvania,0,19107,087e37dcbb945acd
41-A-0015,Class A - Breeder,WALNUT GROVE,0,2853,0,2026-07-01,7/1/2026,Craig and Linda Kleven,3,https://aphis.file.force.com/sfc/dist/version/download/?oid=00Dt0000000GyZH&ids=068SJ00001JC3d1&d=%2Fa%2FSJ00000BRusb%2Fi8uScnByNvF3xGmrWlu3siRortF2YsJ_lcMjYlYE25o&asPdf=false,CRAIG AND LINDA KLEVEN,Minnesota,0,56180,0aeb453017ed5089
23-R-0012,Class R - Research Facility,Cambridge,0,286,0,2026-07-24,7/24/2026,Glaxo Smith Kline,0,https://aphis.file.force.com/sfc/dist/version/download/?oid=00Dt0000000GyZH&ids=068SJ00001MS0Y2&d=%2Fa%2FSJ00000BxUlJ%2Fu_3xXZtBiHBjzS8Yal9zPnM0yAJoQGugl4tuIESjJb4&asPdf=false,Glaxo Smith Kline,Massachusetts,0,02140,55ea3aff8eb819d5
51-C-0016,Class C - Exhibitor,SOLOMONS,0,2865,0,2026-07-01,7/1/2026,Calvert County Commissioners,0,https://aphis.file.force.com/sfc/dist/version/download/?oid=00Dt0000000GyZH&ids=068SJ00001KWYVZ&d=%2Fa%2FSJ00000Be5ST%2FTofKB.u4UUg_1pwO6lQspkQu4mjrBPD0DC_7SVOdZR8&asPdf=false,CALVERT COUNTY COMMISSIONERS,Maryland,0,20688,2763c37de7f7d58c
21-R-0008,Class R - Research Facility,Rye,0,287,0,2026-07-30,7/30/2026,New York Blood Center Inc,0,https://aphis.file.force.com/sfc/dist/version/download/?oid=00Dt0000000GyZH&ids=068SJ00001PGJxx&d=%2Fa%2FSJ00000CPW2b%2FmSG6kF6Yjh1TDpaRGEaKdhvYqoyOmwSDgBtXVG2VbAk&asPdf=false,New York Blood Center Inc,New York,0,10580,bb2c8ae677a5fb75
21-R-0012,Class R - Research Facility,JAMAICA,0,288,0,2026-06-16,6/16/2026,St Johns University,0,https://aphis.file.force.com/sfc/dist/version/download/?oid=00Dt0000000GyZH&ids=068SJ00001HRWxg&d=%2Fa%2FSJ00000BAXSb%2Fz9u72lWcCiSKzcxN3CQGQGK5j8tkMN0jVuBJHS3Qh4c&asPdf=false,ST JOHNS UNIVERSITY,New York,0,11439,f27efe69d5f8a9d6
31-C-0074,Class C - Exhibitor,Columbia Station,0,2887,0,2026-07-08,7/8/2026,Robert Tuma,0,https://aphis.file.force.com/sfc/dist/version/download/?oid=00Dt0000000GyZH&ids=068SJ00001KmykM&d=%2Fa%2FSJ00000BgSuP%2FRSxQsR6btrhpGsNSR8KXfRERM4rDu3x7ozE_JCAmba4&asPdf=false,Robert Tuma,Ohio,0,44028,3fe9d593a574d7f9
21-R-0231,Class R - Research Facility,BINGHAMTON,0,290,0,2026-06-22,6/22/2026,University At Binghamton,0,https://aphis.file.force.com/sfc/dist/version/download/?oid=00Dt0000000GyZH&ids=068SJ00001HWXrP&d=%2Fa%2FSJ00000BBkSb%2F.x3wEgl.7oU9IkLl4cG5yZXz.x2rGsFqtlGNlKIrVmI&asPdf=false,UNIVERSITY AT BINGHAMTON,New York,0,13902,005493375050c609
93-C-0914,Class C - Exhibitor,SAN FRANCISCO,0,29003,0,2026-06-17,6/17/2026,Bay.org,0,https://aphis.file.force.com/sfc/dist/version/download/?oid=00Dt0000000GyZH&ids=068SJ00001H6joD&d=%2Fa%2FSJ00000B7zOb%2FjcAoj8NdPBEXQn0010n2CCQUW5VCtE2sf9Q8SfkhNKk&asPdf=false,Bay.org,California,0,94133,e709a0173b5e77d2
22-C-0043,Class C - Exhibitor,Hope,0,2903,0,2026-07-10,7/10/2026,Land of Make Believe,0,https://aphis.file.force.com/sfc/dist/version/download/?oid=00Dt0000000GyZH&ids=068SJ00001K0RMH&d=%2Fa%2FSJ00000BaFWr%2FTX6oK.PCgEznjI3nS1aR6ZyfaZdWnsZY52dGRgHd5tY&asPdf=false,Land of Make Believe,New Jersey,0,07844,8bc95b39e57a8568
22-C-0043,Class C - Exhibitor,Hope,0,2903,0,2026-08-13,8/13/2026,Land of Make Believe,0,https://aphis.file.force.com/sfc/dist/version/download/?oid=00Dt0000000GyZH&ids=068SJ00001Ooes2&d=%2Fa%2FSJ00000CLGUH%2FTWj6x_g25a4q2E3aNN9bas6mhNJgK_xEeAb2Nkdnk6c&asPdf=false,Land of Make Believe,New Jersey,0,07844,8531fd958d1626a9
21-C-0338,Class C - Exhibitor,Seaford,0,2919,0,2026-07-28,7/28/2026,County of Nassau,2,https://aphis.file.force.com/sfc/dist/version/download/?oid=00Dt0000000GyZH&ids=068SJ00001OeUcL&d=%2Fa%2FSJ00000CJZ1Z%2FGX0czZwETvW1OgRtgHydAsVN9EfKHpKVOv_Ov_F43r8&asPdf=false,County of Nassau,New York,0,11783,809f1bb3f985d626
21-R-0018,Class R - Research Facility,VALHALLA,0,292,0,2026-07-16,7/16/2026,Regeneron Pharmaceuticals Inc,0,https://aphis.file.force.com/sfc/dist/version/download/?oid=00Dt0000000GyZH&ids=068SJ00001Kxptu&d=%2Fa%2FSJ00000BiCbp%2F11lv3lk5asdLa.vFG1FSrNvFcHtRO50MM6pKBqmRWtc&asPdf=false,REGENERON PHARMCEUTICALS,New York,0,10595,8d28fe3317d8e1fc
21-R-0018,Class R - Research Facility,TARRYTOWN,0,292,0,2026-07-16,7/16/2026,Regeneron Pharmaceuticals Inc,0,https://aphis.file.force.com/sfc/dist/version/download/?oid=00Dt0000000GyZH&ids=068SJ00001KyEIf&d=%2Fa%2FSJ00000BiCVN%2FjEZAqq2KN2PLeJi0TRPyDZzjdelo02lNSwcvrpTNFqk&asPdf=false,REGENERON PHARMACEUTICALS INC,New York,0,10591,ce668f81fb93b125
35-C-0388,Class C - Exhibitor,Chippewa Falls,0,2920,0,2026-06-10,6/10/2026,City of Chippewa Falls,0,https://aphis.file.force.com/sfc/dist/version/download/?oid=00Dt0000000GyZH&ids=068SJ00001G6ZCm&d=%2Fa%2FSJ00000AxpyP%2FoEiBe1nuej0895QbK9qpB6MWNLbrxgSjHKdh6JNNHKs&asPdf=false,City of Chippewa Falls,Wisconsin,0,54729,85b52e1470e7d020
10-T-0003,Class T - Carrier,Santa Ana,0,29201,0,2026-08-13,8/13/2026,Westjet Airlines Ltd,0,https://aphis.file.force.com/sfc/dist/version/download/?oid=00Dt0000000GyZH&ids=068SJ00001OsIWI&d=%2Fa%2FSJ00000CLy8j%2FwJrsqE6hzprU_e9C15DvAKWDsNM8g1hGoqlrhAZlfz8&asPdf=false,Westjet Airlines,California,0,92707,c77d5fc72866b23b
43-A-4302,Class A - Breeder,ELMER,0,29463,0,2026-07-14,7/14/2026,Marsha Schmidt-Janes,0,https://aphis.file.force.com/sfc/dist/version/download/?oid=00Dt0000000GyZH&ids=068SJ00001LzP1v&d=%2Fa%2FSJ00000BsSIj%2FkuCSRcYgNaudYjCIphcuZnvTdbzlHKifLkLH0RGRje0&asPdf=false,MARSHA SCHMIDT,Missouri,0,63538,80805ad3da514342
35-C-0041,Class C - Exhibitor,Manitowoc,0,2947,0,2026-08-06,8/6/2026,City of Manitowoc,0,https://aphis.file.force.com/sfc/dist/version/download/?oid=00Dt0000000GyZH&ids=068SJ00001OqKcP&d=%2Fa%2FSJ00000CLiaD%2F75_CgeAndEFSPNyPpum4o2a94Zt7r4BLElqGL.oNmi4&asPdf=false,City of Manitowoc,Wisconsin,0,54220,2d39a9f07472ff1a
43-A-4344,Class A - Breeder,Gentry,0,29517,0,2026-08-18,8/18/2026,Bill and Carol Murphy,0,https://aphis.file.force.com/sfc/dist/version/download/?oid=00Dt0000000GyZH&ids=068SJ00001PNgmF&d=%2Fa%2FSJ00000CQdej%2FT8Gl768z1sMykokCNFeJ82iOV.Rs3mMe9NDsHIuhiXQ&asPdf=false,Bill and Carol Murphy,Missouri,0,64453,bf577f29bd9de4c6
43-A-4322,Class A - Breeder,GRANT CITY,0,29631,0,2026-08-04,8/4/2026,Max and Diane Garrett,0,https://aphis.file.force.com/sfc/dist/version/download/?oid=00Dt0000000GyZH&ids=068SJ00001OCBg0&d=%2Fa%2FSJ00000Cjr1F%2FhXKi3UC1h6vzszI_lAcZRYRoElwqG61OTLjXMbuXITY&asPdf=false,MAX & DIANE GARRETT,Missouri,0,64456,49b4b6cdb47add73
41-B-0242,Class B - Dealer,Goodhue,0,29771,0,2026-08-03,8/3/2026,R&D System Inc,0,https://aphis.file.force.com/sfc/dist/version/download/?oid=00Dt0000000GyZH&ids=068SJ00001NLb0P&d=%2Fa%2FSJ00000Cjmso%2FAAAdn4uP3GkWwQ5JOUmEdX0nqYYTWmjBUyfbqxKTpU0&asPdf=false,R&D System Inc,Minnesota,0,55027,5c51dcb34a0056c1
41-R-0071,Class R - Research Facility,GOODHUE,0,29771,0,2026-08-03,8/3/2026,R&D System Inc,0,https://aphis.file.force.com/sfc/dist/version/download/?oid=00Dt0000000GyZH&ids=068SJ00001NKNEI&d=%2Fa%2FSJ00000Ck3s1%2Fuoj8sd.AaBI8PTrDdIYxRC.ajfFsluiQBMWvn8zStp8&asPdf=false,R&D SYSTEMS INC,Minnesota,0,55027,d1b1798c9e0b992f
21-R-0039,Class R - Research Facility,STONY BROOK,0,298,0,2026-07-29,7/29/2026,Stony Brook University,0,https://aphis.file.force.com/sfc/dist/version/download/?oid=00Dt0000000GyZH&ids=068SJ00001Mel1i&d=%2Fa%2FSJ00000BztZ7%2FbwW8Dn8PLMHbVmBFURyjy1xIbu1LBvJxmK3vV84hkYw&asPdf=false,DIV. OF LAB ANIMAL RESOURCES,New York,0,11794,d1ed3eaeeed222d8
58-C-0505,Class C - Exhibitor,Sorrento,0,2996,0,2026-07-06,7/6/2026,Mitchel Kalmanson,0,https://aphis.file.force.com/sfc/dist/version/download/?oid=00Dt0000000GyZH&ids=068SJ00001Jxmjl&d=%2Fa%2FSJ00000BZiHZ%2FgIrPl3JpcSpctqF2RHFFt1Ybbz.8mPf95vcfvo8KdAU&asPdf=false,Mitchel Kalmanson,Florida,0,32776,a4953645ed4dc49d
65-C-0519,Class C - Exhibitor,Pontotoc,0,3005,0,2026-06-10,6/10/2026,Tim Lepard,0,https://aphis.file.force.com/sfc/dist/version/download/?oid=00Dt0000000GyZH&ids=068SJ00001GGFZS&d=%2Fa%2FSJ00000AzUmb%2FLToar9klSDT.sd4B8CxE_B2vrczve9Rt1ezjVrFBsd4&asPdf=false,Tim Lepard,Mississippi,0,38863,8065d6322d26d379
31-A-0751,Class A - Breeder,Millersburg,0,30062,0,2026-07-08,7/8/2026,Woodlot Companions LLC,0,https://aphis.file.force.com/sfc/dist/version/download/?oid=00Dt0000000GyZH&ids=068SJ00001Jer0b&d=%2Fa%2FSJ00000BWmft%2FIsqb4BZgtYTfAb2C0ymkXqKLTGZ8ZTkjyQFxIAWx_O4&asPdf=false,Ray Troyer,Ohio,0,44654,f39c4efd7bafb835
64-C-0014,Class C - Exhibitor,Gulf Shores,0,3035,0,2026-08-20,8/20/2026,Zoo Foundation Inc.,0,https://aphis.file.force.com/sfc/dist/version/download/?oid=00Dt0000000GyZH&ids=068SJ00001PgOQf&d=%2Fa%2FSJ00000CTZQ5%2FCz7raRrKgXaI1UOHZdFZdBZ1mRadMK.IZGUsYr9nNNQ&asPdf=false,Zoo Foundation Inc. dba Alabama Gulf Coast Zoo,Alabama,0,36542,f3c8089ee92fdbb4
58-C-1184,Class C - Exhibitor,ODESSA,0,30492,0,2026-07-22,7/22/2026,Old McMicky's Farm LLC,0,https://aphis.file.force.com/sfc/dist/version/download/?oid=00Dt0000000GyZH&ids=068SJ00001Lx0u5&d=%2Fa%2FSJ00000Brz0b%2FH5p7AZuqGs0ElTddPQ8HOrzoWIDUI3bAbtCbFJNBoNk&asPdf=false,Old McMicky's Farm LLC,Florida,0,33556,9b326eac7664bfa7
58-C-0802,Class C - Exhibitor,Davie,0,3054,0,2026-06-17,6/17/2026,Flamingo Gardens Inc,0,https://aphis.file.force.com/sfc/dist/version/download/?oid=00Dt0000000GyZH&ids=068SJ00001HxSg3&d=%2Fa%2FSJ00000BG5On%2F.6LIzBWu3SG.vGfYQw20DfIafkgN8RSXmnyiqVIxogY&asPdf=false,Flamingo Gardens Inc,Florida,0,33330,d348c9c588ed988e
23-R-0021,Class R - Research Facility,HERSHEY,0,306,0,2026-07-14,7/14/2026,Pennsylvania State University,3,https://aphis.file.force.com/sfc/dist/version/download/?oid=00Dt0000000GyZH&ids=068SJ00001KfECh&d=%2Fa%2FSJ00000BfOJN%2Ftx.SlNRbS.8iOX0kKKQT3jLMwXamaUAlcts_OKRborM&asPdf=false,HERSHEY MEDICAL CENTER,Pennsylvania,0,17033,e844b74208253bf0
21-R-0226,Class R - Research Facility,NEW YORK,0,307,0,2026-06-23,6/23/2026,The Rockefeller University,0,https://aphis.file.force.com/sfc/dist/version/download/?oid=00Dt0000000GyZH&ids=068SJ00001ICbIl&d=%2Fa%2FSJ00000BIuv5%2F6L1AIhadXBUi.Q9.EFj4hr4KUXYUV95YIgmO6jXB8eA&asPdf=false,WEILL MEDICAL COLLEGE OF CORNELL UNIVERSITY,New York,0,10021,b051d95d7f1fc69b
21-R-0226,Class R - Research Facility,Millbrook,0,307,0,2026-07-01,7/1/2026,The Rockefeller University,0,https://aphis.file.force.com/sfc/dist/version/download/?oid=00Dt0000000GyZH&ids=068SJ00001IsrhI&d=%2Fa%2FSJ00000BPNvx%2FSEPbtyhYKGcATrZpxV7aVVS1pbD4WmONzh5Psl6EDts&asPdf=false,Rockefeller Research Center,New York,0,12545,f964fbb09e10bcfb
93-C-1077,Class C - Exhibitor,Turlock,0,30770,0,2026-08-24,8/24/2026,Cruzin Critters,0,https://aphis.file.force.com/sfc/dist/version/download/?oid=00Dt0000000GyZH&ids=068SJ00001QMQ9G&d=%2Fa%2FSJ00000CY5uP%2FmPE1Zj2wHSwug2U8LphP2hQBd48c3sCVCPFciLj8Lqw&asPdf=false,Cruzin Critters,California,0,95380,c18c65a661053d5e
58-B-0592,Class B - Dealer,ZOLFO SPRINGS,0,3078,0,2026-07-14,7/14/2026,Antonio Alentado,1,https://aphis.file.force.com/sfc/dist/version/download/?oid=00Dt0000000GyZH&ids=068SJ00001Kn0R4&d=%2Fa%2FSJ00000BgRqH%2FUTzZ2SslJ0MMpqQ.drVX8Kt_f9kNXzqFnLedA7FQJyQ&asPdf=false,Antonio Alentado,Florida,0,33890,3c8682ac7f63b25d
58-B-0592,Class B - Dealer,ZOLFO SPRINGS,0,3078,0,2026-08-13,8/13/2026,Antonio Alentado,0,https://aphis.file.force.com/sfc/dist/version/download/?oid=00Dt0000000GyZH&ids=068SJ00001PGy8A&d=%2Fa%2FSJ00000CPg6n%2F6Ngg0zVHoT7s8qXcd0Q0Tp61YQhTpEEt3ySn65AqR68&asPdf=false,Antonio Alentado,Florida,0,33890,16b8b9e8cbf2759d
58-C-0451,Class C - Exhibitor,ORLANDO,0,3079,0,2026-08-24,8/24/2026,Back To Nature Wildlife Inc,0,https://aphis.file.force.com/sfc/dist/version/download/?oid=00Dt0000000GyZH&ids=068SJ00001QKmlp&d=%2Fa%2FSJ00000CXtMz%2FInc9FCdcNgKU5vnecIEkpk3rxByCmTpOwfE4.m1DTAk&asPdf=false,Back To Nature Wildlife Inc,Florida,0,32832,663b2e8117a01f31
21-R-0037,Class R - Research Facility,SYRACUSE,0,308,0,2026-08-27,8/27/2026,State University Of New York,0,https://aphis.file.force.com/sfc/dist/version/download/?oid=00Dt0000000GyZH&ids=068SJ00001QphGL&d=%2Fa%2FSJ00000CcllN%2FFdpdWZjrXqoH7rcyMz3WzNFGKWFq3za4ltzD9QWqntI&asPdf=false,HEALTH SCIENCE CENTER AT SYRACUSE,New York,0,13210,37eee2390800eef4
58-C-1048,Class C - Exhibitor,Christmas,0,3094,0,2026-08-27,8/27/2026,Jungle Adventures Inc,0,https://aphis.file.force.com/sfc/dist/version/download/?oid=00Dt0000000GyZH&ids=068SJ00001Qs7tF&d=%2Fa%2FSJ00000Cd37B%2FM04RwAYrsIx1JQA.pwPzI5iDVw4NSpfwYcsJXjAXU9U&asPdf=false,Jungle Adventures Inc,Florida,0,32709,c98f0b1c6f3be1e9
58-C-0006,Class C - Exhibitor,Miami,0,3099,0,2026-07-01,7/1/2026,Miami-Dade Zoological Park and Gardens,0,https://aphis.file.force.com/sfc/dist/version/download/?oid=00Dt0000000GyZH&ids=068SJ00001IuJA1&d=%2Fa%2FSJ00000BPi5x%2Fk2ijvFWq5Y21ZNihmG4pQiaY1nhMorxB4iMabn68E2M&asPdf=false,Miami-Dade Zoological Park and Gardens,Florida,0,33177,9d42f6995f4febc6
58-R-0173,Class R - Research Facility,Miami,0,3099,0,2026-07-28,7/28/2026,Miami-Dade Zoological Park and Gardens,0,https://aphis.file.force.com/sfc/dist/version/download/?oid=00Dt0000000GyZH&ids=068SJ00001MYeKY&d=%2Fa%2FSJ00000ByRNB%2FVmTYxBusnxn3G9zX9LzMAovsTdzw_pKyfdKBx7W_wK8&asPdf=false,Miami-Dade Zoological Park and Gardens,Florida,0,33177,289537952cf8fe9b
64-H-0004,Class H - Intermediate Handler,San Diego,0,31,0,2026-07-15,7/15/2026,General Aviation Terminal Inc,0,https://aphis.file.force.com/sfc/dist/version/download/?oid=00Dt0000000GyZH&ids=068SJ00001KzUgc&d=%2Fa%2FSJ00000Bijsj%2F0vThFTo9HRCTHu.jIoL73fOds_O.p_eAOOCE1cgnA.E&asPdf=false,General Aviation Terminal,California,0,92101,f8ded02e33721c19
58-C-0315,Class C - Exhibitor,Melbourne,0,3102,0,2026-07-08,7/8/2026,East Coast Zoological Society of Florida,0,https://aphis.file.force.com/sfc/dist/version/download/?oid=00Dt0000000GyZH&ids=068SJ00001Jq5cs&d=%2Fa%2FSJ00000BYJuj%2F41u6FV772qtm8MLRB9MOp_lLtd5wrNtjpVCoQRM3408&asPdf=false,Brevard Zoo,Florida,0,32940,16ab1559e9636cf5
31-C-0268,Class C - Exhibitor,Powell,0,31047,0,2026-06-29,6/29/2026,Ohio Wildlife Center,0,https://aphis.file.force.com/sfc/dist/version/download/?oid=00Dt0000000GyZH&ids=068SJ00001ISlvt&d=%2Fa%2FSJ00000BLGpp%2FlRZBOKuXelkfA9KXqWTYIvM6WJIsjGaPtKrP6pqy0D0&asPdf=false,Ohio Wildlife Center,Ohio,0,43065,5f3e28a02c15c918
31-C-0268,Class C - Exhibitor,Powell,0,31047,0,2026-08-19,8/19/2026,Ohio Wildlife Center,0,https://aphis.file.force.com/sfc/dist/version/download/?oid=00Dt0000000GyZH&ids=068SJ00001PpV7p&d=%2Fa%2FSJ00000CUiCn%2FN8YypT9g3pS9u48FERoCWUine6LgLKzVtacjcCQhbqQ&asPdf=false,Ohio Wildlife Center,Ohio,0,43065,d807349630c503a8
58-C-0077,Class C - Exhibitor,Orlando,0,3108,0,2026-07-01,7/1/2026,Sea World of Florida,0,https://aphis.file.force.com/sfc/dist/version/download/?oid=00Dt0000000GyZH&ids=068SJ00001Iu1lW&d=%2Fa%2FSJ00000BPmSv%2FZG_H.ssnamrENMsJujUDYmbBarmu0VTBIVPHgopsedA&asPdf=false,Sea World of Florida,Florida,0,32821,e2d06fc73f48c768
21-R-0040,Class R - Research Facility,NEW YORK NEW YORK,0,312,0,2026-06-24,6/24/2026,MOUNT SINAI SCHOOL OF MEDICINE,0,https://aphis.file.force.com/sfc/dist/version/download/?oid=00Dt0000000GyZH&ids=068SJ00001ICe8a&d=%2Fa%2FSJ00000BIuzt%2FsyPeQNig.m4TRUTIP.jv1LvAe0.WTbeUA7XOC5z6UvU&asPdf=false,ICAHN MEDICAL INSTITUTE,New York,0,10029,4b60b9291b89c462
58-C-0963,Class C - Exhibitor,Ft Walton Beach,0,3125,0,2026-07-15,7/15/2026,Gulfarium,0,https://aphis.file.force.com/sfc/dist/version/download/?oid=00Dt0000000GyZH&ids=068SJ00001KgdE1&d=%2Fa%2FSJ00000Bfrzh%2FUKGiiIspj__VV69rWss3gjYwO3x5EeYALl1I2l48oaY&asPdf=false,Gulfarium,Florida,0,32548,b77d7bbb807a5abb
58-C-0182,Class C - Exhibitor,Islamorada,0,3130,0,2026-06-23,6/23/2026,Theater of the Sea Inc,1,https://aphis.file.force.com/sfc/dist/version/download/?oid=00Dt0000000GyZH&ids=068SJ00001IA6US&d=%2Fa%2FSJ00000BITzh%2FMWixO7dFymDfmPUi_oFzSna1h_vx5AX9TtQqcZRoCXQ&asPdf=false,Theater of the Sea Inc,Florida,0,33036,1bbbb2797c365776
58-C-0182,Class C - Exhibitor,Islamorada,0,3130,0,2026-07-08,7/8/2026,Theater of the Sea Inc,0,https://aphis.file.force.com/sfc/dist/version/download/?oid=00Dt0000000GyZH&ids=068SJ00001JvZbt&d=%2Fa%2FSJ00000BZ4lZ%2Fce_1rboJ554u8rTjFffQL8XKbz0S4PFuB1E6a98XZs8&asPdf=false,Theater of the Sea Inc,Florida,0,33036,d60c0f2b6b4b1cce
58-C-0085,Class C - Exhibitor,Zolfo Springs,0,3133,0,2026-07-14,7/14/2026,Hardee County Board Of County Commission,0,https://aphis.file.force.com/sfc/dist/version/download/?oid=00Dt0000000GyZH&ids=068SJ00001Kmyqn&d=%2Fa%2FSJ00000BgSRN%2FawzsS7_GUiq_QnbD6xztFadwGJs13OuyhSsK0lfSdKM&asPdf=false,Hardee County Board Of County Commission,Florida,0,33890,7c6315e2781d5ffe
34-A-0182,Class A - Breeder,CENTREVILLE,0,31331,0,2026-07-07,7/7/2026,Daniel Hochstetler,0,https://aphis.file.force.com/sfc/dist/version/download/?oid=00Dt0000000GyZH&ids=068SJ00001JYbUw&d=%2Fa%2FSJ00000BVcKP%2FbeoZno4jr78vTwHdLtE3WqBNSgWikJ_gKAqxjANfMPc&asPdf=false,DANIEL HOCHSTETLER,Michigan,0,49032,334e913e2ce8f2c5
34-A-0182,Class A - Breeder,CENTREVILLE,0,31331,0,2026-08-04,8/4/2026,Daniel Hochstetler,1,https://aphis.file.force.com/sfc/dist/version/download/?oid=00Dt0000000GyZH&ids=068SJ00001Npnam&d=%2Fa%2FSJ00000CBdn7%2F1XD7LplaokmT85ois3u2.v.md5VK5mZ97Tg92KJENkM&asPdf=false,DANIEL HOCHSTETLER,Michigan,0,49032,7f97fbf42de82ca8
58-C-0178,Class C - Exhibitor,Bradenton,0,3135,0,2026-07-01,7/1/2026,The Bishop Museum of Science and Nature,0,https://aphis.file.force.com/sfc/dist/version/download/?oid=00Dt0000000GyZH&ids=068SJ00001ImqD0&d=%2Fa%2FSJ00000BOs7N%2F6rVm8EAANS7rsXBc6E1yVQNA4STgb1UanBrJGWqWYuM&asPdf=false,The Bishop Museum of Science and Nature,Florida,0,34205,2dc719cac8846f07
61-C-0175,Class C - Exhibitor,Frankfort,0,3148,0,2026-07-08,7/8/2026,Kentucky Department of Fish and Wildlife,0,https://aphis.file.force.com/sfc/dist/version/download/?oid=00Dt0000000GyZH&ids=068SJ00001JyUnp&d=%2Fa%2FSJ00000BZpVx%2FAHdjDZ_6LJAEwOsykqN48k3k27NQoXcNHRIIWmAp_tE&asPdf=false,Kentucky Department of Fish and Wildlife,Kentucky,0,40601,f3040d7a9be638dd
21-C-0282,Class C - Exhibitor,Port Byron,0,31483,0,2026-07-21,7/21/2026,Donna Fritz,0,https://aphis.file.force.com/sfc/dist/version/download/?oid=00Dt0000000GyZH&ids=068SJ00001LaMjm&d=%2Fa%2FSJ00000BoAsH%2F0RC6W9yrtWr.i1BGbhRacfbB017ERUi9MFOzky604y4&asPdf=false,Donna Fritz,New York,0,13140,abc82f7f092e87fd
71-A-1049,Class A - Breeder,Peel,0,31498,0,2026-07-29,7/29/2026,Benita Boyd,0,https://aphis.file.force.com/sfc/dist/version/download/?oid=00Dt0000000GyZH&ids=068SJ00001MsEPB&d=%2Fa%2FSJ00000C2GzR%2F7pQy.yGg6nwqB0q.bNGC.D_JHdrHzPBtUUjF53AcXX8&asPdf=false,Benita Boyd,Arkansas,0,72668,658ad35639b25a41
43-A-6461,Class A - Breeder,Zanoni,0,31521,0,2026-07-14,7/14/2026,Ellen Cobb,0,https://aphis.file.force.com/sfc/dist/version/download/?oid=00Dt0000000GyZH&ids=068SJ00001MDalF&d=%2Fa%2FSJ00000BuUrV%2FDwehEUY4Cj72ydE600eViYhWd_kiptnuR6Twsp_HCRQ&asPdf=false,Ellen Cobb,Missouri,0,65784,c2c82cf9d2f480a5
57-C-0037,Class C - Exhibitor,LOCUST GROVE,0,3157,0,2026-07-28,7/28/2026,Noahs Ark Animal Rehab Center and Sanctuary Inc,0,https://aphis.file.force.com/sfc/dist/version/download/?oid=00Dt0000000GyZH&ids=068SJ00001MYYji&d=%2Fa%2FSJ00000ByNmb%2FzFiwZAQEC1t7v1d02G7wV086LNM0Q5Ee4rvoolldvjk&asPdf=false,Noahs Ark Rehabilitation Center,Georgia,0,30248,6ea4cec59966af97
23-R-0024,Class R - Research Facility,PITTSBURGH,0,316,0,2026-07-09,7/9/2026,Carnegie Mellon University,0,https://aphis.file.force.com/sfc/dist/version/download/?oid=00Dt0000000GyZH&ids=068SJ00001Jxd9y&d=%2Fa%2FSJ00000BZY5J%2FMmClb73uwbWXq5GaqahnPg1Yeg1ewTA4caa4cdIi6Cg&asPdf=false,Oakland Campus,Pennsylvania,0,15213,02d3d16e3508dc9c
57-C-0340,Class C - Exhibitor,Albany,0,3171,0,2026-06-24,6/24/2026,Chehaw Park and Zoo,0,https://aphis.file.force.com/sfc/dist/version/download/?oid=00Dt0000000GyZH&ids=068SJ00001HxiB1&d=%2Fa%2FSJ00000BGCOg%2FlyxAi1Txh1Dem_TCNuEK31xfXqJsFVrdt_kv21HwNMc&asPdf=false,Chehaw Park and Zoo,Georgia,0,31701,62048f2b7cdbb87e
58-C-0868,Class C - Exhibitor,Sarasota,0,3175,0,2026-08-13,8/13/2026,James E Arneberg,0,https://aphis.file.force.com/sfc/dist/version/download/?oid=00Dt0000000GyZH&ids=068SJ00001Olvnn&d=%2Fa%2FSJ00000CKjEz%2FegDOLSFfzBbrwzBtjhtjPSE_w7jcCeTn7abXkE4mEqY&asPdf=false,James E Arneberg,Florida,0,34240,3788f1f317013ed7
58-C-0303,Class C - Exhibitor,MARATHON,0,3178,0,2026-07-07,7/7/2026,Dolphin Research Center Inc,1,https://aphis.file.force.com/sfc/dist/version/download/?oid=00Dt0000000GyZH&ids=068SJ00001JTqpN&d=%2Fa%2FSJ00000BVFyv%2FM7_TjB5lQAOQ2h8Gq5.LvIeFgsrCum2R.ehN_cuCAes&asPdf=false,Dolphin Research Center Inc,Florida,0,33050,7cbabda8b18ae849
58-C-0447,Class C - Exhibitor,Bushnell,0,3179,0,2026-07-14,7/14/2026,Franzen Bros Circus Inc,0,https://aphis.file.force.com/sfc/dist/version/download/?oid=00Dt0000000GyZH&ids=068SJ00001Ke303&d=%2Fa%2FSJ00000BfCQH%2FrLRjF9c2kRqeW2s73lrAWcIpd4U6afzxrGFsGGoUF6o&asPdf=false,Franzen Bros Circus Inc,Florida,0,33513,a92aad1086a484c9
67-A-0007,Class A - Breeder,East Dublin,0,3180,0,2026-06-18,6/18/2026,Dwayne Lake,0,https://aphis.file.force.com/sfc/dist/version/download/?oid=00Dt0000000GyZH&ids=068SJ00001H8JL4&d=%2Fa%2FSJ00000B8LP7%2FifU6i6n77zZTuvj0q6lP2L3YdFNWEH6kosPTh..0k9M&asPdf=false,Dwayne Lake,Georgia,0,31027,4e5dc5d05d6e4e60
67-A-0007,Class A - Breeder,East Dublin,0,3180,0,2026-07-23,7/23/2026,Dwayne Lake,1,https://aphis.file.force.com/sfc/dist/version/download/?oid=00Dt0000000GyZH&ids=068SJ00001LzTn2&d=%2Fa%2FSJ00000BsVjd%2FPFyO2osyS4XLr85IlLPLOfFfLXQG.xV78xvxbyGnr.k&asPdf=false,Dwayne Lake,Georgia,0,31027,9ea6de4af80852cf
21-R-0058,Class R - Research Facility,GREENVALE,0,319,0,2026-07-27,7/27/2026,Long Island University,1,https://aphis.file.force.com/sfc/dist/version/download/?oid=00Dt0000000GyZH&ids=068SJ00001Mey1y&d=%2Fa%2FSJ00000BzwLh%2FwI8lxYctyZRHsADn4uZipoV2xHMq9ct2uq_5ZEUjd3Q&asPdf=false,Long Island University,New York,0,11548,94dcfdc450ceb2eb
71-B-0224,Class B - Dealer,Gentry,0,31951,0,2026-08-12,8/12/2026,Wild Wilderness Inc,0,https://aphis.file.force.com/sfc/dist/version/download/?oid=00Dt0000000GyZH&ids=068SJ00001Ooses&d=%2Fa%2FSJ00000CLNkH%2F46lHfsAZA.Y8Pz08iucsjvh3fRhyKL8od9sCkgfb2Q8&asPdf=false,Wild Wilderness Inc,Arkansas,0,72734,b1a42b1b88c095aa
21-C-0513,Class C - Exhibitor,Natural Bridge,0,3198,0,2026-07-14,7/14/2026,Gulf Breeze Zoo,0,https://aphis.file.force.com/sfc/dist/version/download/?oid=00Dt0000000GyZH&ids=068SJ00001KXtbM&d=%2Fa%2FSJ00000BePEH%2Fc7VZ3k0QYaQmmbcOPN8CEKFGFFKBt4nMHzhuZVXNpg4&asPdf=false,Gulf Breeze Zoo,Florida,0,32563,95301329b9c19af0
43-B-3708,Class B - Dealer,Holden,0,31982,0,2026-08-04,8/4/2026,Teresa Shaffer,0,https://aphis.file.force.com/sfc/dist/version/download/?oid=00Dt0000000GyZH&ids=068SJ00001NPpZX&d=%2Fa%2FSJ00000Ck7HK%2FLonKHFy181Xonyp2Or1EGpCwoZcnmFzhQ1ojHPtE80g&asPdf=false,Teresa Shaffer,Missouri,0,64040,efd691d79b34ff29
58-C-0298,Class C - Exhibitor,Bradenton,0,3199,0,2026-06-25,6/25/2026,John Peers,2,https://aphis.file.force.com/sfc/dist/version/download/?oid=00Dt0000000GyZH&ids=068SJ00001IBI0S&d=%2Fa%2FSJ00000BIaDB%2FSlHVmPRb0nafLgz6fXuSCt4Pd5kTOwhU8zfxulH2dxc&asPdf=false,John Peers,Florida,0,34211,8a613ddf8f95b1a4
35-C-0254,Class C - Exhibitor,MAUSTON,0,31996,0,2026-07-28,7/28/2026,WOODSIDE RANCH RESORT LLC,1,https://aphis.file.force.com/sfc/dist/version/download/?oid=00Dt0000000GyZH&ids=068SJ00001MvWPd&d=%2Fa%2FSJ00000C36jV%2F0YicdVA6tCa4mbQeKnvaOHUQp_yj.IJo2O2lAOyhjcw&asPdf=false,WOODSIDE RANCH RESORT LLC,Wisconsin,0,53948,f5a50cb4a03414a9
61-C-0123,Class C - Exhibitor,Wilmore,0,3201,0,2026-07-08,7/8/2026,Primate Rescue Center Inc,0,https://aphis.file.force.com/sfc/dist/version/download/?oid=00Dt0000000GyZH&ids=068SJ00001JuqSF&d=%2Fa%2FSJ00000BZ8pB%2FHJQwwjtDcX3yaGhwiLmEOB.3s3H2EfdpwnJn5FAdyhg&asPdf=false,Primate Rescue Center Inc,Kentucky,0,40356,1d2f519621a20c04
43-A-5729,Class A - Breeder,Unionville,0,321131,0,2026-07-23,7/23/2026,Cheri Cason,0,https://aphis.file.force.com/sfc/dist/version/download/?oid=00Dt0000000GyZH&ids=068SJ00001LyvdO&d=%2Fa%2FSJ00000BsLdp%2F4cYcdng3JqmXCXTRG233ko3AmTOMNNVYXLgane0aTd4&asPdf=false,Cheri Carson,Missouri,0,63565,3e5f27fd02a66e39
34-C-0302,Class C - Exhibitor,REED CITY,0,321150,0,2026-06-11,6/11/2026,Kirk Elya,0,https://aphis.file.force.com/sfc/dist/version/download/?oid=00Dt0000000GyZH&ids=068SJ00001GeRHW&d=%2Fa%2FSJ00000B2vTh%2FtA25ScLm0qVaSEtGZaC3epg69bRDvsSZkFe1u1GkWb8&asPdf=false,KIRK ELYA,Michigan,0,49677,5e68152273a47df6
22-R-0144,Class R - Research Facility,Millsboro,0,321189,0,2026-07-30,7/30/2026,Intervet Inc,0,https://aphis.file.force.com/sfc/dist/version/download/?oid=00Dt0000000GyZH&ids=068SJ00001Mscpj&d=%2Fa%2FSJ00000C2DFD%2FAdT8onuGyc5xPFtg02t4_sjqY7XZ86FJPTP14v1IjJA&asPdf=false,Intervet Inc,Delaware,0,19966,a5b21f6784277ea8
46-A-0392,Class A - Breeder,Stickney,0,321191,0,2026-08-25,8/25/2026,Tyler Gerlach,0,https://aphis.file.force.com/sfc/dist/version/download/?oid=00Dt0000000GyZH&ids=068SJ00001QxK3L&d=%2Fa%2FSJ00000CeAY1%2FqLCyJpu.OIXJCrHLt52ylKvHP_UM0R9psYr.s8hQmME&asPdf=false,Tyler Jon Gerlach,South Dakota,0,57375,81654a865565bff8
31-A-0436,Class A - Breeder,HOWARD,0,321223,0,2026-07-22,7/22/2026,Andy M Nisley,0,https://aphis.file.force.com/sfc/dist/version/download/?oid=00Dt0000000GyZH&ids=068SJ00001Lg6BF&d=%2Fa%2FSJ00000BpXq7%2FUCY_t0TqasqzFUKeK7Fw6Qos2eGt82YFiAS5KhUWMYw&asPdf=false,ANDY  NISLEY,Ohio,0,43028,21e918c4b9109163
21-C-0304,Class C - Exhibitor,CARMEL,0,32132,0,2026-08-05,8/5/2026,Maggie Ciarcia,0,https://aphis.file.force.com/sfc/dist/version/download/?oid=00Dt0000000GyZH&ids=068SJ00001PG5ei&d=%2Fa%2FSJ00000CPJer%2Fqc7lCa2Vga8qhzQYpVQYUqyQ5Q.tfCp81O_Tc1Otjg4&asPdf=false,Maggie Ciarcia,New York,0,10512,194f2c18177803f7
55-C-0238,Class C - Exhibitor,CHEROKEE,0,3215,0,2026-07-20,7/20/2026,Santas Land Inc,0,https://aphis.file.force.com/sfc/dist/version/download/?oid=00Dt0000000GyZH&ids=068SJ00001LqNsQ&d=%2Fa%2FSJ00000BrFLx%2FgWn1AunTW0JnhqySR7fdYVritccFTZRqzsYwMTrCqJs&asPdf=false,Santas Land Inc,North Carolina,0,28719,0a41ec769801158a
83-C-0006,Class C - Exhibitor,HARTVILLE,0,321630,0,2026-06-12,6/12/2026,Kindness Ranch,0,https://aphis.file.force.com/sfc/dist/version/download/?oid=00Dt0000000GyZH&ids=068SJ00001GfAGT&d=%2Fa%2FSJ00000B3Aao%2F3qSxc7qbtNjp.B8s5CU6mFJprw9qNZ7DsiQVSwoLxxs&asPdf=false,Kindness Ranch,Wyoming,0,82215,92782efe5f198d17
71-C-0178,Class C - Exhibitor,Austin,0,321828,0,2026-08-04,8/4/2026,"Cockrill's Country Critters, Inc",0,https://aphis.file.force.com/sfc/dist/version/download/?oid=00Dt0000000GyZH&ids=068SJ00001NZmdt&d=%2Fa%2FSJ00000Cjuf3%2F7t1QZXqasSlzPKUhuUKkluFlN_UyerxpvBEZRB13UGQ&asPdf=false,Cockrills Country Critters,Arkansas,0,72007,07ca0f9d79f6162e
34-C-0335,Class C - Exhibitor,ALTO,0,321836,0,2026-08-19,8/19/2026,Boulder Ridge Ranch LLC,0,https://aphis.file.force.com/sfc/dist/version/download/?oid=00Dt0000000GyZH&ids=068SJ00001PaSK2&d=%2Fa%2FSJ00000CSMI1%2FIHKYt5ZScl4ayP71W__beYj211ncm78F0kUi...UoaI&asPdf=false,BOULDER RIDGE RANCH L L C,Michigan,0,49302,524ff2e1207913d4
86-C-0100,Class C - Exhibitor,WILLIAMS,0,321880,0,2026-06-17,6/17/2026,Bearizona Wildlife Park LLC,0,https://aphis.file.force.com/sfc/dist/version/download/?oid=00Dt0000000GyZH&ids=068SJ00001H0HWP&d=%2Fa%2FSJ00000B6zTt%2FXE3skwnV9JyY3I4a.oORqyWsAoCVvyRTgcX6h_X0Djw&asPdf=false,"BEARIZONA WILDLIFE PARK, L L C",Arizona,0,86046,bca60ab2045258fc
43-A-5969,Class A - Breeder,HURDLAND,0,322061,0,2026-06-24,6/24/2026,Karen Hoover,0,https://aphis.file.force.com/sfc/dist/version/download/?oid=00Dt0000000GyZH&ids=068SJ00001Jxn6H&d=%2Fa%2FSJ00000BZmHx%2FSda4W9bvrWcciLMGCIjsH9rdiqDN_chjElbSkjOjW68&asPdf=false,KAREN HOOVER,Missouri,0,63547,e162d70dffa347d3
34-C-0288,Class C - Exhibitor,New Era,0,32208,0,2026-07-29,7/29/2026,Lewis Farm Market LLC,0,https://aphis.file.force.com/sfc/dist/version/download/?oid=00Dt0000000GyZH&ids=068SJ00001Mdm9Y&d=%2Fa%2FSJ00000BzkfV%2FPKwg_J5GuAyt8eDspidHCBqvf1xhyttUVRccjTE2W.A&asPdf=false,Lewis Farm Market LLC,Michigan,0,49446,f1b08a58e3d507cd
32-A-0706,Class A - Breeder,New Haven,0,322093,0,2026-08-12,8/12/2026,Matthew Schwartz,0,https://aphis.file.force.com/sfc/dist/version/download/?oid=00Dt0000000GyZH&ids=068SJ00001Oflcj&d=%2Fa%2FSJ00000CJpZN%2FK3EMpdDwhv4ytf.4dam371mgb_r6g_9_oPWKafGuAiI&asPdf=false,Matthew Schwartz,Indiana,0,46774,f2e1c8159532640e
43-A-5539,Class A - Breeder,WILLIAMSVILLE,0,322226,0,2026-06-29,6/29/2026,Jeff Henson Amy Henson,0,https://aphis.file.force.com/sfc/dist/version/download/?oid=00Dt0000000GyZH&ids=068SJ00001JHOlj&d=%2Fa%2FSJ00000BSvHx%2FlwVDbbz.1J57i6hOxdhzwM4DAGhPg56Qo9z.8WOnrro&asPdf=false,AMY HENSON & JEFF HENSON,Missouri,0,63967,d0e1e7a86f150358
32-A-0611,Class A - Breeder,SAINT JOE,0,322267,0,2026-08-11,8/11/2026,Marvin Graber Barbara Graber,0,https://aphis.file.force.com/sfc/dist/version/download/?oid=00Dt0000000GyZH&ids=068SJ00001OR6mJ&d=%2Fa%2FSJ00000CHLdp%2FmxlPqF2nY7FJgoPrx9q0S7kXKhSwXwISyIREHPIPqpw&asPdf=false,Marvin Graber Barbara Graber,Indiana,0,46785,be67a8547ea49220
43-A-4514,Class A - Breeder,MACON,0,32227,0,2026-08-21,8/21/2026,Samuel Yoder,0,https://aphis.file.force.com/sfc/dist/version/download/?oid=00Dt0000000GyZH&ids=068SJ00001Rx6Xs&d=%2Fa%2FSJ00000CnPnx%2FSiSRaJbqybnzevckVK1YKEKP.RBlQp.1U9JhA94l6_Y&asPdf=false,SAMUEL YODER,Missouri,0,63552,fca56b89d51295b7
74-C-0859,Class C - Exhibitor,Dallas,0,322392,0,2026-07-17,7/17/2026,Dallas Zoo Management,0,https://aphis.file.force.com/sfc/dist/version/download/?oid=00Dt0000000GyZH&ids=068SJ00001LC4hd&d=%2Fa%2FSJ00000BkGMn%2FNSEcR8s4qpWP9UvvRRse_QSy6DKTeBxJjO0Wo1RPdvI&asPdf=false,Dallas Zoo Management,Texas,0,75203,9736525de9227005
43-A-5550,Class A - Breeder,HUGHESVILLE,0,322416,0,2026-08-05,8/5/2026,Kathryn Teague,0,https://aphis.file.force.com/sfc/dist/version/download/?oid=00Dt0000000GyZH&ids=068SJ00001NnGfO&d=%2Fa%2FSJ00000CBDZJ%2Fp4B1SBeP1C4.J62fdE.DsMzzS.Nf8ed_OKf12p1Xsyw&asPdf=false,KATHRYN TEAGUE,Missouri,0,65334,5a8c1486242cd81e
43-B-3824,Class B - Dealer,Trenton,0,322458,0,2026-08-06,8/6/2026,Jason Hostetler,0,https://aphis.file.force.com/sfc/dist/version/download/?oid=00Dt0000000GyZH&ids=068SJ00001NpxTJ&d=%2Fa%2FSJ00000CBTe5%2F.PTGfk_gY1da8OutFPmNrPPhNyIYL._J821u_CeCVpY&asPdf=false,Jason Hostetler,Missouri,0,64683,9592c96775d6afd7
82-C-0070,Class C - Exhibitor,Caldwell,0,322463,0,2026-08-20,8/20/2026,Trace Inc.,0,https://aphis.file.force.com/sfc/dist/version/download/?oid=00Dt0000000GyZH&ids=068SJ00001Q8vw8&d=%2Fa%2FSJ00000CWc85%2FhQY_FL8hR7pkXNeLjjEyh2XWjmro2E5RJ8OvaYlj0i0&asPdf=false,Trace Inc. - Babby Farms,Idaho,0,83607,446c1381fcd4e095
63-R-0122,Class R - Research Facility,NASHVILLE,0,322496,0,2026-06-24,6/24/2026,Meridian Institute For Surgical Assisting,0,https://aphis.file.force.com/sfc/dist/version/download/?oid=00Dt0000000GyZH&ids=068SJ00001Hp5bT&d=%2Fa%2FSJ00000BF2sn%2FadXeMOCnmE3TbWQ7NFkkKBWes4WnyUtHThxhX16CewM&asPdf=false,MERIDIAN INSTITUTE FOR SURGICAL ASSISTING,Tennessee,0,37218,52f13f90086b6fea
93-A-0248,Class A - Breeder,ARROYO GRANDE,0,322510,0,2026-06-17,6/17/2026,"Layne Laboratories, Inc.",0,https://aphis.file.force.com/sfc/dist/version/download/?oid=00Dt0000000GyZH&ids=068SJ00001H5S4o&d=%2Fa%2FSJ00000B7nVV%2FEVYOnV5PPvUsVsMl7uO5i1C66I8widLXBE8t_NB7zGA&asPdf=false,"LAYNE LABORATORIES, INC.",California,0,93420,df930fb9f167e027
86-A-0086,Class A - Breeder,LAKE HAVASU CITY,0,322586,0,2026-08-05,8/5/2026,Danielle Gnidziejko,0,https://aphis.file.force.com/sfc/dist/version/download/?oid=00Dt0000000GyZH&ids=068SJ00001Nrflk&d=%2Fa%2FSJ00000CBuO9%2FY.fDCzhXNX7DXYu7DXxERTCT5F2NFeufEGNrtbN78KA&asPdf=false,DANIELLE GNIDZIEJKO,Arizona,0,86406,4ceffa9904552a78
93-B-0231,Class B - Dealer,North Yarmouth,0,322590,0,2026-07-30,7/30/2026,Nittobo America Inc.,0,https://aphis.file.force.com/sfc/dist/version/download/?oid=00Dt0000000GyZH&ids=068SJ00001NFfOZ&d=%2Fa%2FSJ00000Cjzzh%2Fu3.Z.J7NWSy_SfskqUe7c_3sfRS.Oi986CVcb7yXTzE&asPdf=false,Nittobo America Inc. - ME Facility-Farm,Maine,0,04097,dd613b0c79e576f9
93-R-0533,Class R - Research Facility,NORTH YARMOUTH,0,322590,0,2026-07-30,7/30/2026,Nittobo America Inc.,0,https://aphis.file.force.com/sfc/dist/version/download/?oid=00Dt0000000GyZH&ids=068SJ00001MoJAS&d=%2Fa%2FSJ00000CjzlB%2FhVZYzdM5KXzCmE8fekBPUYiRQLeVADDSyPcGPtNOTV8&asPdf=false,NITTOBO AMERICA INC (R),Maine,0,04097,a2583dc76e3c9762
21-R-0220,Class R - Research Facility,Staten Island,0,322605,0,2026-07-22,7/22/2026,College of Staten Island CUNY,1,https://aphis.file.force.com/sfc/dist/version/download/?oid=00Dt0000000GyZH&ids=068SJ00001LrBju&d=%2Fa%2FSJ00000Br5uT%2F7TtX5Z6B4aVOIlhgJ21Bx7lj75zNpHVUxdIi.GX2Dxw&asPdf=false,College of Staten Island,New York,0,10314,63f4bce0d74f8584
72-C-0178,Class C - Exhibitor,Pineville,0,322652,0,2026-07-21,7/21/2026,Paula Cormane,0,https://aphis.file.force.com/sfc/dist/version/download/?oid=00Dt0000000GyZH&ids=068SJ00001LUq9d&d=%2Fa%2FSJ00000BnLeT%2Fy6tkIbeDIY08mflAKquoIx7vTdAKgoWmora7acR9UsY&asPdf=false,Paula Cormane,Louisiana,0,71360,3d45e0062044bc14
74-B-0823,Class B - Dealer,Dallas,0,322939,0,2026-07-17,7/17/2026,James Berry,0,https://aphis.file.force.com/sfc/dist/version/download/?oid=00Dt0000000GyZH&ids=068SJ00001M0cug&d=%2Fa%2FSJ00000Bslej%2FsQrfnQfw3QjId1CyzjKw5VaJRnL40eboNcF.aSZ2vlI&asPdf=false,James Berry,Texas,0,75205,ac86422c130f2cd1
74-B-0823,Class B - Dealer,Dallas,0,322939,0,2026-08-03,8/3/2026,James Berry,0,https://aphis.file.force.com/sfc/dist/version/download/?oid=00Dt0000000GyZH&ids=068SJ00001NF2VS&d=%2Fa%2FSJ00000C61wz%2FRq417wTU8nkia30aDyQ5xE092c.Ej2DkrnVDePM4lM8&asPdf=false,James Berry,Texas,0,75205,9b88dd031a3956eb
23-C-0297,Class C - Exhibitor,Kintnersville,0,322955,0,2026-06-24,6/24/2026,Peaceable Kingdom Educational Zoo Inc,0,https://aphis.file.force.com/sfc/dist/version/download/?oid=00Dt0000000GyZH&ids=068SJ00001HxtzI&d=%2Fa%2FSJ00000BGCMZ%2FgLQKhVlUEluX_q20U0yCHjgeqjv0qMVH_Sfr1slyso0&asPdf=false,Peaceable Kingdom,Pennsylvania,0,18930,572ef0bc356e727b
74-C-0943,Class C - Exhibitor,Austin,0,322989,0,2026-06-24,6/24/2026,Tiny Tails to You LLC,0,https://aphis.file.force.com/sfc/dist/version/download/?oid=00Dt0000000GyZH&ids=068SJ00001I1JUO&d=%2Fa%2FSJ00000BH7YD%2F1APQS5W0UcWYCBCBqMv70hwdkTUcM4plItzp1dRKnd4&asPdf=false,Tiny Tails to You LLC,Texas,0,78722,c5f20db093c3f7db
74-A-1446,Class A - Breeder,LUMBERTON,0,323016,0,2026-06-30,6/30/2026,Perry Viator,0,https://aphis.file.force.com/sfc/dist/version/download/?oid=00Dt0000000GyZH&ids=068SJ00001IjISh&d=%2Fa%2FSJ00000BNq2p%2Ffny5A18cuOUYaQzmTK75w2wTaGqpIdix4jPfPcHbDj4&asPdf=false,Perry Viator,Texas,0,77657,dfd93a2aeb5ac3d2
74-C-0975,Class C - Exhibitor,ARLINGTON,0,323093,0,2026-07-21,7/21/2026,Kate Rugroden,3,https://aphis.file.force.com/sfc/dist/version/download/?oid=00Dt0000000GyZH&ids=068SJ00001LsdEP&d=%2Fa%2FSJ00000BrTdS%2FRSwBWtETBIY.28nlyaGcOmzNnW9M.zm.UmnLvoaPYlw&asPdf=false,Kate Rugroden,Texas,0,76006,f0a12d0a2a53ec2a
34-C-0318,Class C - Exhibitor,Belleville,0,323325,0,2026-07-10,7/10/2026,Animal Magic Inc.,0,https://aphis.file.force.com/sfc/dist/version/download/?oid=00Dt0000000GyZH&ids=068SJ00001KdIKo&d=%2Fa%2FSJ00000Bf6xZ%2F6TdGTVnd610Qu_DRDJDwgLIDwhggiFe1WqA0Aq0tNSU&asPdf=false,Animal Magic Inc,Michigan,0,48111,cb19c24ceb21b1c5
46-A-0420,Class A - Breeder,HUDSON,0,323385,0,2026-08-13,8/13/2026,Calvin Kroger,0,https://aphis.file.force.com/sfc/dist/version/download/?oid=00Dt0000000GyZH&ids=068SJ00001Ohcwx&d=%2Fa%2FSJ00000CKH93%2FIwBBHiK2..I9VH9P7LELb4IE7RCjIX2j8WLW7k6tjlA&asPdf=false,CALVIN KROGER,South Dakota,0,57034,59aa69e90e3d4e99
58-C-0498,Class C - Exhibitor,AUBURNDALE,0,3234,0,2026-08-11,8/11/2026,Genesis Zoological Center Inc,0,https://aphis.file.force.com/sfc/dist/version/download/?oid=00Dt0000000GyZH&ids=068SJ00001OmK1i&d=%2Fa%2FSJ00000CKqht%2Fdc2g_StwsLHamnchNsX5RFUC13Byr0X7xs.n.kzzGMg&asPdf=false,Genesis Zoological Center Inc,Florida,0,33823,7dd8b4a636fe0957
72-C-0204,Class C - Exhibitor,Epps,0,323439,0,2026-07-23,7/23/2026,Wild Country Safari Park,0,https://aphis.file.force.com/sfc/dist/version/download/?oid=00Dt0000000GyZH&ids=068SJ00001M2Wl0&d=%2Fa%2FSJ00000Bt3yD%2FOnR1b2zIFviy3xJsY5E3QZAyPz4Y3lmUYRMRey.2zis&asPdf=false,Wild Counrty Safari Park,Louisiana,0,71237,9690aedcdd10336a
31-A-0909,Class A - Breeder,Fresno,0,323446,0,2026-06-25,6/25/2026,Michael L Troyer,0,https://aphis.file.force.com/sfc/dist/version/download/?oid=00Dt0000000GyZH&ids=068SJ00001I2UDs&d=%2Fa%2FSJ00000BHLT7%2Fo6AI7M_yIXVvmfv6v35PGkkWS2ddDIBH_..JJFgT41A&asPdf=false,Michael L Troyer,Ohio,0,43824,d2aaaa4760f94f2b
41-B-0262,Class B - Dealer,ALDEN,0,323449,0,2026-06-30,6/30/2026,Patrick Fulton,0,https://aphis.file.force.com/sfc/dist/version/download/?oid=00Dt0000000GyZH&ids=068SJ00001IbltP&d=%2Fa%2FSJ00000BMst3%2FL0SrOFFHAOn9s7J7uP0ord8ESLYEXLVlyYxYpsob3E4&asPdf=false,Patrick Fulton,Minnesota,0,56009,8534ddace4c7c8cc
23-A-0499,Class A - Breeder,LOGANTON,0,323453,0,2026-08-05,8/5/2026,Elmer K Esh,0,https://aphis.file.force.com/sfc/dist/version/download/?oid=00Dt0000000GyZH&ids=068SJ00001NYGEJ&d=%2Fa%2FSJ00000Ck5fK%2FVUDerCUgYK_9Yi8MYCBXflfN213eZhC1C23kU8vioC0&asPdf=false,ELMER ESH,Pennsylvania,0,17747,d962ec3afb050cab
22-C-0127,Class C - Exhibitor,Jackson,0,323515,0,2026-06-17,6/17/2026,Howling Woods Farm,3,https://aphis.file.force.com/sfc/dist/version/download/?oid=00Dt0000000GyZH&ids=068SJ00001HiHXe&d=%2Fa%2FSJ00000BDm0T%2F0YlrVmNAmsSMQ7nrG.M1k9lxSYaDC6zjKx_CXD_LoLA&asPdf=false,Howling Woods Farm,New Jersey,0,08527,7212449539a7f02d
31-C-0211,Class C - Exhibitor,Sandusky,0,32360,0,2026-06-11,6/11/2026,William Coburn,0,https://aphis.file.force.com/sfc/dist/version/download/?oid=00Dt0000000GyZH&ids=068SJ00001GCIHU&d=%2Fa%2FSJ00000Az9NB%2F8swUwLXjcQzvT_blQbb7QL_r2WWFpj8xfv2DQNNRGSk&asPdf=false,Wild Acres Ranch,Ohio,0,44870,a6c12180a62f38fd
73-A-2640,Class A - Breeder,Cameron,0,323640,0,2026-07-14,7/14/2026,Gayle Duncan,1,https://aphis.file.force.com/sfc/dist/version/download/?oid=00Dt0000000GyZH&ids=068SJ00001KXdGL&d=%2Fa%2FSJ00000BeMjR%2FsteqpMuzce_cVolTKqFcCu2s2S2vLCniVQDEQPWXE5E&asPdf=false,Gayle Duncan,Oklahoma,0,74932,ce3c88a9cc6e52f7
58-C-1065,Class C - Exhibitor,Myakka City,0,323980,0,2026-07-31,7/31/2026,"Kay Pittenger Ross, Derrick Verdun Rosaire Ross, Frederick Ivor Rosaire Ross",0,https://aphis.file.force.com/sfc/dist/version/download/?oid=00Dt0000000GyZH&ids=068SJ00001NFjtn&d=%2Fa%2FSJ00000C6BUw%2Fj1aC05_MxCYxyNcyCSZj0gXLrWVpaVj6knIEpclxcXA&asPdf=false,"Kay Pittenger Ross, Derrick Verdun Rosaire Ross, Frederick Ivor Rosaire Ross",Florida,0,34251,0ff54fce8ce4ddc0
93-C-1208,Class C - Exhibitor,Tarzana,0,323985,0,2026-07-08,7/8/2026,Critter Squad LLC,0,https://aphis.file.force.com/sfc/dist/version/download/?oid=00Dt0000000GyZH&ids=068SJ00001JgOk3&d=%2Fa%2FSJ00000BWykH%2FYhiFHUyMU4sQKbo4_YskRLtt6Mwnfn26JT4Uv5indyA&asPdf=false,Critter Squad LLC,California,0,91356,b2a229b760533f96
57-C-0277,Class C - Exhibitor,Valdosta,0,323997,0,2026-07-20,7/20/2026,HFE LLC - dba Wild Adventure Theme Park,0,https://aphis.file.force.com/sfc/dist/version/download/?oid=00Dt0000000GyZH&ids=068SJ00001LRDsj&d=%2Fa%2FSJ00000BmezJ%2FyvRYqn4mycDC2f61treguQbOP1daxOpXszBb0oAHm3A&asPdf=false,HFE LLC,Georgia,0,31601,843a20dc99d00792
48-B-0329,Class B - Dealer,Whiting,0,324086,0,2026-06-16,6/16/2026,Lorilee Thomas,0,https://aphis.file.force.com/sfc/dist/version/download/?oid=00Dt0000000GyZH&ids=068SJ00001GoKWb&d=%2Fa%2FSJ00000B4x9d%2FnRAcyguwGlHLIi2pF8xjkQ4V26quZHG4OOE0fQTiRjE&asPdf=false,Lorilee Thomas,Kansas,0,66552,ee9f3ea85e41597a
55-C-0008,Class C - Exhibitor,BLOWING ROCK,0,3241,0,2026-06-22,6/22/2026,Tweetsie Railroad Inc,0,https://aphis.file.force.com/sfc/dist/version/download/?oid=00Dt0000000GyZH&ids=068SJ00001HUJhd&d=%2Fa%2FSJ00000BBLSb%2FyH._vK3pxGfnFViI7cKU7MIFKG.JeOO0Sk_j2fjuMXU&asPdf=false,Tweetsie Railroad,North Carolina,0,28605,96ec213f4d7b3d08
55-C-0008,Class C - Exhibitor,BLOWING ROCK,0,3241,0,2026-08-06,8/6/2026,Tweetsie Railroad Inc,0,https://aphis.file.force.com/sfc/dist/version/download/?oid=00Dt0000000GyZH&ids=068SJ00001O7UHp&d=%2Fa%2FSJ00000CDyHB%2FNjNLQutMBcHpLZ2r0oC4n_j81v3749vYhtOnmXmHoW4&asPdf=false,Tweetsie Railroad,North Carolina,0,28605,b9b64e1413dff7e0
93-B-0232,Class B - Dealer,Stockbridge,0,324116,0,2026-06-10,6/10/2026,Animal Blood Bank Inc,0,https://aphis.file.force.com/sfc/dist/version/download/?oid=00Dt0000000GyZH&ids=068SJ00001G6Umd&d=%2Fa%2FSJ00000Axq9h%2FGNIzoM6hLzH64DSneNeZErtgk4ImQb_s1W._gcnsEDE&asPdf=false,Animal Blood Bank Inc,Michigan,0,49285,c28bb047ee54c3ac
93-R-0536,Class R - Research Facility,STOCKBRIDGE,0,324116,0,2026-06-10,6/10/2026,Animal Blood Bank Inc,0,https://aphis.file.force.com/sfc/dist/version/download/?oid=00Dt0000000GyZH&ids=068SJ00001G6YAP&d=%2Fa%2FSJ00000Axprx%2F1Vr_ujtj7ZngcRgYwWXKf7FIMe_p_2Qdd3H.jO3b2oE&asPdf=false,"ANIMAL BLOOD BANK, INC.",Michigan,0,49285,ee89f79875654f87
55-C-0009,Class C - Exhibitor,Asheville,0,3242,0,2026-08-19,8/19/2026,WNC Nature Center,0,https://aphis.file.force.com/sfc/dist/version/download/?oid=00Dt0000000GyZH&ids=068SJ00001Pg7Cq&d=%2Fa%2FSJ00000CTUQP%2FEEO3_EPKVdysT8IS_wqc0X2OlyiIYuI3XKvYM93Ghw8&asPdf=false,WNC Nature Center,North Carolina,0,28805,92ab4a62359fd3ba
32-C-0225,Class C - Exhibitor,Pekin,0,324214,0,2026-06-25,6/25/2026,Rebecca Rockey,0,https://aphis.file.force.com/sfc/dist/version/download/?oid=00Dt0000000GyZH&ids=068SJ00001I2smH&d=%2Fa%2FSJ00000BHM7R%2Fqqv_pHuk3tT32vJ7OQiGxEjJijPlhbBjAq6MG_eUBxQ&asPdf=false,Rebecca Rockey,Indiana,0,47165,69efb0d1a332e7b4
32-A-0449,Class A - Breeder,Odon,0,324246,0,2026-07-15,7/15/2026,Loren J Wagler,0,https://aphis.file.force.com/sfc/dist/version/download/?oid=00Dt0000000GyZH&ids=068SJ00001KgMQ9&d=%2Fa%2FSJ00000Bfk5N%2Foilp_WGjYEC.tSbnrLnzF0jJRQ7V2TpRzp.g8hbz1k8&asPdf=false,Loren Wagler,Indiana,0,47562,28bb7752da0b5ccb
43-A-5673,Class A - Breeder,MEMPHIS,0,324362,0,2026-08-14,8/14/2026,Philip M. Hoover LLC,0,https://aphis.file.force.com/sfc/dist/version/download/?oid=00Dt0000000GyZH&ids=068SJ00001Q76sR&d=%2Fa%2FSJ00000CWMJR%2F7zzKO0aWxZbX22LCmmXEYYjLn8BLqSz1b6MHBqVwWt8&asPdf=false,"PHILIP M. HOOVER, L L C",Missouri,0,63555,65f367b6e0c3a8ef
31-A-0397,Class A - Breeder,MILLERSBURG,0,324402,0,2026-07-21,7/21/2026,Dennis D Yoder,0,https://aphis.file.force.com/sfc/dist/version/download/?oid=00Dt0000000GyZH&ids=068SJ00001Lb2BL&d=%2Fa%2FSJ00000BoMTd%2FUOUQnwaY1ecwM4JEQ0RziVyMXxaIrLl1Oug3Km3IgqQ&asPdf=false,DENNIS D YODER,Ohio,0,44654,f9804356106d0296
32-A-0361,Class A - Breeder,LAGRANGE,0,324464,0,2026-08-27,8/27/2026,Dennis Lee Miller,0,https://aphis.file.force.com/sfc/dist/version/download/?oid=00Dt0000000GyZH&ids=068SJ00001QmqMm&d=%2Fa%2FSJ00000CcUML%2FjvffooEyNDsyTdfpHE2eJOO_7hEa.Svs_2lbrQkyqGQ&asPdf=false,Dennis Lee Miller,Indiana,0,46761,ba7fdf4a415da888
32-A-0364,Class A - Breeder,Loogootee,0,324503,0,2026-07-21,7/21/2026,Darrel Wagler,0,https://aphis.file.force.com/sfc/dist/version/download/?oid=00Dt0000000GyZH&ids=068SJ00001LRdLf&d=%2Fa%2FSJ00000BmfFR%2Fro3e7jOp3.ZMQcMtzVqqKAJwAdlS2Uqw2bmp2ewJXBk&asPdf=false,Darrel Wagler,Indiana,0,47553,6d149376084b4ac7
64-B-0085,Class B - Dealer,WING,0,324525,0,2026-08-24,8/24/2026,John A Spence,0,https://aphis.file.force.com/sfc/dist/version/download/?oid=00Dt0000000GyZH&ids=068SJ00001QGgYY&d=%2Fa%2FSJ00000CXY41%2F3VwuImvDSGuagf_Ka63kxWgUWU0XzuyLqz2WcV40470&asPdf=false,John A Spence,Alabama,0,36483,637f5c15c11d8372
58-T-0159,Class T - Carrier,Santa Ana,0,324598,0,2026-08-13,8/13/2026,Alliance Ground International LLC,0,https://aphis.file.force.com/sfc/dist/version/download/?oid=00Dt0000000GyZH&ids=068SJ00001Os2zR&d=%2Fa%2FSJ00000CLxiv%2FfR18Q70dCxckbhWzsZpaXyV6zxGZAZkwmCFYhSH8mao&asPdf=false,Alliance Ground International LLC,California,0,92707,e13df42e91278047
58-C-0995,Class C - Exhibitor,Bushnell,0,324667,0,2026-06-15,6/15/2026,Florida International Teaching Zoo Inc,1,https://aphis.file.force.com/sfc/dist/version/download/?oid=00Dt0000000GyZH&ids=068SJ00001Geqfu&d=%2Fa%2FSJ00000B35eL%2F3GAwgROHUvAB6VJRBDNyKZmfyDKXHCIk7FoBMCex4ZA&asPdf=false,Florida International Teaching Zoo Inc,Florida,0,33513,c69abef1ed2132a5
73-C-0190,Class C - Exhibitor,DAVIS,0,324698,0,2026-06-15,6/15/2026,Arbuckle Adventures LLC,1,https://aphis.file.force.com/sfc/dist/version/download/?oid=00Dt0000000GyZH&ids=068SJ00001H5CPr&d=%2Fa%2FSJ00000B7hBZ%2FHYWkWQdR4j3a3Np4BnMwka31GB.1VUXkeX0wEAiHVeM&asPdf=false,Arbuckle Adventures LLC,Oklahoma,0,73030,cc3983d7a174a446
73-C-0190,Class C - Exhibitor,DAVIS,0,324698,0,2026-06-15,6/15/2026,Arbuckle Adventures LLC,5,https://aphis.file.force.com/sfc/dist/version/download/?oid=00Dt0000000GyZH&ids=068SJ00001H7F3F&d=%2Fa%2FSJ00000B86Uv%2FwxWCyHdYxdBfB9chtUdPz1eXlg8XJO9Nc3hJ744S2Ig&asPdf=false,Arbuckle Adventures LLC,Oklahoma,0,73030,6329a0c6ff8081b4
48-A-2118,Class A - Breeder,GOFF,0,324710,0,2026-07-20,7/20/2026,Vickie J Duryea,0,https://aphis.file.force.com/sfc/dist/version/download/?oid=00Dt0000000GyZH&ids=068SJ00001MRHBE&d=%2Fa%2FSJ00000BxZMn%2F1WqyAolXvX54_c2HikkPIk3dfSR5MGAs9FkYBoesJpw&asPdf=false,Vickie Duryea,Kansas,0,66428,03b13bc37b9afd4f
43-C-0364,Class C - Exhibitor,PARNELL,0,324769,0,2026-07-21,7/21/2026,Chester Taylor,0,https://aphis.file.force.com/sfc/dist/version/download/?oid=00Dt0000000GyZH&ids=068SJ00001LUOa5&d=%2Fa%2FSJ00000BnRiH%2FyxhJ4SQThWxa3L_iC2qfYvtEM7.qqsn4AQ9NePt_AGE&asPdf=false,Chester Taylor,Missouri,0,64475,6053a5d9b0def564
43-C-0364,Class C - Exhibitor,PARNELL,0,324769,0,2026-07-29,7/29/2026,Chester Taylor,0,https://aphis.file.force.com/sfc/dist/version/download/?oid=00Dt0000000GyZH&ids=068SJ00001MtnB2&d=%2Fa%2FSJ00000C2WUj%2FEBtfchucRuDAxc8nsrMvJbAvc9X7_qq9qf.rUQMKN8A&asPdf=false,CHESTER TAYLOR,Missouri,0,64475,c3c76f0235761dc8
43-C-0364,Class C - Exhibitor,PHOENIX,0,324769,0,2026-08-25,8/25/2026,Chester Taylor,0,https://aphis.file.force.com/sfc/dist/version/download/?oid=00Dt0000000GyZH&ids=068SJ00001QRKbE&d=%2Fa%2FSJ00000CZD9x%2FiV9hp8iYsVTbAAZAtGzQV1uM3oxZBOiq3EcLTM96MLI&asPdf=false,PHOENIX ZOO,Arizona,0,85008,8feb38a253534611
58-C-1002,Class C - Exhibitor,Tampa,0,324780,0,2026-08-11,8/11/2026,United Parks & Resorts Inc,0,https://aphis.file.force.com/sfc/dist/version/download/?oid=00Dt0000000GyZH&ids=068SJ00001OLy1G&d=%2Fa%2FSJ00000CGSB7%2F_3Wtz9kPOL5M4mxnWWUx8Cv9U150I2ZfbtjsjZPDdP4&asPdf=false,Busch Gardens Tampa,Florida,0,33612,3c15b8cd31ab1ffc
23-C-0261,Class C - Exhibitor,New Castle,0,32479,0,2026-06-30,6/30/2026,"Living Treasure I, Inc.",0,https://aphis.file.force.com/sfc/dist/version/download/?oid=00Dt0000000GyZH&ids=068SJ00001JkqwO&d=%2Fa%2FSJ00000BXHmv%2FzoE8y8CjxUtte5j3TyzA..DDxB_gGptjTndX4ENI7i0&asPdf=false,"Living Treasure I, Inc.",Pennsylvania,0,16101,937c2eec94f6119f
23-C-0261,Class C - Exhibitor,Grove City,0,32479,0,2026-07-17,7/17/2026,"Living Treasure I, Inc.",0,https://aphis.file.force.com/sfc/dist/version/download/?oid=00Dt0000000GyZH&ids=068SJ00001LH5gR&d=%2Fa%2FSJ00000Bl0r3%2FBsfAgGZmAm62R7gXM2CKus5cxbIg9lJ0h4Y5mPLzqqI&asPdf=false,"Living Treasure I, Inc.",Pennsylvania,0,16127,fe34951cc3691d04
73-A-2333,Class A - Breeder,Buffalo,0,32491,0,2026-07-14,7/14/2026,Debra Robison,0,https://aphis.file.force.com/sfc/dist/version/download/?oid=00Dt0000000GyZH&ids=068SJ00001KVFgj&d=%2Fa%2FSJ00000Be6oL%2FVhnf6bK5MGn89Ni0XpEt0YZBQj9yaeUUGIbjDbysO0I&asPdf=false,Debra Robison,Oklahoma,0,73834,86b570556701b9de
73-A-2741,Class A - Breeder,Antlers,0,324923,0,2026-06-26,6/26/2026,JoAnn & Roland Branton,0,https://aphis.file.force.com/sfc/dist/version/download/?oid=00Dt0000000GyZH&ids=068SJ00001ILQW8&d=%2Fa%2FSJ00000BJmoz%2FcuwTDn.xoBBBDyHLzT1Lhbh3Qw1MJk7yQFY7Sn6reCM&asPdf=false,Roland Branton,Oklahoma,0,74743,38348c2f7fe66642
92-C-0160,Class C - Exhibitor,OAKRIDGE,0,32493,0,2026-07-16,7/16/2026,Angela Goodwin,0,https://aphis.file.force.com/sfc/dist/version/download/?oid=00Dt0000000GyZH&ids=068SJ00001KpeED&d=%2Fa%2FSJ00000Bh5Kf%2FMVuGfP7eRaSmCgXdFezkFXlC9tlpPFdAF7iCWvy9ou0&asPdf=false,ANGELA GOODWIN,Oregon,0,97463,658887e49bf8f17b
93-R-0572,Class R - Research Facility,SAN DIEGO,0,324946,0,2026-06-23,6/23/2026,National Marine Mammal Foundation Inc,0,https://aphis.file.force.com/sfc/dist/version/download/?oid=00Dt0000000GyZH&ids=068SJ00001HoDmB&d=%2Fa%2FSJ00000BEqTR%2FPgGbsvAEs6KVs9_ZC3SIMhc8xl_tb1Y8aSA5AWQtcLQ&asPdf=false,NATIONAL MARINE MAMMAL FOUNDATION,California,0,92106,ad90581a947a9499
58-A-0345,Class A - Breeder,Ocala,0,324986,0,2026-07-09,7/9/2026,Terri Pompay,3,https://aphis.file.force.com/sfc/dist/version/download/?oid=00Dt0000000GyZH&ids=068SJ00001KGw4A&d=%2Fa%2FSJ00000BbBvp%2Fk_VTQCXyaG.Q1tmqFyjCoUbUMMG44BiTypHz1QD8ftc&asPdf=false,Terri Pompay,Florida,0,34480,eab9719df30c5198
58-A-0345,Class A - Breeder,Ocala,0,324986,0,2026-08-25,8/25/2026,Terri Pompay,0,https://aphis.file.force.com/sfc/dist/version/download/?oid=00Dt0000000GyZH&ids=068SJ00001QOwTM&d=%2Fa%2FSJ00000CYxl7%2Fa4b7SP0ZMpu_E9mLrAU7LXcxTOvfUZn_kBFnorEJh5U&asPdf=false,Terri Pompay,Florida,0,34480,2f8f18308fb54221
71-B-0203,Class B - Dealer,Crawfordsville,0,325085,0,2026-07-16,7/16/2026,Liberty Tree Holdings LLC,0,https://aphis.file.force.com/sfc/dist/version/download/?oid=00Dt0000000GyZH&ids=068SJ00001L1Bum&d=%2Fa%2FSJ00000Bj8BB%2FxrSu7j9b_wvIW7btRmFy0HoS16HC.v.7_CWVQRlxFwQ&asPdf=false,Liberty Tree Holdings LLC,Arkansas,0,72327,c9493bb2da502cd4
63-C-0283,Class C - Exhibitor,Pigeon Forge,0,325086,0,2026-06-10,6/10/2026,Alena Oulianova,0,https://aphis.file.force.com/sfc/dist/version/download/?oid=00Dt0000000GyZH&ids=068SJ00001GJxiy&d=%2Fa%2FSJ00000B048X%2FrPWEA5IezKlDbkG1FMal2CUbZCm257_iCurkB60hua8&asPdf=false,Alena Oulianova,Tennessee,0,37863,5439ee92a4b8cc47
35-C-0362,Class C - Exhibitor,WEST BEND,0,325088,0,2026-08-10,8/10/2026,Shalom Wildlife Sanctuary LLC,1,https://aphis.file.force.com/sfc/dist/version/download/?oid=00Dt0000000GyZH&ids=068SJ00001PFNlT&d=%2Fa%2FSJ00000CP1d7%2FPnC_tiPWUt8XVcioYSQs5ZVUPI3reSBSsJbVFpWlq8U&asPdf=false,Shalom Wildlife Sanctuary LLC,Wisconsin,0,53090,0caf39a774ba9c34
56-B-0128,Class B - Dealer,MYRTLE BEACH,0,325095,0,2026-07-14,7/14/2026,Robert J Mills,0,https://aphis.file.force.com/sfc/dist/version/download/?oid=00Dt0000000GyZH&ids=068SJ00001KsN0R&d=%2Fa%2FSJ00000BhXbt%2FS97IozVLj3W6nNkF6OE9gwzRKCr.UE0UB.ict9VkT9s&asPdf=false,ROBERT MILLS,South Carolina,0,29577,df002342ad2ac570
33-C-0529,Class C - Exhibitor,WILLOW SPRINGS,0,325140,0,2026-08-12,8/12/2026,MEMORY LANE STABLES,5,https://aphis.file.force.com/sfc/dist/version/download/?oid=00Dt0000000GyZH&ids=068SJ00001PdeTP&d=%2Fa%2FSJ00000CSxPd%2FRvO4qSv3eRgPQ5X5wMXAWrT1IuSMoubuMPTZ57ybInk&asPdf=false,Memory Lane Stables,Illinois,0,60480,04fdcc75c9dc1933
58-R-0146,Class R - Research Facility,JUPITER,0,325208,0,2026-08-10,8/10/2026,Max Planck Florida Corporation,0,https://aphis.file.force.com/sfc/dist/version/download/?oid=00Dt0000000GyZH&ids=068SJ00001OWQKR&d=%2Fa%2FSJ00000CILYX%2F8QKOilXFwwyHxjCKnJGXhIe15WifS7pN3J.3Ld2qKZw&asPdf=false,MAX PLANCK FLORIDA CORPORATION,Florida,0,33458,7adc65ac270c0467
21-C-0481,Class C - Exhibitor,Hampton Bays,0,325228,0,2026-07-09,7/9/2026,Wildlife Rescue Center of the Hamptons Inc,1,https://aphis.file.force.com/sfc/dist/version/download/?oid=00Dt0000000GyZH&ids=068SJ00001KE9iZ&d=%2Fa%2FSJ00000BaxjB%2FeYyII1c6kN2g6I9pnR.2EhX5odHccA_KOhk12F7YetM&asPdf=false,"Wildlife Rescue Center Of The Hamptons, Inc",New York,0,11946,c792b9c6df073523
34-B-0210,Class B - Dealer,Stanwood,0,325232,0,2026-07-30,7/30/2026,"D & M Resources, Inc",0,https://aphis.file.force.com/sfc/dist/version/download/?oid=00Dt0000000GyZH&ids=068SJ00001Mn3Xg&d=%2Fa%2FSJ00000C1f7C%2FpkDvVegf.FlfPvA2KlRcZ396ms0t5T_eyibDENipeyM&asPdf=false,D & M Resources,Michigan,0,49346,16af2bb422dd8301
33-A-0563,Class A - Breeder,Arthur,0,325311,0,2026-08-04,8/4/2026,Eldon Plank,0,https://aphis.file.force.com/sfc/dist/version/download/?oid=00Dt0000000GyZH&ids=068SJ00001NXgHH&d=%2Fa%2FSJ00000Ck1NB%2F5G3QXq7B3MSS_vkPRzKBQkHlWAQzY_PDAqP_IP8X4yA&asPdf=false,Eldon Plank,Illinois,0,61911,ae5205dafe9884cd
94-R-0114,Class R - Research Facility,Guayama,0,325361,0,2026-08-20,8/20/2026,Universidad lnteramericana de Puerto Rico,0,https://aphis.file.force.com/sfc/dist/version/download/?oid=00Dt0000000GyZH&ids=068SJ00001Rhcup&d=%2Fa%2FSJ00000CkoVx%2FOgF_PMQVXVgbFv08mZXGGgf3EAEDAafPV36R5.6Ciac&asPdf=false,Universidad Interamericana de Puerto Rico - Guayama Campus,Puerto Rico,0,00784,fc65c7ba44a1d796
43-A-5704,Class A - Breeder,KNOX CITY,0,325441,0,2026-06-16,6/16/2026,Joan Dale,0,https://aphis.file.force.com/sfc/dist/version/download/?oid=00Dt0000000GyZH&ids=068SJ00001HgFJh&d=%2Fa%2FSJ00000BDRFP%2FWpc4jbE5WRr3PzZ8xrtHmY05cegEsdDzZN0pkQWzmuk&asPdf=false,JOAN DALE,Missouri,0,63446,0c00f15d6b409c40
74-C-0915,Class C - Exhibitor,Canyon,0,325489,0,2026-06-24,6/24/2026,West Texas A&M University,0,https://aphis.file.force.com/sfc/dist/version/download/?oid=00Dt0000000GyZH&ids=068SJ00001Ibmsh&d=%2Fa%2FSJ00000BMnBp%2FH8tO4yDuPeBUjDg468wngEamEIxT6ikbhb9Iknt78hY&asPdf=false,West Texas A&M University,Texas,0,79015,ede09f918013634a
74-R-0206,Class R - Research Facility,CANYON,0,325489,0,2026-06-24,6/24/2026,West Texas A&M University,2,https://aphis.file.force.com/sfc/dist/version/download/?oid=00Dt0000000GyZH&ids=068SJ00001IbazS&d=%2Fa%2FSJ00000BMmR3%2FmyG3_9DFh4i8oicKmTbunxoXAw_Llj6Ed8Z2Et5DsI0&asPdf=false,West Texas A & M University,Texas,0,79015,0674ee081c80543b
41-C-0257,Class C - Exhibitor,Sandstone,0,325501,0,2026-08-04,8/4/2026,The Wildcat Sanctuary,0,https://aphis.file.force.com/sfc/dist/version/download/?oid=00Dt0000000GyZH&ids=068SJ00001O12e9&d=%2Fa%2FSJ00000CD96b%2Fi1R2nJOuIPV7h_Y0sG7.ZPa5iehnTeYiW.aG8fxUk40&asPdf=false,The Wildcat Sanctuary,Minnesota,0,55072,86caa5f0f6314d5a
32-A-0390,Class A - Breeder,Goshen,0,325512,0,2026-08-18,8/18/2026,Katie Miller Merle Miller,0,https://aphis.file.force.com/sfc/dist/version/download/?oid=00Dt0000000GyZH&ids=068SJ00001PP4L2&d=%2Fa%2FSJ00000CQmQH%2FycYxvFLjECoHUcx0p97Pja9oHxidI2voKb5pEoFgx_s&asPdf=false,Katie Miller Merle Miller,Indiana,0,46528,9c785c467e599972
31-A-0299,Class A - Breeder,ARCANUM,0,32557,0,2026-07-20,7/20/2026,John Jamison,0,https://aphis.file.force.com/sfc/dist/version/download/?oid=00Dt0000000GyZH&ids=068SJ00001LONnD&d=%2Fa%2FSJ00000BmKir%2F6ujd0G4GeG8jtHH7boGlTWKRG9BoLzFLEc6wStr7tYE&asPdf=false,JOHN JAMISON,Ohio,0,45304,7603bd56c2e953ba
43-A-6632,Class A - Breeder,Clark,0,325800,0,2026-07-01,7/1/2026,Anna Troyer,0,https://aphis.file.force.com/sfc/dist/version/download/?oid=00Dt0000000GyZH&ids=068SJ00001Jy6bt&d=%2Fa%2FSJ00000BZnQv%2Fox2AwddI7Qo2ocliEpd_B9rOlaBQQkdo6mV.Iu14z28&asPdf=false,Anna Troyer,Missouri,0,65243,b8b31ba9dc91f8d9
58-B-0669,Class B - Dealer,Fort Myers,0,325972,0,2026-07-29,7/29/2026,PreLabs LLC,0,https://aphis.file.force.com/sfc/dist/version/download/?oid=00Dt0000000GyZH&ids=068SJ00001Mhs3S&d=%2Fa%2FSJ00000C0ICX%2FrJEVUfHMCsRJKkoCEM8ihST_BY1Un34__R9ZHqSjPdU&asPdf=false,PreLabs LLC,Florida,0,33913,10ac928e50eaf7ee
32-C-0257,Class C - Exhibitor,Valparaiso,0,326051,0,2026-08-25,8/25/2026,Porter County Parks and Recreation,1,https://aphis.file.force.com/sfc/dist/version/download/?oid=00Dt0000000GyZH&ids=068SJ00001QX4a5&d=%2Fa%2FSJ00000CZraP%2Fl4Ujeq06De6iMFFNExZvSmPWK3cuJI0KijG9R9B7ENc&asPdf=false,Porter County Parks and Recreation,Indiana,0,46383,fcf4299573d17921
21-A-0154,Class A - Breeder,CLYDE,0,326174,0,2026-06-23,6/23/2026,TV Toys,0,https://aphis.file.force.com/sfc/dist/version/download/?oid=00Dt0000000GyZH&ids=068SJ00001HcC7p&d=%2Fa%2FSJ00000BClMb%2F_Ei5BK0VbOFNhuDM2zUzyVzlx9Boa.4SNGRF7VW7svE&asPdf=false,TWILIGHT VALLEY TOYS,New York,0,14433,44562f7565c50324
58-C-1348,Class C - Exhibitor,Osteen,0,326207,0,2026-07-29,7/29/2026,Dragon Ranch Inc,0,https://aphis.file.force.com/sfc/dist/version/download/?oid=00Dt0000000GyZH&ids=068SJ00001Mcjf0&d=%2Fa%2FSJ00000BzUVt%2F.ycEARdFpw5JjyaHUa74sBNxHoPyrHbCAbA5M1oPn3s&asPdf=false,Dragon Ranch Inc,Florida,0,32764,621520dc1c159df9
74-R-0204,Class R - Research Facility,BUDA,0,326234,0,2026-06-15,6/15/2026,The Austin Savanna  L L C,0,https://aphis.file.force.com/sfc/dist/version/download/?oid=00Dt0000000GyZH&ids=068SJ00001Gu7Da&d=%2Fa%2FSJ00000B5i8X%2FqSrNPTRR513Ff2jT0KD.eKgcS2g15tkpR.swRVve5Vk&asPdf=false,"The Austin Savanna, LLC",Texas,0,78610,291de8478f7f238b
33-C-0517,Class C - Exhibitor,Hampshire,1,326263,0,2026-06-12,6/12/2026,Caillou's Calling Animal Rescue,2,https://aphis.file.force.com/sfc/dist/version/download/?oid=00Dt0000000GyZH&ids=068SJ00001Gf2fJ&d=%2Fa%2FSJ00000B3AVx%2FoQFkv829JKe8PAurMtEOAIW67dS22H1zKv56plZC38E&asPdf=false,Caillou's Calling Animal Rescue,Illinois,0,60140,d59c51853cf0b8da
33-C-0517,Class C - Exhibitor,Hampshire,0,326263,0,2026-07-02,7/2/2026,Caillou's Calling Animal Rescue,0,https://aphis.file.force.com/sfc/dist/version/download/?oid=00Dt0000000GyZH&ids=068SJ00001JYwsi&d=%2Fa%2FSJ00000BVc97%2FzRZatN7jaQ9Jdgzf03dfvxPZ32yEVK7WlE6bklJx104&asPdf=false,Caillou's Calling Animal Rescue,Illinois,0,60140,28b5fcbcbe339199
33-C-0517,Class C - Exhibitor,Hampshire,0,326263,0,2026-08-13,8/13/2026,Caillou's Calling Animal Rescue,1,https://aphis.file.force.com/sfc/dist/version/download/?oid=00Dt0000000GyZH&ids=068SJ00001OgybH&d=%2Fa%2FSJ00000CKDWr%2FunrmAdlI1YfotoXK_.g3LNb9s4xiBa8VQnbO0RHqNSw&asPdf=false,Caillou's Calling Animal Rescue,Illinois,0,60140,1c24a380161c7744
72-C-0252,Class C - Exhibitor,Des Allemands,0,326361,1,2026-07-09,7/9/2026,Ronald C Guidry Jr,2,https://aphis.file.force.com/sfc/dist/version/download/?oid=00Dt0000000GyZH&ids=068SJ00001JqV7v&d=%2Fa%2FSJ00000BYbA5%2Fqw98Cm24jGYX581Z2b81C8NKZDKkatkaYl5cg_.Ye9o&asPdf=false,Ronald C. Guidry Jr,Louisiana,0,70030,5147feb882f6b31e
72-C-0252,Class C - Exhibitor,Des Allemands,0,326361,0,2026-07-10,7/10/2026,Ronald C Guidry Jr,0,https://aphis.file.force.com/sfc/dist/version/download/?oid=00Dt0000000GyZH&ids=068SJ00001K8TX4&d=%2Fa%2FSJ00000BacI9%2FAdqNmdKyXQeumUUQHdxWIAWiumuPC7gi_jAhnvKL6Yw&asPdf=false,Ronald C. Guidry Jr,Louisiana,0,70030,97907165618125ce
73-C-0238,Class C - Exhibitor,Medicine Park,0,326363,0,2026-06-22,6/22/2026,Medicine Park Aquarium & Nature Sciences Center,0,https://aphis.file.force.com/sfc/dist/version/download/?oid=00Dt0000000GyZH&ids=068SJ00001HWkyH&d=%2Fa%2FSJ00000BBm1N%2FP5nAY4ZGI05tyiP5i642qVylETZzWmp8xpRmTyA8LVw&asPdf=false,Medicine Park Aquarium & Nature Sciences Center,Oklahoma,0,73557,f1ac2d01e9d83f08
41-C-0251,Class C - Exhibitor,Sandstone,0,326366,0,2026-07-15,7/15/2026,Osprey Wilds Environmental Learning Center,0,https://aphis.file.force.com/sfc/dist/version/download/?oid=00Dt0000000GyZH&ids=068SJ00001Ki0DD&d=%2Fa%2FSJ00000Bg1ZF%2FfKbHV3fRYSDOeu4SCE_tFms2hPFkY9MG1EpH5yfrUU4&asPdf=false,Osprey Wilds Environmental Learning Center,Minnesota,0,55072,a6cdfc02ecb5e301
12-C-0047,Class C - Exhibitor,Merrimack,0,326406,0,2026-06-17,6/17/2026,A Dean King,0,https://aphis.file.force.com/sfc/dist/version/download/?oid=00Dt0000000GyZH&ids=068SJ00001H4MZF&d=%2Fa%2FSJ00000B7VGr%2F8lVnrqnyV9ezmcjS1tEma2of0QVZTETtLRwhlEigzBQ&asPdf=false,A Dean King,New Hampshire,0,03054,9e556e8e6bfcadde
82-R-0014,Class R - Research Facility,BOISE,0,326621,0,2026-08-21,8/21/2026,Boise State University,0,https://aphis.file.force.com/sfc/dist/version/download/?oid=00Dt0000000GyZH&ids=068SJ00001Q8Cqz&d=%2Fa%2FSJ00000CWYUH%2Fs2XZgnIv58yHL2.sgKpO7JX5UCHMxqQJ9HqSV8JlsSQ&asPdf=false,BOISE STATE UNIVERSITY,Idaho,0,83725,42c51f5d847699f5
41-C-0280,Class C - Exhibitor,BEMIDJI,0,326631,0,2026-08-06,8/6/2026,Caara Bergeron,1,https://aphis.file.force.com/sfc/dist/version/download/?oid=00Dt0000000GyZH&ids=068SJ00001OFFTh&d=%2Fa%2FSJ00000CFGAQ%2Fle..cNdCCyO2lfL3QtOXyGWe4F09bA_MOKa2eY8wLNY&asPdf=false,Caara Bergeron,Minnesota,0,56601,35e333c5f3f2d79d
35-C-0334,Class C - Exhibitor,Westby,0,326648,0,2026-08-17,8/17/2026,Living Waters Bible Camp,0,https://aphis.file.force.com/sfc/dist/version/download/?oid=00Dt0000000GyZH&ids=068SJ00001P9HsV&d=%2Fa%2FSJ00000COFmz%2FwcrzfudPd5K9WBdgH2mSA0r96GlV.LAI6JobzkpeBck&asPdf=false,Living Waters Bible Camp,Wisconsin,0,54667,6db6efaf76909843
55-B-0010,Class B - Dealer,BURLINGTON,0,3267,0,2026-06-17,6/17/2026,Carolina Biological Supply Co,0,https://aphis.file.force.com/sfc/dist/version/download/?oid=00Dt0000000GyZH&ids=068SJ00001H9rxP&d=%2Fa%2FSJ00000B8nq1%2FNEBP6FnChpO736jW762sfELXfSh_XLq.0qJduy7JyWo&asPdf=false,CAROLINA BIOLOGICAL SUPPLY CO,North Carolina,0,27215,8758104ac7ca36e5
47-C-0053,Class C - Exhibitor,SCOTTSBLUFF,0,326708,0,2026-07-07,7/7/2026,Riverside Zoological Foundation,0,https://aphis.file.force.com/sfc/dist/version/download/?oid=00Dt0000000GyZH&ids=068SJ00001JQzFj&d=%2Fa%2FSJ00000BUa1J%2FJXLchU2jEYOhtkohEKAbfkst1nPyH_94nOlxCdhOKKM&asPdf=false,Riverside Zoological Foundation,Nebraska,0,69361,0c1dfaa1b8bb904d
35-C-0401,Class C - Exhibitor,Westfield,0,32672,0,2026-08-24,8/24/2026,Primates Incorporated,1,https://aphis.file.force.com/sfc/dist/version/download/?oid=00Dt0000000GyZH&ids=068SJ00001QnviR&d=%2Fa%2FSJ00000CcdB7%2FkIsuUfuor36nk.BNEDS8JHJLn7aGUKzcdb84fVuZF5Y&asPdf=false,Primates Incorporated,Wisconsin,0,53964,0f3552fa3f5c27b9
87-C-0050,Class C - Exhibitor,Draper,0,326796,0,2026-08-18,8/18/2026,The Living Planet Aquarium,0,https://aphis.file.force.com/sfc/dist/version/download/?oid=00Dt0000000GyZH&ids=068SJ00001PYWJh&d=%2Fa%2FSJ00000CS7CX%2F9XrtEgOx81bi1qVlts79_n3ySW81lq9CHS5F6g52Sgw&asPdf=false,The Living Planet Aquarium,Utah,0,84020,cfaaf0ca1a89f69c
21-B-0147,Class B - Dealer,Seneca Falls,0,32693,0,2026-08-06,8/6/2026,Curtis Martin,1,https://aphis.file.force.com/sfc/dist/version/download/?oid=00Dt0000000GyZH&ids=068SJ00001NkcrL&d=%2Fa%2FSJ00000CAvZB%2Fy6u59PfSirMiZlIm9X4n4dxJVdF1rVV6VYVCKPnfX3c&asPdf=false,Curtis Martin,New York,0,13148,19661f659856c7ae
63-B-0179,Class B - Dealer,GOODLETTSVILLE,0,326957,0,2026-08-25,8/25/2026,Victoria Hawkins Paul Ciccariello,0,https://aphis.file.force.com/sfc/dist/version/download/?oid=00Dt0000000GyZH&ids=068SJ00001QOoKQ&d=%2Fa%2FSJ00000CYd1g%2FEPFQN0uK_NqcJarrVuQt7lIvzzTmTUv83wIAysIWbZY&asPdf=false,Victoria Hawkins Paul Ciccariello,Tennessee,0,37072,f2eb277af173dbd5
23-A-0553,Class A - Breeder,LEBANON,0,326991,0,2026-06-18,6/18/2026,Michael Tice,1,https://aphis.file.force.com/sfc/dist/version/download/?oid=00Dt0000000GyZH&ids=068SJ00001HbQeC&d=%2Fa%2FSJ00000BCYaf%2FBlTHbj60PPnOXH_GItrbl.tNnul.nbe7x_4opsJGAME&asPdf=false,MICHAEL TICE,Pennsylvania,0,17046,a1ebb402ef764538
74-C-1021,Class C - Exhibitor,ANGLETON,0,327076,0,2026-08-11,8/11/2026,Crocodile Encounter,0,https://aphis.file.force.com/sfc/dist/version/download/?oid=00Dt0000000GyZH&ids=068SJ00001OF8dQ&d=%2Fa%2FSJ00000CFFuH%2FZCqVGfAQhHrSGXsYZLPIeMC0.ugM7fkSC1CAdBIwarE&asPdf=false,Chris Dieter,Texas,0,77515,809fd80e28c4a28c
41-C-0255,Class C - Exhibitor,GLENCOE,0,327177,0,2026-08-19,8/19/2026,Kendallville Farm LLC,0,https://aphis.file.force.com/sfc/dist/version/download/?oid=00Dt0000000GyZH&ids=068SJ00001Pb83E&d=%2Fa%2FSJ00000CSXOj%2FSerEs0PdsbyMgVtR695tRTRavnGak4Xgl342bt6h6pE&asPdf=false,Kendallville Farm LLC,Minnesota,0,55336,132ffaeef9113f73
61-C-0170,Class C - Exhibitor,BERRY,0,327184,0,2026-07-02,7/2/2026,Sally Powell,1,https://aphis.file.force.com/sfc/dist/version/download/?oid=00Dt0000000GyZH&ids=068SJ00001IwXQu&d=%2Fa%2FSJ00000BQULt%2FEYYbTblDlfPsWU3Eji6ipFYASEgvwiLQ3vI2X7Tigv8&asPdf=false,Sally Powell,Kentucky,0,41003,0d7b98006ed2d2c4
58-C-1152,Class C - Exhibitor,Live Oak,1,327197,0,2026-06-11,6/11/2026,Mystic Jungle Educational Facility Inc,3,https://aphis.file.force.com/sfc/dist/version/download/?oid=00Dt0000000GyZH&ids=068SJ00001GvDi8&d=%2Fa%2FSJ00000B61zB%2FpClgMs2nhFhAQ0uoxtjKRTrv3fxG99.WasaTq60voWk&asPdf=false,Mystic Jungle Educational Facility Inc,Florida,0,32060,8eec659aea799c5a
56-C-0009,Class C - Exhibitor,Greenville,0,3273,0,2026-08-12,8/12/2026,City of Greenville,1,https://aphis.file.force.com/sfc/dist/version/download/?oid=00Dt0000000GyZH&ids=068SJ00001PGHeP&d=%2Fa%2FSJ00000CPWAf%2F3gVob66nFBMVOcUxgemak.btLsSY1tsCeDjllghOFHE&asPdf=false,City of Greenville,South Carolina,0,29601,becdd3465760e4ea
55-C-0295,Class C - Exhibitor,Charlotte,0,327304,0,2026-06-23,6/23/2026,Darby Acres Farm LLC,0,https://aphis.file.force.com/sfc/dist/version/download/?oid=00Dt0000000GyZH&ids=068SJ00001I0Vc9&d=%2Fa%2FSJ00000BGqHF%2FZFDKpyI_0KQjOaXETl6Ag5uakDWViOMFLpTrv190wqk&asPdf=false,"Darby Acres Farm, LLC",North Carolina,0,28216,1f9c458c8e72a457
55-C-0295,Class C - Exhibitor,Charlotte,0,327304,0,2026-06-23,6/23/2026,Darby Acres Farm LLC,0,https://aphis.file.force.com/sfc/dist/version/download/?oid=00Dt0000000GyZH&ids=068SJ00001I0mmf&d=%2Fa%2FSJ00000BGqU9%2FN4I6AE1yk6b324c3xdDRGwUdd2wgXIcPPhD2R6HGoso&asPdf=false,"Darby Acres Farm, LLC",North Carolina,0,28216,cae5be2237857b3c
32-A-0498,Class A - Breeder,Portland,0,327345,0,2026-07-28,7/28/2026,Alvin Brenneman,0,https://aphis.file.force.com/sfc/dist/version/download/?oid=00Dt0000000GyZH&ids=068SJ00001MdFQU&d=%2Fa%2FSJ00000Bzh1h%2FI8BTZWuaILMiAzv_4cqDrFQz6ZEzbEeK7XEdKy3TD3U&asPdf=false,Alvin Brenneman,Indiana,0,47371,a6d4191d8e15e471
74-A-1572,Class A - Breeder,Valley Mills,0,327402,0,2026-08-19,8/19/2026,Hatada Enterprises Inc.,1,https://aphis.file.force.com/sfc/dist/version/download/?oid=00Dt0000000GyZH&ids=068SJ00001PgEpM&d=%2Fa%2FSJ00000CTTUL%2FxI7gJnoBu2AIbo9AZLk9PabwImz0HHHTr02g3ZH0YvI&asPdf=false,Hatada Enterprises Inc.,Texas,0,76689,f26b4d90d4722946
32-A-0407,Class A - Breeder,LAGRANGE,0,327447,0,2026-06-24,6/24/2026,Jerry Miller,1,https://aphis.file.force.com/sfc/dist/version/download/?oid=00Dt0000000GyZH&ids=068SJ00001HqfzR&d=%2Fa%2FSJ00000BFSFN%2FABH_VK_WjfC1s_kb807Midf7YnwzCWJVEFN6PEdivM8&asPdf=false,Jerry Miller,Indiana,0,46761,dbce1eed3290d65b
43-A-5761,Class A - Breeder,PRINCETON,0,327502,0,2026-08-19,8/19/2026,Junior Detweiler,0,https://aphis.file.force.com/sfc/dist/version/download/?oid=00Dt0000000GyZH&ids=068SJ00001QLEDS&d=%2Fa%2FSJ00000CXrLB%2FyN6Oq7mJg8.u7Yf1OqbG_VzoZEB7CiUj8NJRXz2XZqw&asPdf=false,Junior Detweiler,Missouri,0,64673,5254d16ddf674ca4
72-C-0236,Class C - Exhibitor,Benton,0,327544,0,2026-06-11,6/11/2026,Cypress Black Bayou Recreation Area,0,https://aphis.file.force.com/sfc/dist/version/download/?oid=00Dt0000000GyZH&ids=068SJ00001GLaOX&d=%2Fa%2FSJ00000B0Ez7%2Fx.uUAJ1j2nVpzA6rF5rkckIqDiKduib3rpKRxGiLSfY&asPdf=false,Cypress Black Bayou Recreation Area,Louisiana,0,71006,2c70cc09d0aeeef8
58-C-1286,Class C - Exhibitor,Bushnell,0,327632,0,2026-06-15,6/15/2026,William Allen Bedford,0,https://aphis.file.force.com/sfc/dist/version/download/?oid=00Dt0000000GyZH&ids=068SJ00001GePnx&d=%2Fa%2FSJ00000B33Fx%2FJXaOlcs3F1aYx7guhQsPhZ8X_Q_b98wFO_XS0VsWvWY&asPdf=false,William Allen Bedford,Florida,0,33513,4f5c21c26bd29852
51-C-0096,Class C - Exhibitor,Owings Mills,0,327746,0,2026-06-25,6/25/2026,Irvine Nature Center,0,https://aphis.file.force.com/sfc/dist/version/download/?oid=00Dt0000000GyZH&ids=068SJ00001IB1hJ&d=%2Fa%2FSJ00000BIiXJ%2FkAE3IDoJeteFrk9kDhtSBWA1t4ZvkM2me_b.IczRRnQ&asPdf=false,Irvine Nature Center,Maryland,0,21117,eeb779ee57cb6e15
55-R-0142,Class R - Research Facility,Durham,0,327788,0,2026-08-26,8/26/2026,Powered Research LLC,1,https://aphis.file.force.com/sfc/dist/version/download/?oid=00Dt0000000GyZH&ids=068SJ00001Qd9c5&d=%2Fa%2FSJ00000CayMv%2FSbBF9BqyOFs4_dJyqRgkXaSaexMI.Zsg13Ogw8fg08w&asPdf=false,Powered Research LLC,North Carolina,0,27703,481a802df85b6c86
73-A-2756,Class A - Breeder,Honobia,0,327898,0,2026-08-13,8/13/2026,Cara Borin John Moore,1,https://aphis.file.force.com/sfc/dist/version/download/?oid=00Dt0000000GyZH&ids=068SJ00001OmQZr&d=%2Fa%2FSJ00000CKnGz%2FpZZAKxK1QrshLztpj_E4poFd7eOyfiiP9Ds4DkScv3Y&asPdf=false,J-C Kennel,Oklahoma,0,74549,0b667ad4ea860bec
23-A-0596,Class A - Breeder,MILL HALL,0,327993,0,2026-06-22,6/22/2026,Levi King,0,https://aphis.file.force.com/sfc/dist/version/download/?oid=00Dt0000000GyZH&ids=068SJ00001HbLbJ&d=%2Fa%2FSJ00000BCYyr%2Fzcv9kMlbhRS7AcG03QJ_qzThDtSWlkBgJR6wY6QyWvg&asPdf=false,LEVI KING,Pennsylvania,0,17751,26a6c828c94d4bc8
34-C-0353,Class C - Exhibitor,Greenville,0,327994,0,2026-06-11,6/11/2026,Grizzly Flats Farm LLC,0,https://aphis.file.force.com/sfc/dist/version/download/?oid=00Dt0000000GyZH&ids=068SJ00001Gaokq&d=%2Fa%2FSJ00000B2CDF%2FCtKkhuE2zqaMsShdk_YDKnmVLU3WsPkqMKfF.C3eBK0&asPdf=false,Grizzly Flats Farm LLC,Michigan,0,48838,45457addb272c0e5
34-C-0353,Class C - Exhibitor,Cedar Springs,0,327994,0,2026-06-11,6/11/2026,Grizzly Flats Farm LLC,0,https://aphis.file.force.com/sfc/dist/version/download/?oid=00Dt0000000GyZH&ids=068SJ00001GbGKF&d=%2Fa%2FSJ00000B2AUn%2FaWi9JlpFrljarOEJx0OO_WHndvQNL4x47RGIaFRy9nM&asPdf=false,Grizzly Flats Farm LLC,Michigan,0,49319,b618f98fe751e942
34-C-0353,Class C - Exhibitor,Cedar Springs,0,327994,0,2026-08-19,8/19/2026,Grizzly Flats Farm LLC,0,https://aphis.file.force.com/sfc/dist/version/download/?oid=00Dt0000000GyZH&ids=068SJ00001PUKll&d=%2Fa%2FSJ00000CRsob%2FZp.NGHa5HeNdQETdS5uRj5_cIJPJxWsKzJkgbzpyjMY&asPdf=false,Grizzly Flats Farm LLC,Michigan,0,49319,b2a5346832f0fa38
34-C-0353,Class C - Exhibitor,Greenville,0,327994,0,2026-08-19,8/19/2026,Grizzly Flats Farm LLC,0,https://aphis.file.force.com/sfc/dist/version/download/?oid=00Dt0000000GyZH&ids=068SJ00001PV2t8&d=%2Fa%2FSJ00000CRt4j%2FqOWXUPSzMOXHHbmPBCKg93OLVIM._.ue0YDQx8KjcKU&asPdf=false,Grizzly Flats Farm LLC,Michigan,0,48838,9d1608f06ad328aa
23-R-0027,Class R - Research Facility,PHILA,0,328,0,2026-06-30,6/30/2026,Temple University,0,https://aphis.file.force.com/sfc/dist/version/download/?oid=00Dt0000000GyZH&ids=068SJ00001Iuk0b&d=%2Fa%2FSJ00000BPvcf%2F.q90zJtUSoMn6BXN9tknql0m9QAxahZPGBVNnJkiQak&asPdf=false,KRESGE BUILDING,Pennsylvania,0,19140,b9d9a2626cf9fd94
23-R-0027,Class R - Research Facility,PHILA,0,328,0,2026-06-30,6/30/2026,Temple University,0,https://aphis.file.force.com/sfc/dist/version/download/?oid=00Dt0000000GyZH&ids=068SJ00001Iupzf&d=%2Fa%2FSJ00000BPvSz%2Fepy524RWGFctZrIQdcM4YoByhF6v_jDJao_iwtlQrFA&asPdf=false,TEMPLE UNIVERSITY MEDICAL RESEARCH BUILDING,Pennsylvania,0,19140,a0129c1fc007711f
52-R-0128,Class R - Research Facility,HENRICO,0,328004,0,2026-08-11,8/11/2026,Operational Medicine Consultants LLC,3,https://aphis.file.force.com/sfc/dist/version/download/?oid=00Dt0000000GyZH&ids=068SJ00001OLKwx&d=%2Fa%2FSJ00000CGRLW%2Fw3wUg_Qs7azZ2eSGxlLtTgL.CNsnU7ug7bHzG.taIjM&asPdf=false,Operational Medicine Consultants LLC,Virginia,0,23229,430db0ec42657bbf
43-C-0342,Class C - Exhibitor,BRANSON,0,328087,0,2026-06-11,6/11/2026,Bransons Wild World,0,https://aphis.file.force.com/sfc/dist/version/download/?oid=00Dt0000000GyZH&ids=068SJ00001JEHVU&d=%2Fa%2FSJ00000BSAxO%2FaE9B38CDEz.VpsJufCVQbtS3EuToPbKF2UBEuyAc9Ms&asPdf=false,BRANSONS WILD WORLD INC.,Missouri,0,65616,9da6856de079fc30
43-C-0432,Class C - Exhibitor,Branson,0,328087,0,2026-06-11,6/11/2026,Bransons Wild World,0,https://aphis.file.force.com/sfc/dist/version/download/?oid=00Dt0000000GyZH&ids=068SJ00001Gcndy&d=%2Fa%2FSJ00000B2aYv%2FppGynZprum7CcYqnYYV3CBIIlZtpeSuNRz4lPc.ctXA&asPdf=false,Bransons Wild World,Missouri,0,65616,62101f951927d858
43-C-0432,Class C - Exhibitor,Branson,0,328087,0,2026-07-21,7/21/2026,Bransons Wild World,0,https://aphis.file.force.com/sfc/dist/version/download/?oid=00Dt0000000GyZH&ids=068SJ00001Ly44O&d=%2Fa%2FSJ00000BsBGH%2FkJaOBJWHOstUGGJwX4iOsRr7u3cAcRHtzytYAuGhVUs&asPdf=false,Bransons Wild World,Missouri,0,65616,a374b872d875d8ed
43-C-0432,Class C - Exhibitor,Branson,0,328087,0,2026-08-27,8/27/2026,Bransons Wild World,0,https://aphis.file.force.com/sfc/dist/version/download/?oid=00Dt0000000GyZH&ids=068SJ00001Qu35N&d=%2Fa%2FSJ00000CdQwb%2Fb1ZMgpsz7M.E9KtJfNbqc9wcXKMb1lZcklduNeKBi3E&asPdf=false,Bransons Wild World,Missouri,0,65616,41787dbc226c554f
55-C-0118,Class C - Exhibitor,Cherokee,0,3281,0,2026-07-21,7/21/2026,Barry Coggins,0,https://aphis.file.force.com/sfc/dist/version/download/?oid=00Dt0000000GyZH&ids=068SJ00001LrhyT&d=%2Fa%2FSJ00000BrJhJ%2FRW.2k98vfbYkh1SmsYjAQqVaNy3KSkPAnqUIk4yMotA&asPdf=false,Barry Coggins,North Carolina,0,28719,3cab97b7eb6ecac3
32-A-0430,Class A - Breeder,Shipshewana,0,328467,0,2026-06-24,6/24/2026,Devon Yoder,0,https://aphis.file.force.com/sfc/dist/version/download/?oid=00Dt0000000GyZH&ids=068SJ00001Hx0Mu&d=%2Fa%2FSJ00000BFy7B%2FccBSyQvR07An7FoCCtti.bnGdxNdBX8XnUuHvORD5cM&asPdf=false,Devon Yoder,Indiana,0,46565,0ce032520c9b8b23
32-A-0430,Class A - Breeder,Shipshewana,0,328467,0,2026-06-25,6/25/2026,Devon Yoder,0,https://aphis.file.force.com/sfc/dist/version/download/?oid=00Dt0000000GyZH&ids=068SJ00001I3G0c&d=%2Fa%2FSJ00000BHPID%2F1fd.aZk9u8jMsXCbQ.XOE.M5Fd3uIDnR8_MSpX0j2Fk&asPdf=false,Devon Yoder,Indiana,0,46565,dcfa8ee534554ac7
31-C-0249,Class C - Exhibitor,Frazeysburg,0,328481,0,2026-08-25,8/25/2026,Rachel Lauren Robertson,1,https://aphis.file.force.com/sfc/dist/version/download/?oid=00Dt0000000GyZH&ids=068SJ00001QsaQW&d=%2Fa%2FSJ00000Cd7U9%2FNB1JO6sjOveSD5m6cktDbQaYPfl6yVZR2tfEJ9omME8&asPdf=false,Rachel Lauren Ridgley,Ohio,0,43822,c2115967ebb8af12
58-B-0599,Class B - Dealer,Pensacola,0,328502,0,2026-07-16,7/16/2026,Derek Evans,0,https://aphis.file.force.com/sfc/dist/version/download/?oid=00Dt0000000GyZH&ids=068SJ00001LRNyV&d=%2Fa%2FSJ00000BmejB%2FlrT8qk3VxxFaGutXGAt_NJDQYPNJJHwOGJa6nweIvVU&asPdf=false,Derek Evans,Florida,0,32505,87ac2a05a1491b3d
58-B-0340,Class B - Dealer,Southwest Ranches,0,3286,0,2026-07-01,7/1/2026,"Richard L Miller DVM, PA",1,https://aphis.file.force.com/sfc/dist/version/download/?oid=00Dt0000000GyZH&ids=068SJ00001JFX9y&d=%2Fa%2FSJ00000BSQkP%2FAkMknQ7XB8DxrHS0ef54WwhLrX3FaGKOGU1ChVVCeTk&asPdf=false,"Richard L Miller D V M, P A",Florida,0,33330,b10a9da288556e40
93-C-1022,Class C - Exhibitor,SALINAS,0,328604,0,2026-07-23,7/23/2026,Monterey Zoological Society,0,https://aphis.file.force.com/sfc/dist/version/download/?oid=00Dt0000000GyZH&ids=068SJ00001MOFNf&d=%2Fa%2FSJ00000Bwd13%2FExXCfOF1.LmQnBwwRw_w36albxXEK0a_AkElDgqqx.A&asPdf=false,Monterey Zoological Society,California,0,93908,3bca62dbe09b1bd6
74-B-0766,Class B - Dealer,FRISCO,0,328606,0,2026-08-06,8/6/2026,Arancor Inc.,1,https://aphis.file.force.com/sfc/dist/version/download/?oid=00Dt0000000GyZH&ids=068SJ00001NjDzS&d=%2Fa%2FSJ00000CAQAP%2FQrOX_ONo60IIQdWzvLAwyqnpUE4Cbacah3HKl_FpQw4&asPdf=false,Arancor Inc.,Texas,0,75033,d64d85d7ea95fd54
58-C-1097,Class C - Exhibitor,SORRENTO,0,328625,0,2026-07-06,7/6/2026,Cairo LLC,1,https://aphis.file.force.com/sfc/dist/version/download/?oid=00Dt0000000GyZH&ids=068SJ00001KGvJG&d=%2Fa%2FSJ00000BbArh%2FPsJZHgfC3laPzMnBOrf.DzPDF4UxFcTpwOfAF6yyoyk&asPdf=false,Cairo LLC,Florida,0,32776,2cca26382e6247c5
31-C-0234,Class C - Exhibitor,BERLIN CENTER,0,328710,0,2026-08-21,8/21/2026,"Noah's Lost Ark, Inc.",0,https://aphis.file.force.com/sfc/dist/version/download/?oid=00Dt0000000GyZH&ids=068SJ00001QM1WB&d=%2Fa%2FSJ00000CYBLV%2Fxo6.FyNVfUqLJ8jAL7DxZGa4eFYAGnRJK.eo8vUjro0&asPdf=false,NOAHS LOST ARK INC,Ohio,0,44401,b1ac704c77d2c355
63-C-0167,Class C - Exhibitor,Murfreesboro,0,32892,0,2026-06-24,6/24/2026,Discovery Center At Murfree Spring,0,https://aphis.file.force.com/sfc/dist/version/download/?oid=00Dt0000000GyZH&ids=068SJ00001HmolI&d=%2Fa%2FSJ00000BEbML%2FU.zkh3EJvq6tXb3jREj5BrmVXstwiRAKocK1zwGY2wM&asPdf=false,Discovery Center At Murfree Spring,Tennessee,0,37130,bf1b9133fa7caa82
72-R-0105,Class R - Research Facility,NEW ORLEANS,0,329030,0,2026-08-13,8/13/2026,University of New Orleans,0,https://aphis.file.force.com/sfc/dist/version/download/?oid=00Dt0000000GyZH&ids=068SJ00001OglJN&d=%2Fa%2FSJ00000CK60j%2FlK9K8kRkzFzRXYiZTHioBduCsSZjpnVV.7Mq.mMxd5U&asPdf=false,Biology Building on Founders Rd.,Louisiana,0,70148,6015091dce643767
58-C-1207,Class C - Exhibitor,Wellington,0,329044,0,2026-08-12,8/12/2026,Wellington Conservation Center,6,https://aphis.file.force.com/sfc/dist/version/download/?oid=00Dt0000000GyZH&ids=068SJ00001Q5kKY&d=%2Fa%2FSJ00000CWMkr%2F20.ktSjPi_75Kxa0xdNvUC14V0vbJTAuqPELdpBTwOk&asPdf=false,Wellington Conservation Center,Florida,0,33414,074ab447f62be6d1
74-C-0985,Class C - Exhibitor,CANTON,0,329111,0,2026-08-03,8/3/2026,Yesterland Farm Operations LLC,0,https://aphis.file.force.com/sfc/dist/version/download/?oid=00Dt0000000GyZH&ids=068SJ00001NFcqc&d=%2Fa%2FSJ00000C63lt%2FTAdd8IiZDaOFItfnFXZHUnMR1Eq.22CCxz8Ui3dk1jo&asPdf=false,Yesterland Farm L L C,Texas,0,75103,fd433f4ed3feea73
32-A-0442,Class A - Breeder,Loogootee,0,329117,0,2026-08-20,8/20/2026,"John, Mary Jane and James Knepp",0,https://aphis.file.force.com/sfc/dist/version/download/?oid=00Dt0000000GyZH&ids=068SJ00001PlWKO&d=%2Fa%2FSJ00000CU9tN%2FyJ0DDmrHymb9izGtoSB0RGhS2miZlBuR.wemG4FyqSQ&asPdf=false,"John, Mary Jane and James Knepp",Indiana,0,47553,a6830c91eb903bb1
43-A-5788,Class A - Breeder,DREXEL,0,329182,0,2026-08-26,8/26/2026,Juanita Kimbrough,0,https://aphis.file.force.com/sfc/dist/version/download/?oid=00Dt0000000GyZH&ids=068SJ00001Qd2Ad&d=%2Fa%2FSJ00000Cawub%2FLSuzsRiR9W91KWzTUGwRkRcwn0uJ6jXqc6ROpWPhUpE&asPdf=false,JUANITA KIMBROUGH,Missouri,0,64742,f1856f45ee0a657a
86-R-0042,Class R - Research Facility,SAN MARCOS,0,329220,0,2026-06-16,6/16/2026,Pima Medical Institute,0,https://aphis.file.force.com/sfc/dist/version/download/?oid=00Dt0000000GyZH&ids=068SJ00001HgdKP&d=%2Fa%2FSJ00000BDbY5%2FHJJyRjbgjqM9FKhrH439mPbaAYcpitvD4OKHnBJ9t78&asPdf=false,PIMA MEDICAL INSTITUTE San Marcos,California,0,92078,7978ff5fbba2ea75
87-C-0057,Class C - Exhibitor,LOGAN,0,329235,0,2026-07-14,7/14/2026,Zootah at Willow Park,0,https://aphis.file.force.com/sfc/dist/version/download/?oid=00Dt0000000GyZH&ids=068SJ00001KWA21&d=%2Fa%2FSJ00000BeEvZ%2FgTBqnmbvbHAF4uKpW2ZdthPQky50yNq8ybTVDKBBCD4&asPdf=false,ZOOTAH AT WILLOW PARK,Utah,0,84321,e013e5aacb8a4942
31-A-0455,Class A - Breeder,SHELBY,0,329250,0,2026-08-20,8/20/2026,Daniel Shirk,0,https://aphis.file.force.com/sfc/dist/version/download/?oid=00Dt0000000GyZH&ids=068SJ00001PdJ4C&d=%2Fa%2FSJ00000CSul7%2FMLNBilt5z48p9PmmqBZPEkQClyHxlB_YzGG2_dgPjmE&asPdf=false,Daniel Shirk,Ohio,0,44875,7ca4fa87598ca57a
73-C-0258,Class C - Exhibitor,ANTLERS,0,329322,0,2026-08-13,8/13/2026,For Sale LLC,0,https://aphis.file.force.com/sfc/dist/version/download/?oid=00Dt0000000GyZH&ids=068SJ00001OmLJz&d=%2Fa%2FSJ00000CKnwv%2FKGd_2zb96ZqdcK3DmzZ9kwkyNHGSFeMRMkKvN.9d0ro&asPdf=false,BECKY FRANKS,Oklahoma,0,74523,1ef0a89731d0519b
74-R-0212,Class R - Research Facility,DALHART,0,329347,0,2026-06-23,6/23/2026,Veterinary Health Source LLC,0,https://aphis.file.force.com/sfc/dist/version/download/?oid=00Dt0000000GyZH&ids=068SJ00001Hnll7&d=%2Fa%2FSJ00000BEfPy%2F4LgbHH28DS5OkMywTf_lbXsyD1EVBXazgANpFtgEm6U&asPdf=false,VETERINARY HEALTH SOURCE L L C,Texas,0,79022,38910edfff2e0099
43-C-0347,Class C - Exhibitor,Dearborn,0,329348,0,2026-06-24,6/24/2026,Creatures By Theresa,11,https://aphis.file.force.com/sfc/dist/version/download/?oid=00Dt0000000GyZH&ids=068SJ00001LGg22&d=%2Fa%2FSJ00000BkunF%2FtUXAHxv8ISj3C2A5FiiHTzS_YuslIwY3Q97nmetfGE0&asPdf=false,Creatures By Theresa,Missouri,0,64439,d889dd52c3704548
32-C-0259,Class C - Exhibitor,Woodburn,0,329350,0,2026-07-08,7/8/2026,Indiana Wild Human Animal Cultural Connections,1,https://aphis.file.force.com/sfc/dist/version/download/?oid=00Dt0000000GyZH&ids=068SJ00001JngPV&d=%2Fa%2FSJ00000BXvkL%2Fwq1T72vZlPkC3228dQTmVRoxTGbDNs9vC1k9wJCdlsw&asPdf=false,Indiana Wild Human Animal Cultural Connections,Indiana,0,46797,8a8ddf0ccbd67cd0
23-C-0342,Class C - Exhibitor,NORTH EAST,0,329360,0,2026-08-19,8/19/2026,Deborah Apthorp,0,https://aphis.file.force.com/sfc/dist/version/download/?oid=00Dt0000000GyZH&ids=068SJ00001QMmRX&d=%2Fa%2FSJ00000CYAu6%2FKM9npz2EM0p4CDH2pM.zO64vMipQ2BKUee0kg0F28ko&asPdf=false,DEBORAH APTHORP,Pennsylvania,0,16428,7488c36e64e8dc37
33-A-0538,Class A - Breeder,Arcola,0,329484,0,2026-06-15,6/15/2026,Darrell Miller,0,https://aphis.file.force.com/sfc/dist/version/download/?oid=00Dt0000000GyZH&ids=068SJ00001GlYcW&d=%2Fa%2FSJ00000B49OB%2F2VriUlFqjZOcTif66I7lSwwp2Q.WIuYnXUZMfGMn6NA&asPdf=false,Darrell Miller,Illinois,0,61910,491f945d09bbb448
31-A-0725,Class A - Breeder,Sugarcreek,0,329517,0,2026-07-08,7/8/2026,Michael E Troyer,1,https://aphis.file.force.com/sfc/dist/version/download/?oid=00Dt0000000GyZH&ids=068SJ00001KJDYl&d=%2Fa%2FSJ00000BbdYj%2FqZLqY7GguK_BRxFJfrvxZGobGP3l8OrhJuiLBW9eCY0&asPdf=false,Michael E Troyer,Ohio,0,44681,16cdc5f6af0a16c0
31-A-1026,Class A - Breeder,Sugarcreek,0,329521,0,2026-07-30,7/30/2026,Andy A Yoder,3,https://aphis.file.force.com/sfc/dist/version/download/?oid=00Dt0000000GyZH&ids=068SJ00001Nlkkt&d=%2Fa%2FSJ00000CB1wL%2FzhMbHVMnh9T1ACx7wURDAonALYEdwe2hRaRfkv_JDFU&asPdf=false,Andy A Yoder,Ohio,0,44681,0af7f064c0430b40
43-C-0352,Class C - Exhibitor,BRANSON,0,329566,0,2026-06-11,6/11/2026,Branson’s Promised Land Zoo,0,https://aphis.file.force.com/sfc/dist/version/download/?oid=00Dt0000000GyZH&ids=068SJ00001Iu4hJ&d=%2Fa%2FSJ00000BPg49%2FjBZKWujRZ1mETYioG9OGlZRY.KlhjCI5AuGkdVUll9w&asPdf=false,PROMISED LAND ZOO BRANSON,Missouri,0,65616,0441b886b64289a1
43-C-0352,Class C - Exhibitor,BRANSON,0,329566,0,2026-08-10,8/10/2026,Branson’s Promised Land Zoo,0,https://aphis.file.force.com/sfc/dist/version/download/?oid=00Dt0000000GyZH&ids=068SJ00001OlcQD&d=%2Fa%2FSJ00000CKiE5%2FymkXWuuT8.aEjjm8.qUATo7yfCRDQdNXUatkLw_Or.k&asPdf=false,PROMISED LAND ZOO BRANSON,Missouri,0,65616,2e2ca4c59fb5cf13
43-C-0352,Class C - Exhibitor,BRANSON,0,329566,0,2026-08-19,8/19/2026,Branson’s Promised Land Zoo,0,https://aphis.file.force.com/sfc/dist/version/download/?oid=00Dt0000000GyZH&ids=068SJ00001Pn9q2&d=%2Fa%2FSJ00000CUJcb%2FATIFrDPkc55bXssQlFNgJmWT4hpwT9OjX42eBa8kGo8&asPdf=false,PROMISED LAND ZOO BRANSON,Missouri,0,65616,065dedcb0a0ee518
92-C-0187,Class C - Exhibitor,Acton,0,32957,0,2026-07-02,7/2/2026,AAA Animals,0,https://aphis.file.force.com/sfc/dist/version/download/?oid=00Dt0000000GyZH&ids=068SJ00001JaNKf&d=%2Fa%2FSJ00000BVqKB%2F7K9K60BhMB0LLBwKeLZeVeSePdZB2HQvKjbmg.frJpc&asPdf=false,AAA Animals,California,0,93510,0fee96e684b043fd
23-C-0330,Class C - Exhibitor,Quarryville,0,329651,0,2026-07-08,7/8/2026,Black Rock Retreat,0,https://aphis.file.force.com/sfc/dist/version/download/?oid=00Dt0000000GyZH&ids=068SJ00001Jxpns&d=%2Fa%2FSJ00000BZdwD%2FKTG9dbXu4zOsrLcWPE8dAXkR0K_Z80A.fRfy.m2x16k&asPdf=false,Black Rock Retreat,Pennsylvania,0,17566,ec9fd610cae8aad1
93-C-1146,Class C - Exhibitor,Plymouth,0,329739,0,2026-07-10,7/10/2026,Tri County Wildlife Care,0,https://aphis.file.force.com/sfc/dist/version/download/?oid=00Dt0000000GyZH&ids=068SJ00001KKQ4E&d=%2Fa%2FSJ00000BbspV%2F3Oo_yXf_fU2gbfMBUJOe8MDkk94E9Uv1oe9EfEpbBrM&asPdf=false,Natasha and Marci Glenn,California,0,95669,ecea3bba08ee03a5
93-C-1146,Class C - Exhibitor,FIDDLETOWN,0,329739,0,2026-07-10,7/10/2026,Tri County Wildlife Care,0,https://aphis.file.force.com/sfc/dist/version/download/?oid=00Dt0000000GyZH&ids=068SJ00001KKqhg&d=%2Fa%2FSJ00000Bbvll%2FOA67HzAFrxRz3M_jCHTIyZb.EhNOCiUeqSk_vbAJ27Q&asPdf=false,Tri County Wildlife Care,California,0,95629,201837f0de216295
93-C-1146,Class C - Exhibitor,Volcano,0,329739,0,2026-07-10,7/10/2026,Tri County Wildlife Care,1,https://aphis.file.force.com/sfc/dist/version/download/?oid=00Dt0000000GyZH&ids=068SJ00001KL2af&d=%2Fa%2FSJ00000BbviX%2F0RePPYOAp.l1JXgsqRM3S1i4AGxJ4YJ9odqfGAvjppk&asPdf=false,Karen West,California,0,95689,8d30b04fe8fc2938
93-C-1146,Class C - Exhibitor,Fiddletown,0,329739,0,2026-07-24,7/24/2026,Tri County Wildlife Care,0,https://aphis.file.force.com/sfc/dist/version/download/?oid=00Dt0000000GyZH&ids=068SJ00001MRmZt&d=%2Fa%2FSJ00000Bxc2v%2FnYZyW531HDg8gTTey0cIpUi3CV6J.ULheqvdeFXCOCU&asPdf=false,Denise Montano,California,0,95629,5c3ce62a2702660f
93-C-1146,Class C - Exhibitor,Pine Grove,0,329739,0,2026-07-24,7/24/2026,Tri County Wildlife Care,0,https://aphis.file.force.com/sfc/dist/version/download/?oid=00Dt0000000GyZH&ids=068SJ00001MS4wi&d=%2Fa%2FSJ00000Bxc4X%2FwexQbBJlurA.oikH_JLMBsVTRBuvhVO.WHUTN07Vdp4&asPdf=false,Susan Manning,California,0,95665,35a43fd156742efe
93-C-1146,Class C - Exhibitor,Volcano,0,329739,0,2026-07-24,7/24/2026,Tri County Wildlife Care,0,https://aphis.file.force.com/sfc/dist/version/download/?oid=00Dt0000000GyZH&ids=068SJ00001MSQnJ&d=%2Fa%2FSJ00000Bxc1J%2FHpeoNRs_GdbkO2UFpEhqXRPDHy.WZdKCVCu9lCLTNtg&asPdf=false,Karen West,California,0,95689,072a96b8d8a02aa0
93-C-1146,Class C - Exhibitor,Plymouth,0,329739,0,2026-08-11,8/11/2026,Tri County Wildlife Care,0,https://aphis.file.force.com/sfc/dist/version/download/?oid=00Dt0000000GyZH&ids=068SJ00001PFs6F&d=%2Fa%2FSJ00000CPOJZ%2F7GZC2PQlh8bm6jA3hPINgaYhG9zp6b7zlPxfG3zXk8w&asPdf=false,Natasha and Marci Glenn,California,0,95669,2dc0684e225954b0
35-R-0130,Class R - Research Facility,MILWAUKEE,0,329834,0,2026-08-20,8/20/2026,Milwaukee Career College,0,https://aphis.file.force.com/sfc/dist/version/download/?oid=00Dt0000000GyZH&ids=068SJ00001PfalQ&d=%2Fa%2FSJ00000CTJJh%2FOlocmk4PMyKxa56Gu0NojqEYOzSHO320__FNxqvJGGQ&asPdf=false,MILWAUKEE CAREER COLLEGE,Wisconsin,0,53222,d87979ba018d25ba
63-R-0124,Class R - Research Facility,GALLATIN,0,329851,0,2026-06-24,6/24/2026,Volunteer State Community College,0,https://aphis.file.force.com/sfc/dist/version/download/?oid=00Dt0000000GyZH&ids=068SJ00001Hq9pq&d=%2Fa%2FSJ00000BFMJd%2FMw_7pmEN14hjOfehMD.697Cr2Cr3wSneDk_1z43etDQ&asPdf=false,VOLUNTEER STATE COMMUNITY COLLEGE,Tennessee,0,37066,e2ca4c28bd9f1d9b
57-C-0220,Class C - Exhibitor,Atlanta,0,32992,0,2026-07-16,7/16/2026,Georgia Aquarium Inc,0,https://aphis.file.force.com/sfc/dist/version/download/?oid=00Dt0000000GyZH&ids=068SJ00001L1kAh&d=%2Fa%2FSJ00000Bj1o1%2F09qItx4xrNiBU_vtV__.K27_aCI_NtIhy.xs.h9LM.w&asPdf=false,Georgia Aquarium Inc,Georgia,0,30313,080da72d38918672
52-B-0165,Class B - Dealer,LYNCHBURG,0,329984,0,2026-07-21,7/21/2026,RMRS Manufacturing & Distributing Inc,0,https://aphis.file.force.com/sfc/dist/version/download/?oid=00Dt0000000GyZH&ids=068SJ00001MP5XQ&d=%2Fa%2FSJ00000BwhpR%2FXv_1hQcLi6ClopBu804Hd3S3ZGfeaJbwQ1TwiELxUxY&asPdf=false,R M R S MANUFACTURING & DISTRIBUTING INC,Virginia,0,24502,642892d3afec5f81
74-B-0821,Class B - Dealer,KRESS,0,329987,0,2026-08-04,8/4/2026,Tracy Coleman,0,https://aphis.file.force.com/sfc/dist/version/download/?oid=00Dt0000000GyZH&ids=068SJ00001OGzkQ&d=%2Fa%2FSJ00000CFRvR%2F4ZoFsKbkdLA_JrKKPwvdWWj4RlTdCEgdkx52h1vKwtY&asPdf=false,Tracy Coleman,Texas,0,76052,29e0fd01a0d5efe3
73-A-2675,Class A - Breeder,BLANCHARD,0,330045,0,2026-06-23,6/23/2026,Robert and Dawn Troupe,0,https://aphis.file.force.com/sfc/dist/version/download/?oid=00Dt0000000GyZH&ids=068SJ00001HgmE1&d=%2Fa%2FSJ00000BDc5x%2FmxeJm.oXSOVhafJNKa1_LoU2vSW.TYPfGh4_ARBIOvA&asPdf=false,Robert and Dawn Troupe,Oklahoma,0,73010,47b3f5310e293c1a
46-C-0068,Class C - Exhibitor,SPEARFISH,0,330046,0,2026-08-17,8/17/2026,Chris Five Inc,0,https://aphis.file.force.com/sfc/dist/version/download/?oid=00Dt0000000GyZH&ids=068SJ00001PB6zI&d=%2Fa%2FSJ00000COQSI%2F0mmotjQOXJ5.BaadnyEjeTfOVFg4aoJP9C7KGg3Equs&asPdf=false,CHRIS 5 INC.,South Dakota,0,57783,c9e41df1c1f6c601
32-A-0450,Class A - Breeder,Shipshewana,0,330054,0,2026-06-23,6/23/2026,Dale Bontrager,0,https://aphis.file.force.com/sfc/dist/version/download/?oid=00Dt0000000GyZH&ids=068SJ00001HjaWo&d=%2Fa%2FSJ00000BDz0v%2FERvxokdjDJJYdLjixzbfs.g_o2cBj9OPRXKmdxIePfw&asPdf=false,Dale Bontrager,Indiana,0,46565,2e9c49c296af962e
32-A-0450,Class A - Breeder,Shipshewana,0,330054,0,2026-06-25,6/25/2026,Dale Bontrager,0,https://aphis.file.force.com/sfc/dist/version/download/?oid=00Dt0000000GyZH&ids=068SJ00001I3W8Z&d=%2Fa%2FSJ00000BHPoT%2FGO56SqVzSOVW75UMh8nMcb7R8Xvci_K8hA_g0mR1kO0&asPdf=false,Dale Bontrager,Indiana,0,46565,bd9fde503000d1be
31-C-0244,Class C - Exhibitor,Bellville,0,330126,0,2026-07-28,7/28/2026,Kevin Kleer,0,https://aphis.file.force.com/sfc/dist/version/download/?oid=00Dt0000000GyZH&ids=068SJ00001MPXSN&d=%2Fa%2FSJ00000BwzZR%2FCPebAOfL0EYvoDI7UZoXv3_K77ZfSWspxnoiKnYpb90&asPdf=false,Kevin Kleer,Ohio,0,44813,7ca106468c8ec4b0
34-C-0429,Class C - Exhibitor,WILLIAMSBURG,0,330235,0,2026-08-12,8/12/2026,David Hoxsie,0,https://aphis.file.force.com/sfc/dist/version/download/?oid=00Dt0000000GyZH&ids=068SJ00001P944C&d=%2Fa%2FSJ00000COF8f%2F0.TNAsCoVNSbcQ0M1rnEBUUCAI_ZE8U2A4hVDGaUUME&asPdf=false,DAVE HOXSIE,Michigan,0,49690,8282e8b2dd4940b1
86-A-0087,Class A - Breeder,Mesa,0,330506,0,2026-08-19,8/19/2026,James Badman,0,https://aphis.file.force.com/sfc/dist/version/download/?oid=00Dt0000000GyZH&ids=068SJ00001PpdLP&d=%2Fa%2FSJ00000CUhF8%2FTey3qgWT4_hJJ6iUjGVMBX5meoxePRNcjkSkVCG0bSU&asPdf=false,James Badman,Arizona,0,85207,630490bc887efb38
73-A-2762,Class A - Breeder,BOLEY,0,330535,0,2026-08-20,8/20/2026,Elmer LuGrand,0,https://aphis.file.force.com/sfc/dist/version/download/?oid=00Dt0000000GyZH&ids=068SJ00001PdawI&d=%2Fa%2FSJ00000CT0gr%2FxkI_h7p498Gha7WV3SEQYIVNinQ6ZTqwRdA4d6Epd_Q&asPdf=false,Elmer LuGrand,Oklahoma,0,74829,006711c7bb97cc3d
14-R-0208,Class R - Research Facility,BELCHERTOWN,0,330562,0,2026-06-10,6/10/2026,Stephen Purdy,0,https://aphis.file.force.com/sfc/dist/version/download/?oid=00Dt0000000GyZH&ids=068SJ00001GCzTA&d=%2Fa%2FSJ00000Az3pd%2FtXZ3UvzpcpC97nwtWA5DNVp8mRWuxpYMiRNmKoPOk0Q&asPdf=false,STEPHEN PURDY,Massachusetts,0,01007,a29602e41a782a53
35-C-0366,Class C - Exhibitor,BONDUEL,0,330619,0,2026-08-13,8/13/2026,Doc's Critterville LLC,0,https://aphis.file.force.com/sfc/dist/version/download/?oid=00Dt0000000GyZH&ids=068SJ00001OnLN8&d=%2Fa%2FSJ00000CLDD3%2FlTPo2oXkocqKKd2JNkrHof837OkaL.q6z2Fhd8umWRo&asPdf=false,DOCS CRITTERVILLE LLC,Wisconsin,0,54107,3a7c5a30a6929f40
34-C-0374,Class C - Exhibitor,Kalamazoo,0,330643,0,2026-08-05,8/5/2026,Reindeer Ranch LLC,0,https://aphis.file.force.com/sfc/dist/version/download/?oid=00Dt0000000GyZH&ids=068SJ00001P3T6n&d=%2Fa%2FSJ00000CNAW1%2Fgz3zBOLVZsdPBYtVHcqNkd9nxZPuCjHM5Uz3wlo4FKk&asPdf=false,Reindeer Ranch LLC,Michigan,0,49009,1a799b7bfa091f14
58-C-0548,Class C - Exhibitor,Punta Gorda,0,3307,0,2026-07-29,7/29/2026,Octagon Sequence Of Eight Inc,0,https://aphis.file.force.com/sfc/dist/version/download/?oid=00Dt0000000GyZH&ids=068SJ00001MiGKF&d=%2Fa%2FSJ00000C0H3Z%2FZmm_4CyxlTJUUtZwDaPQui79mt7gz5UyBqWLqTdgyPk&asPdf=false,Octagon Sequence Of Eight Inc,Florida,0,33982,0927d3e0cde87675
73-A-2701,Class A - Breeder,Chelsea,0,330747,0,2026-08-26,8/26/2026,"Hunter Ridge Kennels, LLC",0,https://aphis.file.force.com/sfc/dist/version/download/?oid=00Dt0000000GyZH&ids=068SJ00001QbN6D&d=%2Fa%2FSJ00000CaWLp%2F0Y17H_Y5Vux34MXea.2wqieM1vnToy1LgwUXaQsTDMg&asPdf=false,"Hunter Ridge Kennels, LLC",Oklahoma,0,74016,dfd907b669dc537c
42-A-1479,Class A - Breeder,BURLINGTON,0,330780,0,2026-08-25,8/25/2026,Timbercreek Puppies Inc,0,https://aphis.file.force.com/sfc/dist/version/download/?oid=00Dt0000000GyZH&ids=068SJ00001QQoHr&d=%2Fa%2FSJ00000CZ5CP%2FxbbK1eY6oUXTZPX5BReBeT0uFVo6Awiy3Lo2qO0yC2k&asPdf=false,"Timbercreek Puppies, Inc.",Iowa,0,52601,d8bab2f37c6246cf
58-A-0331,Class A - Breeder,Paris,0,330800,0,2026-06-15,6/15/2026,Legacy & Liberty LLC,0,https://aphis.file.force.com/sfc/dist/version/download/?oid=00Dt0000000GyZH&ids=068SJ00001GhJPD&d=%2Fa%2FSJ00000B3Xh4%2F5fGPVTRJERL_Zz7EfAEZlhSkdXpA6zCk4mg6QfG_I0A&asPdf=false,Legacy & Liberty LLC,Texas,0,75462,bdc3447ccbeac429
43-A-5900,Class A - Breeder,ELDON,0,330969,0,2026-07-07,7/7/2026,Stacy Dobyns,0,https://aphis.file.force.com/sfc/dist/version/download/?oid=00Dt0000000GyZH&ids=068SJ00001JoZCH&d=%2Fa%2FSJ00000BYCLN%2FRaENXItAA3VPv6wSfPspb9COqQ53dDpofNZQfgj_N9w&asPdf=false,Stacy Dobyns,Missouri,0,65026,85ab2b01adad4e0a
93-R-0557,Class R - Research Facility,MODESTO,0,330987,0,2026-08-24,8/24/2026,Sierra Research Laboratories Inc.,0,https://aphis.file.force.com/sfc/dist/version/download/?oid=00Dt0000000GyZH&ids=068SJ00001QFIDF&d=%2Fa%2FSJ00000CXDqn%2FLDfHwupptquswURBnJWiHaeSRDqBJnTOTSSWVT7G8o4&asPdf=false,Sierra Research Laboratories Inc.,California,0,95357,947945bffa301769
42-A-1485,Class A - Breeder,Orange City,0,331081,0,2026-07-24,7/24/2026,Jane Dorhout,0,https://aphis.file.force.com/sfc/dist/version/download/?oid=00Dt0000000GyZH&ids=068SJ00001N0Jjd&d=%2Fa%2FSJ00000C3mCT%2FY5AJ8IpVdF5lZfBOem8WaLYTIVRzmSGtUjDORC9Jqw0&asPdf=false,Jane Dorhout,Iowa,0,51041,874f316f8b96bfb5
63-C-0264,Class C - Exhibitor,Eagleville,0,331095,0,2026-06-25,6/25/2026,Lucky Ladd Farms Inc,0,https://aphis.file.force.com/sfc/dist/version/download/?oid=00Dt0000000GyZH&ids=068SJ00001IhjnB&d=%2Fa%2FSJ00000BNfQj%2FBg1yqnemecSidQf_FZB3rVnHrlwncbDXJra.67brNts&asPdf=false,Lucky Ladd Farms Inc,Tennessee,0,37060,2f421002373e82d2
88-C-0206,Class C - Exhibitor,LAS VEGAS,0,331096,0,2026-07-02,7/2/2026,Pet Travel Show Inc.,2,https://aphis.file.force.com/sfc/dist/version/download/?oid=00Dt0000000GyZH&ids=068SJ00001JEcWs&d=%2Fa%2FSJ00000BSR5N%2FP9vdc6TMCFjKMp2TFIqzVilNNtU148JDqJh5x9l23R0&asPdf=false,Pet Travel Show Inc.,Nevada,0,89108,e4739e8b41f4a29e
33-A-0543,Class A - Breeder,Arthur,0,331134,0,2026-07-07,7/7/2026,Gary Herschberger,0,https://aphis.file.force.com/sfc/dist/version/download/?oid=00Dt0000000GyZH&ids=068SJ00001JergZ&d=%2Fa%2FSJ00000BWocr%2F8DeTQDMtznDDsOuKXbvmjMryKMlbN8fT4LZBH0FqegY&asPdf=false,River View Canines,Illinois,0,61911,2d1564ae694a0d83
32-A-0478,Class A - Breeder,Loogootee,0,331154,0,2026-06-24,6/24/2026,Kenny Joe Knepp,0,https://aphis.file.force.com/sfc/dist/version/download/?oid=00Dt0000000GyZH&ids=068SJ00001HovaX&d=%2Fa%2FSJ00000BFDD7%2FctdtEBXrmbniLMFBvAGVlEK2IVtZ4Z5AzdrKQTjmKCg&asPdf=false,Kenny Joe Knepp,Indiana,0,47553,dfc73944ebdc4d88
87-C-0072,Class C - Exhibitor,Springville,0,331208,0,2026-07-01,7/1/2026,Mountain West Animal Hospital Inc.,0,https://aphis.file.force.com/sfc/dist/version/download/?oid=00Dt0000000GyZH&ids=068SJ00001Iq2eB&d=%2Fa%2FSJ00000CC9Bt%2FOmSDaWYGQsj7tcH4OpwN0yldR5L5ihVASA2t0E83izI&asPdf=false,Mountain West Animal Hospital Inc,Utah,0,84663,b956e008c0632d21
93-R-0560,Class R - Research Facility,POMONA,0,331267,0,2026-07-02,7/2/2026,Global Medical Devices Inc.,1,https://aphis.file.force.com/sfc/dist/version/download/?oid=00Dt0000000GyZH&ids=068SJ00001JTg8h&d=%2Fa%2FSJ00000BVLHx%2FlPELPeZBuNrOGnwcToh1jIhxY2BzwEiz5pZSZ_nfgKg&asPdf=false,Global Medical Devices,California,0,91767,f3e6f27b830cb063
34-C-0433,Class C - Exhibitor,Standish,0,331477,0,2026-06-10,6/10/2026,Terry Guoan,0,https://aphis.file.force.com/sfc/dist/version/download/?oid=00Dt0000000GyZH&ids=068SJ00001GcCZW&d=%2Fa%2FSJ00000B2Ocb%2FJM3WW1lDFKP4SwzTpUcWWirnCsbFw7P9Kd198Sq7a5A&asPdf=false,Terry Guoan,Michigan,0,48658,40f06f809641bee3
31-A-0495,Class A - Breeder,WOOSTER,0,331478,0,2026-07-08,7/8/2026,Norman Miller,0,https://aphis.file.force.com/sfc/dist/version/download/?oid=00Dt0000000GyZH&ids=068SJ00001JcrO2&d=%2Fa%2FSJ00000BWKlF%2FtGpH0uMHIbUsOBWZcYst_WzWfjELqAvjHXrhQqwOHLE&asPdf=false,Norman Miller,Ohio,0,44691,8f69c68f597f7453
58-C-1117,Class C - Exhibitor,MELROSE,0,331487,0,2026-06-16,6/16/2026,Single Vision Inc.,3,https://aphis.file.force.com/sfc/dist/version/download/?oid=00Dt0000000GyZH&ids=068SJ00001HSeQC&d=%2Fa%2FSJ00000BApfd%2F7ltIyxK3fq9o8SsrhuEzWOTVlGPkIpKQuCPwD.ROMQ8&asPdf=false,Single Vision Inc.,Florida,0,32666,05049fb8f97ba876
31-A-0499,Class A - Breeder,Fredericksburg,0,331537,0,2026-06-15,6/15/2026,Mose Hershberger,0,https://aphis.file.force.com/sfc/dist/version/download/?oid=00Dt0000000GyZH&ids=068SJ00001GoLvr&d=%2Fa%2FSJ00000B53bd%2F8DtjhIT2SWFCpXyae_Vd4CJPyDHY3cZWLFVBomWv0Sg&asPdf=false,Mose Hershberger,Ohio,0,44627,a6ee6907528bde48
58-C-1119,Class C - Exhibitor,PUNTA GORDA,0,331547,0,2026-06-30,6/30/2026,Peace River Wildlife Center,0,https://aphis.file.force.com/sfc/dist/version/download/?oid=00Dt0000000GyZH&ids=068SJ00001InbOk&d=%2Fa%2FSJ00000BOm0L%2FTdkD.npkm2kT7tbaZAnIHokwZ4nwFk08wfe1PzGI26Q&asPdf=false,PEACE RIVER WILDLIFE CENTER,Florida,0,33950,1604928aea3ad871
74-C-1084,Class C - Exhibitor,AUSTIN,0,331570,0,2026-07-21,7/21/2026,Austin Aquarium,0,https://aphis.file.force.com/sfc/dist/version/download/?oid=00Dt0000000GyZH&ids=068SJ00001Ls3Vu&d=%2Fa%2FSJ00000BrO4H%2FAyEGBJq0yn7h_6ie1wvembGA9h4W5TN.q5.pJ.89nsM&asPdf=false,AUSTIN AQUARIUM,Texas,0,78750,b49cbb06bc47e233
64-C-0257,Class C - Exhibitor,Pelham,0,3316,0,2026-06-26,6/26/2026,Alabama Wildlife Center,0,https://aphis.file.force.com/sfc/dist/version/download/?oid=00Dt0000000GyZH&ids=068SJ00001IEy6h&d=%2Fa%2FSJ00000BJ3v7%2FupH2g6oejmsSLu95mADP8tzIOamMFjZ4RGJ6flRFCKQ&asPdf=false,Alabama Wildlife Center,Alabama,0,35124,1c60390edc0c06a7
22-B-0079,Class B - Dealer,Elmwood Park,0,331610,0,2026-07-17,7/17/2026,NJ Exotic Pets LLC,0,https://aphis.file.force.com/sfc/dist/version/download/?oid=00Dt0000000GyZH&ids=068SJ00001L4xEi&d=%2Fa%2FSJ00000BjeFt%2F3.bMOZksTGz7i7iCcMMcS7hHntixiZuKMbmOI3zrP7A&asPdf=false,NJ Exotic Pets LLC,New Jersey,0,07407,6efa271f775d9f89
55-C-0278,Class C - Exhibitor,SYLVA,0,331612,0,2026-06-23,6/23/2026,Balsam Mountain Trust,0,https://aphis.file.force.com/sfc/dist/version/download/?oid=00Dt0000000GyZH&ids=068SJ00001I6H3L&d=%2Fa%2FSJ00000BHmoH%2FPCidUShnl0ioUj_wIrbXX1QXJDnalKnCycSCsFjFFKY&asPdf=false,BALSAM MOUNTAIN TRUST,North Carolina,0,28779,a4dbbd7b8f13d668
55-C-0278,Class C - Exhibitor,SYLVA,0,331612,0,2026-08-11,8/11/2026,Balsam Mountain Trust,0,https://aphis.file.force.com/sfc/dist/version/download/?oid=00Dt0000000GyZH&ids=068SJ00001OKEx7&d=%2Fa%2FSJ00000CGEXx%2FbabbQiUZBkt46.5eJY4hqqLFRekgd748psXlGfEqtoI&asPdf=false,BALSAM MOUNTAIN TRUST,North Carolina,0,28779,e1cd9e9d0a724f3e
72-A-0194,Class A - Breeder,Amite,0,331616,0,2026-07-10,7/10/2026,Victor McShan,1,https://aphis.file.force.com/sfc/dist/version/download/?oid=00Dt0000000GyZH&ids=068SJ00001K8TKB&d=%2Fa%2FSJ00000Bac3d%2F0YKhCPv830nqhg8GhkkjyyYDPkpyRZTi5G_zLXYMGXU&asPdf=false,Victor McShan,Louisiana,0,70422,90b1a20f8bd22709
93-C-1157,Class C - Exhibitor,Fillmore,0,331636,0,2026-07-29,7/29/2026,Todd and Tonia Forsberg,0,https://aphis.file.force.com/sfc/dist/version/download/?oid=00Dt0000000GyZH&ids=068SJ00001NgpOt&d=%2Fa%2FSJ00000CA7UG%2FGHKKzEweWn7PTpu7ST30ZF2QwDiYrmMMrqW1gPiqXzo&asPdf=false,Todd and Tonia Forsberg,California,0,93015,781cf9ef0ff34398
34-C-0380,Class C - Exhibitor,Fenton,0,331641,0,2026-07-09,7/9/2026,Brent Barrick,0,https://aphis.file.force.com/sfc/dist/version/download/?oid=00Dt0000000GyZH&ids=068SJ00001JwsZX&d=%2Fa%2FSJ00000BZiXh%2FWUtoY6o2kIIqH2KW70OIQfbxQZhRwX6k3JZVqx3i7Z4&asPdf=false,Brent Barrick,Michigan,0,48430,13f297a36d412e8b
88-T-0010,Class T - Carrier,CARSON CITY,0,331674,0,2026-07-16,7/16/2026,LR Transport LLC,1,https://aphis.file.force.com/sfc/dist/version/download/?oid=00Dt0000000GyZH&ids=068SJ00001Lp3nI&d=%2Fa%2FSJ00000BqaVh%2FI69N29AhVeuEs0IKeKvZCRNFKWTM_pQxgZovrNTOKAg&asPdf=false,L R TRANSPORT LLC,Nevada,0,89706,76f588915868ab2f
88-T-0010,Class T - Carrier,CARSON CITY,0,331674,0,2026-08-06,8/6/2026,LR Transport LLC,1,https://aphis.file.force.com/sfc/dist/version/download/?oid=00Dt0000000GyZH&ids=068SJ00001PI64w&d=%2Fa%2FSJ00000CPebF%2F0It2QnrcKHa0FMWwBmEHN_Bqf6plZrkK8yaysqMjFUg&asPdf=false,L R TRANSPORT LLC,Nevada,0,89706,718d471a25cf72b4
21-C-0432,Class C - Exhibitor,VARYSBURG,0,331709,0,2026-06-30,6/30/2026,Hidden Valley Animal Adventure,0,https://aphis.file.force.com/sfc/dist/version/download/?oid=00Dt0000000GyZH&ids=068SJ00001IiamU&d=%2Fa%2FSJ00000BNciz%2FoiFpZOlfkyp8TOEve2l184NkKTpYkjSBQbNVOv.cm3k&asPdf=false,Hidden Valley Animal Adventure,New York,0,14167,7f0516d3d6e30aaa
55-R-0158,Class R - Research Facility,VASS,0,331720,0,2026-08-24,8/24/2026,"Veterinary Tactical Group, PLLC",0,https://aphis.file.force.com/sfc/dist/version/download/?oid=00Dt0000000GyZH&ids=068SJ00001QLSqC&d=%2Fa%2FSJ00000CY1XR%2FBy3hEczG4WXJewa77q5ZqXTPMh6DpGul0wmjefA8DWQ&asPdf=false,Veterinary Tactical Group PLLC,North Carolina,0,28394,9c22b1c76a9fbc1e
63-C-0271,Class C - Exhibitor,Alamo,0,331747,0,2026-08-04,8/4/2026,Jon and Claude Conley,0,https://aphis.file.force.com/sfc/dist/version/download/?oid=00Dt0000000GyZH&ids=068SJ00001NQ893&d=%2Fa%2FSJ00000Ck6Mr%2FL0qlK5xxGdtWk7oJ6LiYSIpdkEWxettSrNrfc2arm_8&asPdf=false,Jon and Claude Conley,Tennessee,0,38001,30b07651c16816a1
32-A-0480,Class A - Breeder,Odon,0,331817,0,2026-07-21,7/21/2026,Harvey Wagler,0,https://aphis.file.force.com/sfc/dist/version/download/?oid=00Dt0000000GyZH&ids=068SJ00001LbAf6&d=%2Fa%2FSJ00000BoFFF%2FCpqhf2UwmOppJIde2dm6KsC9FAiP6_i7Iz0rOkwbM9I&asPdf=false,Harvey Wagler,Indiana,0,47562,3be90299e979edf1
21-R-0211,Class R - Research Facility,ITHACA,0,33184,0,2026-06-22,6/22/2026,Ithaca College,1,https://aphis.file.force.com/sfc/dist/version/download/?oid=00Dt0000000GyZH&ids=068SJ00001It9Pf&d=%2Fa%2FSJ00000BPUpN%2FXkR3O9mPvH9Z33AfFR5eUkjyRgx7baXQaBsS57Qt5O0&asPdf=false,ITHACA COLLEGE,New York,0,14850,1717a8f898990552
43-A-5898,Class A - Breeder,FAIRFAX,0,331843,0,2026-08-04,8/4/2026,Barbara Simmons,0,https://aphis.file.force.com/sfc/dist/version/download/?oid=00Dt0000000GyZH&ids=068SJ00001OCs3C&d=%2Fa%2FSJ00000CEzUX%2F83hX_6ghoPsZtT1_cTFjVBcbmxqCfJMSc6J9p2aE7p8&asPdf=false,Barbara Simmons,Missouri,0,64446,ef9fb44dcadfe8a7
71-B-0206,Class B - Dealer,Dover,0,331848,0,2026-07-30,7/30/2026,Jerry Masters,0,https://aphis.file.force.com/sfc/dist/version/download/?oid=00Dt0000000GyZH&ids=068SJ00001MsTRb&d=%2Fa%2FSJ00000C2FQf%2FJGG8gvimMNPae1qQcytzr8iw6j8ilbWlrfUHSi11c5U&asPdf=false,Jerry Masters,Arkansas,0,72837,0385b7fa38475cae
43-C-0368,Class C - Exhibitor,Moberly,0,331936,0,2026-07-15,7/15/2026,Show-Me Reindeer LLC,0,https://aphis.file.force.com/sfc/dist/version/download/?oid=00Dt0000000GyZH&ids=068SJ00001LzwiT&d=%2Fa%2FSJ00000BsTmg%2Fjd9xM2jOUAohgnmkSygusloBle6PHYHMW12pxc1Hj3w&asPdf=false,"Show-Me Reindeer, LLC",Missouri,0,65270,3ace3c6ea1b4ea29
35-A-0533,Class A - Breeder,Augusta,0,331950,0,2026-06-11,6/11/2026,William Kurtz,3,https://aphis.file.force.com/sfc/dist/version/download/?oid=00Dt0000000GyZH&ids=068SJ00001HLA8X&d=%2Fa%2FSJ00000B9oaM%2F28qH7dy19XfuDeWWcJLO03nE8VyCcg1NIT2MGiPhal0&asPdf=false,William Kurtz,Wisconsin,0,54722,ab50faa02ef5e6a1
35-C-0367,Class C - Exhibitor,NESHKORO,0,332039,0,2026-07-01,7/1/2026,Animal Entertainments Inc,0,https://aphis.file.force.com/sfc/dist/version/download/?oid=00Dt0000000GyZH&ids=068SJ00001JmZbZ&d=%2Fa%2FSJ00000BXiC1%2F5j8vO2kFMl8OPsBZWeT_odq34zsm7eGMxwjV8h1kjeg&asPdf=false,Animal Entertainments Inc,Wisconsin,0,54960,85676de61ac033b5
35-C-0367,Class C - Exhibitor,WISCONSIN DELLS,0,332039,0,2026-07-01,7/1/2026,Animal Entertainments Inc,1,https://aphis.file.force.com/sfc/dist/version/download/?oid=00Dt0000000GyZH&ids=068SJ00001Jn0oN&d=%2Fa%2FSJ00000BXhmD%2FXXz2Q5zjNoBgiKHjcQW4darroCmqEuZ7e6Wg.ZqdQ9Y&asPdf=false,ANIMAL ENTERTAINMENTS INC,Wisconsin,0,53965,737102ddb8701f24
35-C-0367,Class C - Exhibitor,WISCONSIN DELLS,0,332039,0,2026-08-13,8/13/2026,Animal Entertainments Inc,0,https://aphis.file.force.com/sfc/dist/version/download/?oid=00Dt0000000GyZH&ids=068SJ00001Qn0cO&d=%2Fa%2FSJ00000CcZHB%2Fqe58ay0n_HwDXN7BWfdQ3Lr8A40OzYjUxr2AzlPgt_Y&asPdf=false,ANIMAL ENTERTAINMENTS INC,Wisconsin,0,53965,59af5f479ace6d65
35-C-0367,Class C - Exhibitor,NESHKORO,0,332039,0,2026-08-13,8/13/2026,Animal Entertainments Inc,0,https://aphis.file.force.com/sfc/dist/version/download/?oid=00Dt0000000GyZH&ids=068SJ00001QnLa8&d=%2Fa%2FSJ00000CcZU5%2FaEvESjV1JxHMQ3j3s3pndVjck9jC6pmDiu5zWho1PcU&asPdf=false,Animal Entertainments Inc,Wisconsin,0,54960,2b9288345ba0d9d0
31-A-0510,Class A - Breeder,MILLERSBURG,0,332090,0,2026-06-23,6/23/2026,Henry EA Yoder,0,https://aphis.file.force.com/sfc/dist/version/download/?oid=00Dt0000000GyZH&ids=068SJ00001HfSXZ&d=%2Fa%2FSJ00000BD9H2%2FByRG2swaPhlMngENWCOZM0Bukc_dvsUpyO63HiYBGGE&asPdf=false,Henry EA Yoder,Ohio,0,44654,54806d23bc850d64
43-C-0422,Class C - Exhibitor,Lebanon,0,332183,0,2026-06-10,6/10/2026,Tracie Perry,1,https://aphis.file.force.com/sfc/dist/version/download/?oid=00Dt0000000GyZH&ids=068SJ00001HRHk4&d=%2Fa%2FSJ00000BAMvN%2FXLM0Fra7dkX5.QNH.RvgS2wyjxIaeGxhjjW_.ilHYxI&asPdf=false,Tracie Perry,Missouri,0,65536,bc24e666887899eb
43-C-0422,Class C - Exhibitor,Lebanon,0,332183,0,2026-08-17,8/17/2026,Tracie Perry,0,https://aphis.file.force.com/sfc/dist/version/download/?oid=00Dt0000000GyZH&ids=068SJ00001PaOEy&d=%2Fa%2FSJ00000CSPRB%2FJJ9e7XN2SjPKMpxK3QxzS0_7wULzQHf41ptxjD2UX0c&asPdf=false,Tracie Perry,Missouri,0,65536,80cb5401aa81f46b
32-A-0488,Class A - Breeder,Fountain City,0,332224,0,2026-06-17,6/17/2026,Alvin S Lapp and Lydia S Lapp,3,https://aphis.file.force.com/sfc/dist/version/download/?oid=00Dt0000000GyZH&ids=068SJ00001H5Y0O&d=%2Fa%2FSJ00000B7h9x%2FlySctffn8lU2FNXtIyW2iBI4eAQMrhD3yB_MNodNkUs&asPdf=false,Alvin and Lydia Lapp,Indiana,0,47341,de45363dac1fc624
31-A-0530,Class A - Breeder,LANCASTER,0,332231,0,2026-06-18,6/18/2026,Cole Gordon,1,https://aphis.file.force.com/sfc/dist/version/download/?oid=00Dt0000000GyZH&ids=068SJ00001IkYwk&d=%2Fa%2FSJ00000BO5D8%2FfHtvn7mjL0RdnGCHj7FUdbAGhxrdjswDlpm3sEHWvCk&asPdf=false,Cole Gordon,Ohio,0,43130,c91693758abe8c0d
32-A-0487,Class A - Breeder,Montgomery,0,332232,0,2026-08-07,8/7/2026,Country Kennels LLC,0,https://aphis.file.force.com/sfc/dist/version/download/?oid=00Dt0000000GyZH&ids=068SJ00001ObvZ9&d=%2Fa%2FSJ00000CJ8qz%2FcEPV6f9dJ5bNlj5te_L58hPMICVelFN344towJo5QRg&asPdf=false,Country Kennels LLC,Indiana,0,47558,399cf0a895d03dfc
46-A-0428,Class A - Breeder,BRITTON,0,332265,0,2026-06-22,6/22/2026,Carol J Fagerland,0,https://aphis.file.force.com/sfc/dist/version/download/?oid=00Dt0000000GyZH&ids=068SJ00001HsN3m&d=%2Fa%2FSJ00000BFdM5%2FrFk_gf36kmfoJCe1TYq0iBSZFYNx_yLDOsJb9um2qeI&asPdf=false,CAROL FAGERLAND,South Dakota,0,57430,246731d6a8e6fc17
31-A-0519,Class A - Breeder,BALTIC,0,332308,0,2026-08-26,8/26/2026,Ivan Barkman,0,https://aphis.file.force.com/sfc/dist/version/download/?oid=00Dt0000000GyZH&ids=068SJ00001Qi6nF&d=%2Fa%2FSJ00000CbYwf%2FIttb5sMxQOFHbrZeHMC_IY8p1bxHvE4sPsSQ32vGQZ8&asPdf=false,IVAN  BARKMAN,Ohio,0,43804,3c11699569984571
58-B-0609,Class B - Dealer,Fort Myers,0,332322,0,2026-06-22,6/22/2026,Early Bird Enterprises Inc,3,https://aphis.file.force.com/sfc/dist/version/download/?oid=00Dt0000000GyZH&ids=068SJ00001IAaCg&d=%2Fa%2FSJ00000BIVjl%2FVyuV4aL6czg25y1USLtqwywfhWRSaz5whIcpb92VH1Y&asPdf=false,Eray Gumus,Florida,0,33907,2f055dbf3bd8d489
63-C-0308,Class C - Exhibitor,Murfreesboro,0,332376,0,2026-06-23,6/23/2026,City Of Murfreesboro,0,https://aphis.file.force.com/sfc/dist/version/download/?oid=00Dt0000000GyZH&ids=068SJ00001IiX8s&d=%2Fa%2FSJ00000BNfdd%2FtqLXpW_dUnPMiZhHOkWC9I_imE9e0g7Bop5l_6hl66Q&asPdf=false,Wilderness Station - Murfreesboro Parks and Recreation,Tennessee,0,37128,80fee0f81e7d5bb6
42-A-1503,Class A - Breeder,GEORGE,0,332414,0,2026-07-09,7/9/2026,Kayla Mulder,1,https://aphis.file.force.com/sfc/dist/version/download/?oid=00Dt0000000GyZH&ids=068SJ00001Jq31u&d=%2Fa%2FSJ00000BYHZb%2FE1e3jP1KOBRzJvM064o7zxoL7tCANvpSrBEiloLvwI8&asPdf=false,Kayla Mulder,Iowa,0,51237,81956603eab36552
42-A-1503,Class A - Breeder,GEORGE,0,332414,0,2026-07-21,7/21/2026,Kayla Mulder,9,https://aphis.file.force.com/sfc/dist/version/download/?oid=00Dt0000000GyZH&ids=068SJ00001MRwFe&d=%2Fa%2FSJ00000BxNn3%2FN0sAijjHo_yH5hHYNYxW8C2rRHNrrtiOm7qfv.6Cib8&asPdf=false,Kayla Mulder,Iowa,0,51237,8635ea002ac9351a
57-C-0325,Class C - Exhibitor,DAHLONEGA,0,3325,0,2026-08-11,8/11/2026,Chestatee Wildlife Preserve Inc.,0,https://aphis.file.force.com/sfc/dist/version/download/?oid=00Dt0000000GyZH&ids=068SJ00001OUdwz&d=%2Fa%2FSJ00000CI6ZV%2FaNOqQ3xKjzr_b62c8L_ZLe_t3BgPBL9_tadZRY.uq5A&asPdf=false,Chestatee Wildlife Preserve Inc.,Georgia,0,30533,58fedd7d804a8b11
73-A-2699,Class A - Breeder,GOLDSBY,0,332521,0,2026-07-08,7/8/2026,Lisa Fielder,0,https://aphis.file.force.com/sfc/dist/version/download/?oid=00Dt0000000GyZH&ids=068SJ00001Jr85q&d=%2Fa%2FSJ00000BYfnB%2F7kUupwqev1ovmc7Hjw1tuzHR5Ltjto3f9_s76U4MKtA&asPdf=false,Lisa D. Fielder,Oklahoma,0,73093,057019359cc701f2
43-A-6203,Class A - Breeder,EXETER,0,332574,0,2026-08-12,8/12/2026,Shoal Creek Puppies LLC,0,https://aphis.file.force.com/sfc/dist/version/download/?oid=00Dt0000000GyZH&ids=068SJ00001OmDuK&d=%2Fa%2FSJ00000CKiQz%2FN1a9qnwPStoqaEWv2s09MiNQjIkaXlMnBhiA.WLssKg&asPdf=false,ROBERT & ESTHER POINTER,Missouri,0,65647,d44f5c47fe789968
74-C-1140,Class C - Exhibitor,Howe,0,332640,0,2026-07-01,7/1/2026,Cassidy Jagger,0,https://aphis.file.force.com/sfc/dist/version/download/?oid=00Dt0000000GyZH&ids=068SJ00001IsTIU&d=%2Fa%2FSJ00000BPPGD%2F5ZwuxM8QwaZUTh6ads4MUWRfHXh2DRI2gjjq37b0IGg&asPdf=false,Cassidy Jager,Texas,0,75459,40228021d015ea07
81-A-0055,Class A - Breeder,Missoula,0,332648,0,2026-06-11,6/11/2026,Crysta Pagniano,0,https://aphis.file.force.com/sfc/dist/version/download/?oid=00Dt0000000GyZH&ids=068SJ00001GJbOr&d=%2Fa%2FSJ00000Azu7Z%2FrKV1HWCey5dPBv4GAQjNIQJLFg0xhk7Lhx_tBohuUXY&asPdf=false,Crysta T Pagniano,Montana,0,59804,71e32d7830b83738
48-A-2167,Class A - Breeder,STERLING,0,332695,0,2026-08-17,8/17/2026,Crystal Howard,0,https://aphis.file.force.com/sfc/dist/version/download/?oid=00Dt0000000GyZH&ids=068SJ00001P68tn&d=%2Fa%2FSJ00000CNdkv%2FhSrhYu74nKHvJjjPkGm7egBrv4.eHtaf0OS96eyKsus&asPdf=false,Crystal Howard,Kansas,0,67579,66f81cd883dd5fb1
31-A-0532,Class A - Breeder,Sugarcreek,0,332796,0,2026-07-28,7/28/2026,Neva Schlabach,1,https://aphis.file.force.com/sfc/dist/version/download/?oid=00Dt0000000GyZH&ids=068SJ00001MRQqv&d=%2Fa%2FSJ00000BxG7F%2FMnff8Z6JfRYgt1rN7nyd3aH52zXz2rAus5dr690wKAc&asPdf=false,Neva Schlabach,Ohio,0,44681,2b75bdf7ab1c267d
32-A-0692,Class A - Breeder,ECONOMY,0,332809,0,2026-07-14,7/14/2026,Jacob S Fisher,1,https://aphis.file.force.com/sfc/dist/version/download/?oid=00Dt0000000GyZH&ids=068SJ00001KnVoD&d=%2Fa%2FSJ00000BgUPy%2FH2lakY01zWLYhoOtWgHXTSNS34CAtHDLO1AbbLrMPkA&asPdf=false,Jacob S Fisher,Indiana,0,47339,0e30fab0ad989a86
63-B-0204,Class B - Dealer,Henderson,0,332828,0,2026-08-12,8/12/2026,Stephen Williamson,0,https://aphis.file.force.com/sfc/dist/version/download/?oid=00Dt0000000GyZH&ids=068SJ00001OYYqc&d=%2Fa%2FSJ00000CIleH%2FaeN5ORpJoqqsZlZPxXaRkndI1RPRO31c53vv5fVaydI&asPdf=false,Stephen Williamson,Tennessee,0,38340,0c3f7fc5db0c4bdc
58-C-1194,Class C - Exhibitor,Dover,0,332860,0,2026-06-23,6/23/2026,Marias Farm LLC,0,https://aphis.file.force.com/sfc/dist/version/download/?oid=00Dt0000000GyZH&ids=068SJ00001Hp0yC&d=%2Fa%2FSJ00000BEuLo%2FPFFHEfiHpvzfHzZO4z7ZwG.OmztlltYRbJJjBkVMaTM&asPdf=false,Marias Farm LLC,Florida,0,33527,fb44ea7405f778f9
32-A-0499,Class A - Breeder,Shipshewana,0,332893,0,2026-06-25,6/25/2026,Jesse Troyer Jolene Troyer,0,https://aphis.file.force.com/sfc/dist/version/download/?oid=00Dt0000000GyZH&ids=068SJ00001I2UXK&d=%2Fa%2FSJ00000BHOvd%2F9Vk7DfUuyl9vYZGZIo09ghxGwfWMpkWawJn7o3ipVpM&asPdf=false,Jesse Troyer Jolene Troyer,Indiana,0,46565,bfedf9190029d0e6
43-A-6701,Class A - Breeder,Rocky Comfort,0,332949,0,2026-06-16,6/16/2026,Matt Ory,0,https://aphis.file.force.com/sfc/dist/version/download/?oid=00Dt0000000GyZH&ids=068SJ00001H64jT&d=%2Fa%2FSJ00000B7llS%2Fg0yrAA6mZYbtjkfEfsUxsIPmXu0y8_3aKgSycPXVMZI&asPdf=false,Matt Ory,Missouri,0,64861,a41e463c0b79744f
43-A-5995,Class A - Breeder,MANSFIELD,0,333017,0,2026-07-23,7/23/2026,Michelle Jones,0,https://aphis.file.force.com/sfc/dist/version/download/?oid=00Dt0000000GyZH&ids=068SJ00001MDj8b&d=%2Fa%2FSJ00000BuVsP%2FxYtF96oYTjOvlPVo8WQxB6FzdOJHJwycHeIC36lDxgk&asPdf=false,Michelle Jones,Missouri,0,65704,c2cc0cfb36eb3d45
32-A-0502,Class A - Breeder,FOUNTAIN CITY,0,333065,0,2026-07-15,7/15/2026,Paul Z King,0,https://aphis.file.force.com/sfc/dist/version/download/?oid=00Dt0000000GyZH&ids=068SJ00001KebeP&d=%2Fa%2FSJ00000BfHD3%2ForUOaXoem0svaUguzEV83h0zroJl7Zv7hmoI3gDNJdE&asPdf=false,PAUL  KING,Indiana,0,47341,e8638703984bbffc
31-A-0723,Class A - Breeder,Dundee,0,333175,0,2026-07-28,7/28/2026,Regina Miller,0,https://aphis.file.force.com/sfc/dist/version/download/?oid=00Dt0000000GyZH&ids=068SJ00001MRY0W&d=%2Fa%2FSJ00000BxSBd%2FLOAp9EPbCs5TmjUT6TB4fnd3W9omKEG5c6Pd89g6fYc&asPdf=false,Regina Miller,Ohio,0,44624,c9353eade678af82
67-C-0010,Class C - Exhibitor,Matthews,0,333203,0,2026-08-05,8/5/2026,Dual Creek Farms,0,https://aphis.file.force.com/sfc/dist/version/download/?oid=00Dt0000000GyZH&ids=068SJ00001NiF1B&d=%2Fa%2FSJ00000CADUw%2Fbs95xIscKnaZJZfik80K0EtLFlDgFjSt_cjhJe9asIA&asPdf=false,Dual Creek Farms,Georgia,0,30818,577bed8e271f56bb
43-A-6068,Class A - Breeder,Downing,0,333259,0,2026-07-08,7/8/2026,Brenda Poe,0,https://aphis.file.force.com/sfc/dist/version/download/?oid=00Dt0000000GyZH&ids=068SJ00001JmkGZ&d=%2Fa%2FSJ00000BXZK1%2F0OTwqHNvpza.v7vwu1EfrrTTzy.5ewzBVQaLf3FQVEc&asPdf=false,Brenda Poe,Missouri,0,63536,3dfcb235079e5996
21-R-0239,Class R - Research Facility,SARANAC LAKE,0,333278,0,2026-07-22,7/22/2026,Trudeau Institute Inc,0,https://aphis.file.force.com/sfc/dist/version/download/?oid=00Dt0000000GyZH&ids=068SJ00001Ly8Hl&d=%2Fa%2FSJ00000BsBwD%2FUCBOh5diU.1R2GtcvNdpoZCmXZ6ZZT4ijuZ9KQCLq9I&asPdf=false,TRUDEAU INSTITUTE,New York,0,12983,fdb78a6576723795
58-B-0656,Class B - Dealer,PUNTA GORDA,0,333286,0,2026-06-30,6/30/2026,Chris Clark,0,https://aphis.file.force.com/sfc/dist/version/download/?oid=00Dt0000000GyZH&ids=068SJ00001IbFrh&d=%2Fa%2FSJ00000BMRuU%2FAQ8E_kiG0u59UC6mkizxObd5bL2LhxS00SYhMfh9oYo&asPdf=false,CHRIS CLARK,Florida,0,33950,de7d74287f65e6ab
32-A-1028,Class A - Breeder,ODON,0,333340,0,2026-07-27,7/27/2026,David Ray Knepp,0,https://aphis.file.force.com/sfc/dist/version/download/?oid=00Dt0000000GyZH&ids=068SJ00001MHm33&d=%2Fa%2FSJ00000BvMlT%2Ffk9pKf2pxLZmuQPr1uuPhXKB3invB4TU5HEHMgomxEA&asPdf=false,David Ray Knepp,Indiana,0,47562,b41e65632b88d3b4
43-A-6958,Class A - Breeder,Brumley,0,333403,0,2026-07-07,7/7/2026,June Kaiser,0,https://aphis.file.force.com/sfc/dist/version/download/?oid=00Dt0000000GyZH&ids=068SJ00001JoWe3&d=%2Fa%2FSJ00000BY2ib%2FqP_.5vdEt_2Me98yrMY6AN7VOVj5QWONeU0BJZlH5Zc&asPdf=false,June Kaiser,Missouri,0,65017,c74bbe692d0dec8a
43-A-6837,Class A - Breeder,Baring,0,333427,0,2026-07-22,7/22/2026,Cassandra Bryant,0,https://aphis.file.force.com/sfc/dist/version/download/?oid=00Dt0000000GyZH&ids=068SJ00001LzQ69&d=%2Fa%2FSJ00000BsV6v%2FN2BEgvUCt4vJ1Cab4nvHyqV9dD.EPfUrtOVrfkT.F14&asPdf=false,Cassandra Bryant,Missouri,0,63531,9ec8340a2af1e565
32-C-0258,Class C - Exhibitor,Shirley,0,333471,0,2026-07-29,7/29/2026,Christina Curtis,0,https://aphis.file.force.com/sfc/dist/version/download/?oid=00Dt0000000GyZH&ids=068SJ00001MdVbk&d=%2Fa%2FSJ00000Bziyf%2FIltUoFUcGmtZ6m4pDlh1UyM_NsYMZnQpZ1eIiwvw7n8&asPdf=false,Christina Curtis,Indiana,0,47384,18f2a4c5e872c08c
21-R-0263,Class R - Research Facility,NEW YORK,0,333477,0,2026-08-26,8/26/2026,CUNY Advanced Science Research Center,0,https://aphis.file.force.com/sfc/dist/version/download/?oid=00Dt0000000GyZH&ids=068SJ00001QZBHY&d=%2Fa%2FSJ00000CaMXl%2Ft6sr3Zf01Gefd_muElF74YWYAc2wmGIhkKv8VBRWY7Q&asPdf=false,CUNY Advanced Science Research Center,New York,0,10031,60f6d5988be4821e
32-A-0524,Class A - Breeder,Montgomery,0,333525,0,2026-06-23,6/23/2026,Silky Pets LLC,0,https://aphis.file.force.com/sfc/dist/version/download/?oid=00Dt0000000GyZH&ids=068SJ00001Hppsj&d=%2Fa%2FSJ00000BFB1d%2FSJq8MAE75A6YEpxTrOU0J9XGWyQTEmY7HDwDF7a.MP0&asPdf=false,Silky Pets LLC,Indiana,0,47558,5e987445044b948b
58-B-0634,Class B - Dealer,North Fort Myers,0,333528,0,2026-06-12,6/12/2026,Florida Primates & Exotics,0,https://aphis.file.force.com/sfc/dist/version/download/?oid=00Dt0000000GyZH&ids=068SJ00001GLp2q&d=%2Fa%2FSJ00000B0RwL%2FQRklSpHCa7HKoDsFDvGrm7HUM37sew39nPuGMhD6wrk&asPdf=false,Florida Primates & Exotics,Florida,0,33917,b29235a25bb65d89
58-B-0634,Class B - Dealer,North Fort Myers,0,333528,0,2026-06-12,6/12/2026,Florida Primates & Exotics,0,https://aphis.file.force.com/sfc/dist/version/download/?oid=00Dt0000000GyZH&ids=068SJ00001GMQF6&d=%2Fa%2FSJ00000B0TEz%2FvQJymjA.2k93bNu_gI5A0MM6ETM7wEhsYczx3xsfszw&asPdf=false,Florida Primates & Exotics - TRA,Florida,0,33917,d6b7d067560eaed4
43-A-5982,Class A - Breeder,Barnett,0,333600,0,2026-08-11,8/11/2026,Moses Zimmerman,1,https://aphis.file.force.com/sfc/dist/version/download/?oid=00Dt0000000GyZH&ids=068SJ00001OWVf5&d=%2Fa%2FSJ00000CINbx%2Fh8QbQmIHc1Olxm8Ami0i4DFWS9l8akiYIwkg45uam.k&asPdf=false,Moses Zimmerman,Missouri,0,65011,c76ff972b2f0b375
67-C-0016,Class C - Exhibitor,Madison,0,333659,0,2026-07-08,7/8/2026,"Georgia Safari Conservation Park, LLC",0,https://aphis.file.force.com/sfc/dist/version/download/?oid=00Dt0000000GyZH&ids=068SJ00001Jb4ZJ&d=%2Fa%2FSJ00000BWDa5%2FAXZsnWNM8vPbeyzLf62ylq6pLleRe3ktzGUrDt.P1jU&asPdf=false,"Georgia Safari Conservation Park, LLC",Georgia,0,30650,76a6e5108669f258
65-C-0561,Class C - Exhibitor,Lumberton,0,333660,0,2026-07-29,7/29/2026,Arianna LeVine,0,https://aphis.file.force.com/sfc/dist/version/download/?oid=00Dt0000000GyZH&ids=068SJ00001NquRt&d=%2Fa%2FSJ00000CBh5x%2FFxpMFLPA_LOnvX7JdJvQdeENhCxLCPiMmZ4a0MAGOhE&asPdf=false,Arianna LeVine,Mississippi,0,39455,029580c4dfeb6e76
32-A-1077,Class A - Breeder,Odon,0,333692,0,2026-08-11,8/11/2026,K and M Pets LLC,0,https://aphis.file.force.com/sfc/dist/version/download/?oid=00Dt0000000GyZH&ids=068SJ00001OLyBC&d=%2Fa%2FSJ00000CGXp7%2FYelc_aVkEsOkI0qbykGFpahwaMa0yD60j7kZAk9OnaY&asPdf=false,K and M Pets LLC,Indiana,0,47562,4398453f37e00d6e
63-B-0206,Class B - Dealer,Murfreesboro,0,333867,0,2026-06-23,6/23/2026,Ronald O Manor Jr,0,https://aphis.file.force.com/sfc/dist/version/download/?oid=00Dt0000000GyZH&ids=068SJ00001IhuMF&d=%2Fa%2FSJ00000BNfNV%2FYCzzehlDwHBaNxplTl0FjWfpiniwxwUu_SU.3iZ7cTo&asPdf=false,Ronald O Manor Jr,Tennessee,0,37129,95eef0649daa84c1
74-C-1028,Class C - Exhibitor,Van Alstyne,0,333944,0,2026-08-07,8/7/2026,Niki Flores,0,https://aphis.file.force.com/sfc/dist/version/download/?oid=00Dt0000000GyZH&ids=068SJ00001NrM6M&d=%2Fa%2FSJ00000CBnzN%2Fdx2yXZ4egS6sQu7nMlYN15ljtNIp_cL9Mox7.mnwWDo&asPdf=false,Niki Flores,Texas,0,75495,a74166d3c5d66d68
32-A-0523,Class A - Breeder,Loogootee,0,333949,0,2026-08-13,8/13/2026,Jonathan Raber,0,https://aphis.file.force.com/sfc/dist/version/download/?oid=00Dt0000000GyZH&ids=068SJ00001Om1YL&d=%2Fa%2FSJ00000CKkkX%2Fw9.qjH40Gv_yyvDht6F.7LiRkUjW2uPK615wKfNB_gw&asPdf=false,Jonathan Raber,Indiana,0,47553,e501d0f8c96d160d
57-G-0001,Class G - Agricultural Research Facility ARS,WATKINSVILLE,0,334023,0,2026-07-13,7/13/2026,US National Poultry Research Center,0,https://aphis.file.force.com/sfc/dist/version/download/?oid=00Dt0000000GyZH&ids=068SJ00001KfQfm&d=%2Fa%2FSJ00000BfZuj%2FMjTxUl8Cb6oIhYyONeO5JeGR_AkWDb7zhy9tdpUhI7w&asPdf=false,POULTRY MICROBIOLOGY ANIMAL RESEARCH LABORATORY,Georgia,0,30677,531c3dc05ce23715
57-G-0001,Class G - Agricultural Research Facility ARS,ATHENS,0,334023,0,2026-07-13,7/13/2026,US National Poultry Research Center,0,https://aphis.file.force.com/sfc/dist/version/download/?oid=00Dt0000000GyZH&ids=068SJ00001Kfbis&d=%2Fa%2FSJ00000BfZbN%2F_rvlJiNJxCexC.nS9PUuUHN0s9mmivo43Iw7nB6rnZw&asPdf=false,NATIONAL POULTRY RESEARCH CENTER,Georgia,0,30605,7afa0ed591741944
47-G-0001,Class G - Agricultural Research Facility ARS,CLAY CENTER,0,334103,0,2026-08-18,8/18/2026,US Meat Animal Research Center,0,https://aphis.file.force.com/sfc/dist/version/download/?oid=00Dt0000000GyZH&ids=068SJ00001PcOqX&d=%2Fa%2FSJ00000CSdif%2F1LmhDIFNfWfoEjyzH58ohFDZdxW43MgPaafPbugemR4&asPdf=false,US MEAT ANIMAL RESEARCH CENTER,Nebraska,0,68933,e380cb626a5eee03
41-A-0489,Class A - Breeder,FARIBAULT,0,334108,0,2026-07-16,7/16/2026,REBECCA STILLE TIM STILLE,0,https://aphis.file.force.com/sfc/dist/version/download/?oid=00Dt0000000GyZH&ids=068SJ00001KsJDH&d=%2Fa%2FSJ00000BhhzR%2FLJQgcfosTUcz8YT5myJbhTaTPj7hzjYYHWHGGmVxUI8&asPdf=false,BECKY AND TIM STILLE,Minnesota,0,55021,7c2bcc0dde43c172
41-A-0493,Class A - Breeder,Utica,0,334124,0,2026-08-07,8/7/2026,Pleasant View Kennel LLC,0,https://aphis.file.force.com/sfc/dist/version/download/?oid=00Dt0000000GyZH&ids=068SJ00001NrAYK&d=%2Fa%2FSJ00000CBssb%2FT2kvez2.UrCrEb_78nf6J0oGQCiAdP5FL0EpEeIXBmA&asPdf=false,Pleasant View Kennel LLC,Minnesota,0,55979,767a6026f7692762
83-G-0001,Class G - Agricultural Research Facility ARS,NUNN,0,334154,0,2026-08-26,8/26/2026,USDA ARS PA RRRU,0,https://aphis.file.force.com/sfc/dist/version/download/?oid=00Dt0000000GyZH&ids=068SJ00001QsBVN&d=%2Fa%2FSJ00000Cd3wn%2F1atm7ySS9K_Bmnond0ftwjBGFSwH_v3hmxQSOPC7yjc&asPdf=false,High Plains Grassland Research,Colorado,0,80648,5067b46a529e1a09
45-G-0004,Class G - Agricultural Research Facility ARS,GRAND FORKS,0,334156,0,2026-06-17,6/17/2026,Grand Forks Human Nutrition Research Center ARS,0,https://aphis.file.force.com/sfc/dist/version/download/?oid=00Dt0000000GyZH&ids=068SJ00001GyBv5&d=%2Fa%2FSJ00000B6ftN%2FxJ9M4O0aMeKemD.SgNEPp0j3RNE35Dfu6CC6BLrncSA&asPdf=false,GRAND FORKS HUMAN NUTRITION RESEARCH CENTER ARS,North Dakota,0,58203,e63379a15a60dedf
55-R-0148,Class R - Research Facility,DURHAM,0,334233,0,2026-08-25,8/25/2026,Synchrony Labs,1,https://aphis.file.force.com/sfc/dist/version/download/?oid=00Dt0000000GyZH&ids=068SJ00001QbQR0&d=%2Fa%2FSJ00000CaoVd%2F_HSNrJO3iQcmynPFi8pwzSnWvl6c7TPsJP1ppEspkGk&asPdf=false,SYNCHRONY LABS LLC,North Carolina,0,27703,1ec79172477c1f9c
45-G-0003,Class G - Agricultural Research Facility ARS,FARGO,0,334302,0,2026-06-22,6/22/2026,USDA ARS Edward T Schafer Agricultural Research Center,0,https://aphis.file.force.com/sfc/dist/version/download/?oid=00Dt0000000GyZH&ids=068SJ00001HkL4I&d=%2Fa%2FSJ00000BE5ZN%2FdZ6s994FtpkstMnbwed6jUXimw4kHQ4vLBdPIG7I4ns&asPdf=false,USDA ARS BIOSCIENCES RES. LABORATORY,North Dakota,0,58102,be4d1e20a8f0de87
42-G-0001,Class G - Agricultural Research Facility ARS,AMES,0,334305,0,2026-08-04,8/4/2026,National Animal Disease Center,0,https://aphis.file.force.com/sfc/dist/version/download/?oid=00Dt0000000GyZH&ids=068SJ00001Ns2n6&d=%2Fa%2FSJ00000CBtBx%2F4xqclwKy0A8cIlGF0fh0ogp5ZevkR0kbVb4T8BDQPyI&asPdf=false,NATIONAL ANIMAL DISEASE CENTER,Iowa,0,50010,34d59ae9bf9aea1a
93-G-0002,Class G - Agricultural Research Facility ARS,ALBANY,0,334309,0,2026-06-17,6/17/2026,Western Regional Research Center,0,https://aphis.file.force.com/sfc/dist/version/download/?oid=00Dt0000000GyZH&ids=068SJ00001HSu0L&d=%2Fa%2FSJ00000BAt6X%2Few7agHsoBkdDviM8KUQLUhwG5SWVNLRRETVwDvTdQns&asPdf=false,WESTERN REGIONAL RESEARCH CENTER,California,0,94710,e96fda9a65ddfffa
63-B-0191,Class B - Dealer,Waverly,0,334369,0,2026-06-25,6/25/2026,"Turkey Creek Biotechnology, LLC",0,https://aphis.file.force.com/sfc/dist/version/download/?oid=00Dt0000000GyZH&ids=068SJ00001IAYU0&d=%2Fa%2FSJ00000BIRhl%2FFDKxCqXC7PiOZfNr6TaYLdMA8tbkttIJWi2Gs43nOXI&asPdf=false,"Turkey Creek Biotechnology, LLC",Tennessee,0,37185,01189c6441426581
63-R-0128,Class R - Research Facility,WAVERLY,0,334369,0,2026-06-25,6/25/2026,"Turkey Creek Biotechnology, LLC",0,https://aphis.file.force.com/sfc/dist/version/download/?oid=00Dt0000000GyZH&ids=068SJ00001IAeHY&d=%2Fa%2FSJ00000BIRcv%2FyRK6ycPzz5.7HE.1UF2k2p669M3Nvg1mH5APIgH4uo8&asPdf=false,TURKEY CREEK BIOTECHNOLOGY,Tennessee,0,37185,e8dff9c125d0bb00
32-A-0557,Class A - Breeder,MONTGOMERY,0,334409,0,2026-07-17,7/17/2026,Larry D Raber,0,https://aphis.file.force.com/sfc/dist/version/download/?oid=00Dt0000000GyZH&ids=068SJ00001LE5YT&d=%2Fa%2FSJ00000BkVvJ%2FMJV_l_joqphbD8jHr2dvsNknJghZyywkQ0hjIoU.ISU&asPdf=false,LARRY RABER,Indiana,0,47558,cc6f6f176eb8a595
73-A-2753,Class A - Breeder,Elgin,0,334438,0,2026-08-10,8/10/2026,Ayers Legends German Shepherds LLC,0,https://aphis.file.force.com/sfc/dist/version/download/?oid=00Dt0000000GyZH&ids=068SJ00001OCxNm&d=%2Fa%2FSJ00000CF07F%2FGUJyoXPGCSx4J.bf3huSljIHOzpicKINSYFomjut48I&asPdf=false,Ayers Legends German Shepherds LLC,Oklahoma,0,73538,033e59f15730a0e7
32-A-0559,Class A - Breeder,Odon,0,334453,0,2026-07-29,7/29/2026,Shady Lane Kennels LLC,0,https://aphis.file.force.com/sfc/dist/version/download/?oid=00Dt0000000GyZH&ids=068SJ00001McdCs&d=%2Fa%2FSJ00000BzJvR%2FR99HW2Sx0yLboKp8Lpi9IuhaSXeX70VOst90zTMOTzA&asPdf=false,Shady Lane Kennels LLC,Indiana,0,47562,f0caba0f8fc40c4c
35-G-0001,Class G - Agricultural Research Facility ARS,STRATFORD,0,334470,0,2026-06-12,6/12/2026,US Dairy Forage Research Center,0,https://aphis.file.force.com/sfc/dist/version/download/?oid=00Dt0000000GyZH&ids=068SJ00001GaceX&d=%2Fa%2FSJ00000B21Pt%2F4UeWsxsavxQCrDWMvPKYyyhtcW70KpWlYDTf7Zu3YWc&asPdf=false,US DAIRY FORAGE RESEARCH CENTER,Wisconsin,0,54484,0a47f61ab8a4c8fd
58-B-0628,Class B - Dealer,IMMOKALEE,0,334475,0,2026-07-23,7/23/2026,BC US LLC,0,https://aphis.file.force.com/sfc/dist/version/download/?oid=00Dt0000000GyZH&ids=068SJ00001Lsdsb&d=%2Fa%2FSJ00000BrR29%2FUS42_4ZwKOhZTcHjhgPy8ojD95yyhdfeNrhmGknUb3o&asPdf=false,BC US LLC,Florida,0,34142,34f019a5caf7920f
58-B-0628,Class B - Dealer,IMMOKALEE,0,334475,0,2026-08-11,8/11/2026,BC US LLC,0,https://aphis.file.force.com/sfc/dist/version/download/?oid=00Dt0000000GyZH&ids=068SJ00001OWMAR&d=%2Fa%2FSJ00000CIQGT%2FAgilknFT.iim0GJq7It8v1TI6_WnEyZw13LrIpG0i.E&asPdf=false,BC US LLC,Florida,0,34142,d1b53e8821b95acf
31-A-0569,Class A - Breeder,Millersburg,0,334483,0,2026-08-05,8/5/2026,Betty Yoder,0,https://aphis.file.force.com/sfc/dist/version/download/?oid=00Dt0000000GyZH&ids=068SJ00001Nh9bn&d=%2Fa%2FSJ00000CA1iH%2FTffT8c4bJ8k6yyAuOyB_xKsNFb1aGri2hixT3Ent3eA&asPdf=false,Betty Yoder,Ohio,0,44654,c42aa67b4ab08367
58-C-1259,Class C - Exhibitor,Clermont,1,334551,0,2026-07-23,7/23/2026,The Showcase of Citrus LLC,1,https://aphis.file.force.com/sfc/dist/version/download/?oid=00Dt0000000GyZH&ids=068SJ00001MOaBv&d=%2Fa%2FSJ00000BwhZJ%2FjVLpQvfgvQjWSu4Pahp_fP77sQ_UOChCRx1Vfwr6TCo&asPdf=false,The Showcase of Citrus,Florida,0,34714,3010a3973f8ba5a7
32-A-0613,Class A - Breeder,Losantville,0,334618,0,2026-07-30,7/30/2026,Walter Schmidt,3,https://aphis.file.force.com/sfc/dist/version/download/?oid=00Dt0000000GyZH&ids=068SJ00001NCaTe&d=%2Fa%2FSJ00000C5JzC%2FZIYrYqcKdxrqL8n5Pw3KVJ3nruaB4ePd5EzQOQSjlWc&asPdf=false,Walter Schmidt,Indiana,0,47354,4191de9c36cfcea5
21-R-0243,Class R - Research Facility,ATTICA,0,334624,0,2026-07-23,7/23/2026,Angiograft LLC,0,https://aphis.file.force.com/sfc/dist/version/download/?oid=00Dt0000000GyZH&ids=068SJ00001MNSw9&d=%2Fa%2FSJ00000BwN4L%2FHSfWZ2_SrJasdPZYyY0WoZGnYpZEG8Uws106WBvLlWA&asPdf=false,ANGIOGRAFT LLC,New York,0,14011,ba21db7f98ad6ed6
32-A-0544,Class A - Breeder,Howe,0,334647,0,2026-07-15,7/15/2026,Lavon Stutzman Cheryl Stutzman,0,https://aphis.file.force.com/sfc/dist/version/download/?oid=00Dt0000000GyZH&ids=068SJ00001KiJ32&d=%2Fa%2FSJ00000Bg9er%2FopbKx2X6FaYUO1AV3OwO_4S8bEzGgTTbid_Wwa8anJw&asPdf=false,Cheryl Stutzman & Lavon Stutzman,Indiana,0,46746,b3d86ba3d7471a50
43-A-6034,Class A - Breeder,Dora,0,334657,0,2026-07-16,7/16/2026,Vickie Burden,0,https://aphis.file.force.com/sfc/dist/version/download/?oid=00Dt0000000GyZH&ids=068SJ00001LQev2&d=%2Fa%2FSJ00000BmYc9%2FooqTneDUTlnbZhMYAcsmj.jGmzmEN6pBFv20_r8w7d4&asPdf=false,Vickie Burden,Missouri,0,65637,43e9ce96e3dcdeb8
32-A-0568,Class A - Breeder,Goshen,0,334733,0,2026-07-23,7/23/2026,Verlin Miller,0,https://aphis.file.force.com/sfc/dist/version/download/?oid=00Dt0000000GyZH&ids=068SJ00001LsXox&d=%2Fa%2FSJ00000BrbxZ%2FeN_j9RQN8nmhk4kBmdSws5zFZaeT0PoZoLnX3jIsIho&asPdf=false,Verlin Miller,Indiana,0,46528,f5098e7a15291c2e
57-C-0350,Class C - Exhibitor,Morganton,0,334775,0,2026-06-16,6/16/2026,Project Chimps,0,https://aphis.file.force.com/sfc/dist/version/download/?oid=00Dt0000000GyZH&ids=068SJ00001GtbBz&d=%2Fa%2FSJ00000B5iy9%2FCn1vWmcsTPETlYV66an.LL29IFEfgqnRoQxD0ytTwU4&asPdf=false,Project Chimps,Georgia,0,30560,715c815a75b53368
65-C-0559,Class C - Exhibitor,Dover,0,334785,0,2026-06-23,6/23/2026,"America's Show Camels, Inc.",0,https://aphis.file.force.com/sfc/dist/version/download/?oid=00Dt0000000GyZH&ids=068SJ00001HoqZE&d=%2Fa%2FSJ00000BF1S5%2FBkNBJP0iLoHfSoQbp4gcarRB1.NKdJ7FzRo9MBqAqKM&asPdf=false,Americas Show Camels Inc,Florida,0,33527,fb4095a7f2454a1e
58-C-1172,Class C - Exhibitor,Oakland,0,334789,0,2026-07-01,7/1/2026,Oakland Nature Preserve,0,https://aphis.file.force.com/sfc/dist/version/download/?oid=00Dt0000000GyZH&ids=068SJ00001ItQk0&d=%2Fa%2FSJ00000BPZPG%2F77aSg9W7nKfnuMelZUjOUtZ1TpLfqtAyWXDeW_KkTeU&asPdf=false,Oakland Nature Preserve,Florida,0,34760,b93dab498f019303
63-C-0124,Class C - Exhibitor,Hohenwald,0,3348,0,2026-07-14,7/14/2026,The Elephant Sanctuary,0,https://aphis.file.force.com/sfc/dist/version/download/?oid=00Dt0000000GyZH&ids=068SJ00001KYz22&d=%2Fa%2FSJ00000BeUXJ%2FfIqn5piQS._3jnIORC1H6fpAWayvRzIIAYnR690b0cY&asPdf=false,The Elephant Sanctuary,Tennessee,0,38462,e797db02bc0c159b
43-A-6122,Class A - Breeder,ELDRIDGE,0,334810,0,2026-08-13,8/13/2026,Tammie Jones,0,https://aphis.file.force.com/sfc/dist/version/download/?oid=00Dt0000000GyZH&ids=068SJ00001Oq2Z7&d=%2Fa%2FSJ00000CLeun%2Fcob0UvD7gJ_jskZIM5KYpnIwQOmLzBIDzpnBsfaCMhU&asPdf=false,TAMMIE S JONES,Missouri,0,65463,2708b26b158c2a65
41-C-0289,Class C - Exhibitor,VERGAS,0,334843,0,2026-08-13,8/13/2026,Trowbridge Creek Zoo LLC,0,https://aphis.file.force.com/sfc/dist/version/download/?oid=00Dt0000000GyZH&ids=068SJ00001PFQcw&d=%2Fa%2FSJ00000CP2pJ%2FokOOztYHJjPW5KOneIcJJTyUe7AzwzZfi5Y3gCibjnQ&asPdf=false,TROWBRIDGE CREEK ZOO LLC,Minnesota,0,56587,6b542c7d0459f411
43-A-6071,Class A - Breeder,MILAN,0,334887,0,2026-06-24,6/24/2026,Amanda Clinkenbeard,0,https://aphis.file.force.com/sfc/dist/version/download/?oid=00Dt0000000GyZH&ids=068SJ00001I0m3N&d=%2Fa%2FSJ00000BGh15%2FzYeYfD0TfRrhJhtHhbYNQbKeS.SzcO0gv294cZ8p8zU&asPdf=false,Amanda Clinkenbeard,Missouri,0,63556,292ef0a505addcfd
58-C-1342,Class C - Exhibitor,Apopka,0,3349,0,2026-08-27,8/27/2026,Creating Animal Respect Education Foundation dba CARE Foundation,2,https://aphis.file.force.com/sfc/dist/version/download/?oid=00Dt0000000GyZH&ids=068SJ00001QuUda&d=%2Fa%2FSJ00000CdXA5%2Fzx5Uo91Fkbdky_A.DkzBfqq28Atj9864eHZsCjg1tAw&asPdf=false,CARE Foundation,Florida,0,32712,8711e1ac220e6943
64-C-0244,Class C - Exhibitor,Foley,0,334944,0,2026-08-18,8/18/2026,Graham Creek Nature Preserve,0,https://aphis.file.force.com/sfc/dist/version/download/?oid=00Dt0000000GyZH&ids=068SJ00001PPOV0&d=%2Fa%2FSJ00000CQjDt%2F18NS.rNzMJrNGMeQeOW9Otv7Sc6LLTlXHtHYB2XErvQ&asPdf=false,Graham Creek Nature Preserve,Alabama,0,36535,2eb1f549f5eac2bb
58-C-1161,Class C - Exhibitor,Miami,0,334993,0,2026-06-16,6/16/2026,Pelican Harbor Seabird Station,0,https://aphis.file.force.com/sfc/dist/version/download/?oid=00Dt0000000GyZH&ids=068SJ00001Gtka3&d=%2Fa%2FSJ00000B5a69%2FVrcGJ5TIv9Y.3NFOMWYwdJ6Sx6FMyD2hdij6NGytyp8&asPdf=false,Pelican Harbor Seabird Station,Florida,0,33138,5277945dfb226b41
43-A-6278,Class A - Breeder,Mountain Grove,0,335107,0,2026-07-06,7/6/2026,Marsha Freeman,0,https://aphis.file.force.com/sfc/dist/version/download/?oid=00Dt0000000GyZH&ids=068SJ00001JnbJQ&d=%2Fa%2FSJ00000BXuuj%2FthSMBqSn71MXyzGsqCxwSYOwHGu2A4q1XR.9cAEgpyc&asPdf=false,Marsha Freeman,Missouri,0,65711,fd319e6bb864547e
32-A-0777,Class A - Breeder,LaGrange,0,335116,0,2026-06-23,6/23/2026,Perry J. Kuhns,1,https://aphis.file.force.com/sfc/dist/version/download/?oid=00Dt0000000GyZH&ids=068SJ00001JAyR0&d=%2Fa%2FSJ00000BRoK9%2FlO_lpYw8UEPRfzdPNHGWOtV.K2OixxJ8xdD_zaMnKbM&asPdf=false,Perry J. Kuhns,Indiana,0,46761,877fadd72ff128c4
42-A-1531,Class A - Breeder,Bloomfield,0,335150,0,2026-08-07,8/7/2026,Shadow Valley LLC,0,https://aphis.file.force.com/sfc/dist/version/download/?oid=00Dt0000000GyZH&ids=068SJ00001O8ygd&d=%2Fa%2FSJ00000CE6xt%2FUyDVeeFJ1fotlPcb7dq6rFqTV62_EA331uheR5jTfpg&asPdf=false,Shadow Valley LLC,Iowa,0,52537,d5c1e811eeaef7ad
43-C-0427,Class C - Exhibitor,Clever,0,335199,0,2026-08-26,8/26/2026,Kara Robertson,0,https://aphis.file.force.com/sfc/dist/version/download/?oid=00Dt0000000GyZH&ids=068SJ00001Qdowj&d=%2Fa%2FSJ00000Cb0wb%2FXAZCcwhxV9vSQ2qRV.qYZuPGv9HZAYtRXCyhkLMkz9s&asPdf=false,Kara Robertson TRA,Missouri,0,65631,edb201217472f18e
14-A-0033,Class A - Breeder,WAREHAM,0,335306,0,2026-06-11,6/11/2026,Mellissa Sullivan,0,https://aphis.file.force.com/sfc/dist/version/download/?oid=00Dt0000000GyZH&ids=068SJ00001GMvyr&d=%2Fa%2FSJ00000B0YHt%2FBs0ruXzWSwR4GsecTPrucJUxJmFrM379X1FSRbXWWiQ&asPdf=false,Mellissa Sullivan,Massachusetts,0,02571,be2dca212a59f28a
71-A-1358,Class A - Breeder,Altus,0,335314,0,2026-07-07,7/7/2026,Jean Case Jimmy Richard,0,https://aphis.file.force.com/sfc/dist/version/download/?oid=00Dt0000000GyZH&ids=068SJ00001JnMaK&d=%2Fa%2FSJ00000BXl9t%2Fhu3H30t.tu3cetT82sU2K350UfKNvhKWkY6udBwvw28&asPdf=false,Jean Case and Jimmy Richard,Arkansas,0,72821,e7186df46a0282a2
74-C-1096,Class C - Exhibitor,AMARILLO,0,335352,0,2026-06-23,6/23/2026,Fish Pros Aquarium Center,3,https://aphis.file.force.com/sfc/dist/version/download/?oid=00Dt0000000GyZH&ids=068SJ00001IcluR&d=%2Fa%2FSJ00000BMpQY%2FDQPPLmy5pxtLwuiQ6TZPwS3mPoM5DXfBUrVktsBxbbM&asPdf=false,Fish Pros Aquarium Center,Texas,0,79109,8a205c91256e00a6
63-R-0129,Class R - Research Facility,NASHVILLE,0,335389,0,2026-08-12,8/12/2026,Vanderbilt University Medical Center,0,https://aphis.file.force.com/sfc/dist/version/download/?oid=00Dt0000000GyZH&ids=068SJ00001PDd4i&d=%2Fa%2FSJ00000COfr7%2FkB1MUYVb5YK3BmnsyFPm1Xo6H2RLY82ju2F1zjQ18G8&asPdf=false,VANDERBILT UNIVERSITY VICE PROVOST FOR RESEARCH,Tennessee,0,37240,7f4f3bdddd62b29d
21-C-0452,Class C - Exhibitor,Catskill,0,335432,0,2026-07-17,7/17/2026,Bailiwick Animal Park,0,https://aphis.file.force.com/sfc/dist/version/download/?oid=00Dt0000000GyZH&ids=068SJ00001MKVAX&d=%2Fa%2FSJ00000Bvz0P%2FSqBhjzZiCS7dJyiZbQhE8M9.yi1BSBVzUksNzA6XiZc&asPdf=false,Bailiwick Animal Park,New York,0,12414,d91c26fbfe75e428
96-C-0041,Class C - Exhibitor,Palmer,0,335433,0,2026-07-23,7/23/2026,Reindeer Tours LLC,0,https://aphis.file.force.com/sfc/dist/version/download/?oid=00Dt0000000GyZH&ids=068SJ00001LvCSv&d=%2Fa%2FSJ00000BrjWv%2F0DsvQhZ5IFq1WDnZkGICtkuRhQ00nt7TzJh78cQL8Ro&asPdf=false,Denise Hardy,Alaska,0,99645,475e089afa7feb7c
91-G-0001,Class G - Agricultural Research Facility ARS,PULLMAN,0,335443,0,2026-08-03,8/3/2026,A D R U,0,https://aphis.file.force.com/sfc/dist/version/download/?oid=00Dt0000000GyZH&ids=068SJ00001NsNJe&d=%2Fa%2FSJ00000CBy3Z%2FgpBbpt..LCn9EF3HILcH8VxK.kQ33QSEr8eVqskt6Ks&asPdf=false,ANIMAL DISEASE RESEARCH UNIT,Washington,0,99164,a689a9e138a1736e
91-G-0001,Class G - Agricultural Research Facility ARS,PULLMAN,0,335443,0,2026-08-03,8/3/2026,A D R U,0,https://aphis.file.force.com/sfc/dist/version/download/?oid=00Dt0000000GyZH&ids=068SJ00001OM4gM&d=%2Fa%2FSJ00000CGZMH%2F49U4N_MpHP7VZGP8a1Uhxz0XS8p.01MNxJPAZtCiT04&asPdf=false,ANIMAL DISEASE RESEARCH UNIT,Washington,0,99164,25095965e2b08fec
91-G-0001,Class G - Agricultural Research Facility ARS,MOSCOW,0,335443,0,2026-08-04,8/4/2026,A D R U,0,https://aphis.file.force.com/sfc/dist/version/download/?oid=00Dt0000000GyZH&ids=068SJ00001OM8SD&d=%2Fa%2FSJ00000CGWg9%2FdX3Nu7GxC592KOpdIhkIRstGR.dGZ9VcY9sJDlSojAs&asPdf=false,USDA ARS ADRU,Idaho,0,83844,524119d9758dd9e6
43-A-6111,Class A - Breeder,WEST PLAINS,0,335447,0,2026-07-20,7/20/2026,Puppys R Us LLC,0,https://aphis.file.force.com/sfc/dist/version/download/?oid=00Dt0000000GyZH&ids=068SJ00001LQUxJ&d=%2Fa%2FSJ00000BmXo9%2FAvP7xVyKLwmQxKQfiqHg13So82H.6v179w5QJoKT9LM&asPdf=false,Puppys R Us L L C,Missouri,0,65775,f05cb3e02eec0180
35-C-0417,Class C - Exhibitor,LAKE GENEVA,0,335454,0,2026-08-20,8/20/2026,Schrute Farms LLC,0,https://aphis.file.force.com/sfc/dist/version/download/?oid=00Dt0000000GyZH&ids=068SJ00001RjDpF&d=%2Fa%2FSJ00000ClBHF%2F067aImv9bb7B6C2iTUA5moopfApuLg5p3ASZd9sl9u4&asPdf=false,SCHRUTE FARMS LLC,Wisconsin,0,53147,ee4b5b21ed4cbf46
43-A-6135,Class A - Breeder,Richland,0,335468,0,2026-08-04,8/4/2026,Phyllis Kelley,0,https://aphis.file.force.com/sfc/dist/version/download/?oid=00Dt0000000GyZH&ids=068SJ00001O7EpZ&d=%2Fa%2FSJ00000CDmMT%2FsV69g1Ih3UJ5d4mzA7oD.R5QtOL1hsb_15kUt7i0uTk&asPdf=false,Phyllis Kelley,Missouri,0,65556,092f2dca7cf8ee7f
42-A-1534,Class A - Breeder,Bloomfield,0,335483,0,2026-08-10,8/10/2026,Stoney Creek Kennel LLC,0,https://aphis.file.force.com/sfc/dist/version/download/?oid=00Dt0000000GyZH&ids=068SJ00001OJiTg&d=%2Fa%2FSJ00000CFuqz%2FhHf.PLNwq8qmuDucKJaRX3eSIFzqvz6MZi0eVoUzl3o&asPdf=false,Stoney Creek Kennel L L C,Iowa,0,52537,e4d7ef2764723b54
42-A-1544,Class A - Breeder,Salem,0,335515,0,2026-07-22,7/22/2026,Lindsey Forquer,0,https://aphis.file.force.com/sfc/dist/version/download/?oid=00Dt0000000GyZH&ids=068SJ00001MDuXG&d=%2Fa%2FSJ00000Bubxq%2FWwWuaW.tVnbsPNhIaoUXBrBn1hUVZsPPmovpOQf_Ctk&asPdf=false,Lindsey Forquer,Iowa,0,52649,81c6f51bec106a8e
32-A-0580,Class A - Breeder,MONTGOMERY,0,335540,0,2026-08-17,8/17/2026,Phillip G Wagler,0,https://aphis.file.force.com/sfc/dist/version/download/?oid=00Dt0000000GyZH&ids=068SJ00001PCJQI&d=%2Fa%2FSJ00000CObkH%2FmhI_XhIUpSYtmbf37ofBggdMdJg8TSnL27VMIfj.rhs&asPdf=false,PHILLIP WAGLER,Indiana,0,47558,0c387de8518c842b
43-A-6098,Class A - Breeder,Jamesport,0,335553,0,2026-06-25,6/25/2026,Velma  Schrock,0,https://aphis.file.force.com/sfc/dist/version/download/?oid=00Dt0000000GyZH&ids=068SJ00001I4h3Z&d=%2Fa%2FSJ00000BHVdl%2FBiCmGi6lIclxdkHSTbGdW6spGSvqHJo.FXUqHsQfUsU&asPdf=false,Velma Schrock,Missouri,0,64648,9f10f194b9902322
43-A-6119,Class A - Breeder,MADISON,0,335562,0,2026-07-15,7/15/2026,Jonas Borntrager,0,https://aphis.file.force.com/sfc/dist/version/download/?oid=00Dt0000000GyZH&ids=068SJ00001LyzSe&d=%2Fa%2FSJ00000BsU1B%2F1n4M1c3G0kWAtT5u6sZs7ogLN5Ae3J.tnD0hMnMgjwU&asPdf=false,Jonas Borntrager,Missouri,0,65263,126c8bf69cce7905
43-A-6119,Class A - Breeder,MADISON,0,335562,0,2026-08-20,8/20/2026,Jonas Borntrager,0,https://aphis.file.force.com/sfc/dist/version/download/?oid=00Dt0000000GyZH&ids=068SJ00001RwM6z&d=%2Fa%2FSJ00000CnQdZ%2FMxU7oryxBCrDRe_3GGI88raImzhEZge.M_VfEml.Cec&asPdf=false,Jonas Borntrager,Missouri,0,65263,8ceb3e336768b0c7
93-R-0594,Class R - Research Facility,RICHMOND,0,335594,0,2026-08-13,8/13/2026,Joinn Laboratories,0,https://aphis.file.force.com/sfc/dist/version/download/?oid=00Dt0000000GyZH&ids=068SJ00001PPlw6&d=%2Fa%2FSJ00000CQmmr%2FxA.DqLguZUGcg80kUjMCgV7lK5KXTMz5h0mRG5as8Pg&asPdf=false,Joinn Laboratories CA Inc.,California,0,94806,ba15f9ba44a17f3d
41-B-0279,Class B - Dealer,Glencoe,0,335601,0,2026-07-23,7/23/2026,Collagen Solutions (US) LLC,0,https://aphis.file.force.com/sfc/dist/version/download/?oid=00Dt0000000GyZH&ids=068SJ00001Nt85l&d=%2Fa%2FSJ00000CCH7p%2F72iTVcWaHIYQsjL7fZmLZsYol4PwOu5h9eqiMcUpZZs&asPdf=false,C & D FARMS,Minnesota,0,55336,d493a42d11782579
41-B-0279,Class B - Dealer,STEWART,0,335601,0,2026-07-23,7/23/2026,Collagen Solutions (US) LLC,1,https://aphis.file.force.com/sfc/dist/version/download/?oid=00Dt0000000GyZH&ids=068SJ00001Ntcn6&d=%2Fa%2FSJ00000CCNYD%2FhI3uYz2TzlFZZ72._lpvOOsVPp2EB2OeO_h08JnxgFc&asPdf=false,Kurth Nursery,Minnesota,0,55385,9418e894a869cff0
41-B-0279,Class B - Dealer,BUFFALO LAKE,0,335601,0,2026-07-23,7/23/2026,Collagen Solutions (US) LLC,1,https://aphis.file.force.com/sfc/dist/version/download/?oid=00Dt0000000GyZH&ids=068SJ00001Ntu2V&d=%2Fa%2FSJ00000CCQe9%2F2xVDKQjxFU2cjrAKv7fEP_eW_rUeJqgR6fkG45djT70&asPdf=false,Kurth Finishing Site L,Minnesota,0,55314,2f4c08898ec8a03b
41-B-0279,Class B - Dealer,BIRD ISLAND,0,335601,0,2026-07-23,7/23/2026,Collagen Solutions (US) LLC,1,https://aphis.file.force.com/sfc/dist/version/download/?oid=00Dt0000000GyZH&ids=068SJ00001O9vvV&d=%2Fa%2FSJ00000CETZW%2FXONWQYfY94lBP8KOO4PkR4UpjvL.UZxpexu.u2Os80A&asPdf=false,Bird Island,Minnesota,0,55310,b1353b676bd9fbc5
41-R-0088,Class R - Research Facility,PRINCETON,0,335601,0,2026-07-22,7/22/2026,Collagen Solutions (US) LLC,1,https://aphis.file.force.com/sfc/dist/version/download/?oid=00Dt0000000GyZH&ids=068SJ00001NtZ2f&d=%2Fa%2FSJ00000CCGQH%2FT7Sicj8FCwfSHSbCtM3o4Qg4He__MZSz.iNtUy864io&asPdf=false,PRINCETON RESEARCH FARM,Minnesota,0,55371,a1820a0aa577ec72
41-R-0088,Class R - Research Facility,BUFFALO LAKE,0,335601,0,2026-07-23,7/23/2026,Collagen Solutions (US) LLC,1,https://aphis.file.force.com/sfc/dist/version/download/?oid=00Dt0000000GyZH&ids=068SJ00001Ntt4o&d=%2Fa%2FSJ00000CCF2p%2FVy7cPug.nkl5m5y7B_VbOaSCsBEPjv3Ccmz.ek1yyy8&asPdf=false,Kurth Finishing Site R,Minnesota,0,55314,5f43de0d0826f226
41-R-0088,Class R - Research Facility,STEWART,0,335601,0,2026-07-23,7/23/2026,Collagen Solutions (US) LLC,1,https://aphis.file.force.com/sfc/dist/version/download/?oid=00Dt0000000GyZH&ids=068SJ00001NuGFe&d=%2Fa%2FSJ00000CCMQr%2FkfwIov6d.qxt8se2rxbW5I5bo4yV9d5Rcz0bCYpUxaU&asPdf=false,Kurth Nursery R,Minnesota,0,55385,1cbb16207d9b005b
41-R-0088,Class R - Research Facility,BIRD ISLAND,0,335601,0,2026-07-23,7/23/2026,Collagen Solutions (US) LLC,1,https://aphis.file.force.com/sfc/dist/version/download/?oid=00Dt0000000GyZH&ids=068SJ00001OACbE&d=%2Fa%2FSJ00000CEUIf%2F37mKPTt6vGXqnZ5nKKrfJDtAghCKu3UL0CSR_qe1Tow&asPdf=false,Bird Island Research Farm,Minnesota,0,55310,2d01c335c051cf60
41-R-0088,Class R - Research Facility,GLENCOE,0,335601,0,2026-07-23,7/23/2026,Collagen Solutions (US) LLC,4,https://aphis.file.force.com/sfc/dist/version/download/?oid=00Dt0000000GyZH&ids=068SJ00001OILWK&d=%2Fa%2FSJ00000CFn1V%2FkhCoc9j2ggqqlcD5p4UiqEzCegQ_TdroFpD76S_i.hY&asPdf=false,C & D RESEARCH FARM,Minnesota,0,55336,d9ae8f2cecad319b
58-A-0358,Class A - Breeder,Saint Cloud,0,335605,0,2026-07-31,7/31/2026,Stephen Price,0,https://aphis.file.force.com/sfc/dist/version/download/?oid=00Dt0000000GyZH&ids=068SJ00001NAIIy&d=%2Fa%2FSJ00000C4kjh%2FOixeX.VP7jgzwiMpbPLPDT_gjQcyhcT22Pf37Op5lJE&asPdf=false,Stephen Price,Florida,0,34769,5e70986220501d96
73-A-2738,Class A - Breeder,COALGATE,0,335638,0,2026-07-21,7/21/2026,Lovina Troyer,0,https://aphis.file.force.com/sfc/dist/version/download/?oid=00Dt0000000GyZH&ids=068SJ00001LWMgk&d=%2Fa%2FSJ00000Bnjor%2F0rmxLbu7V2vGoSHCOBOAxe.wPWbX6S_f7fb3KnA4Qog&asPdf=false,Lovina Troyer,Oklahoma,0,74538,0618e52530255527
32-A-1172,Class A - Breeder,Loogootee,0,335771,0,2026-08-13,8/13/2026,Gary Kemp,0,https://aphis.file.force.com/sfc/dist/version/download/?oid=00Dt0000000GyZH&ids=068SJ00001OhwIe&d=%2Fa%2FSJ00000CKIbN%2FZD4ouI7XoFu2ZnBFhaISVSGrn.nk79KfFxybAkzhsOs&asPdf=false,Gary Kemp,Indiana,0,47553,0eb98f28b03fb5db
35-B-0215,Class B - Dealer,SUAMICO,0,33579,0,2026-06-29,6/29/2026,James Rienow,0,https://aphis.file.force.com/sfc/dist/version/download/?oid=00Dt0000000GyZH&ids=068SJ00001ImYch&d=%2Fa%2FSJ00000BOpW5%2FAsY2n974F57KvgNPDO12pIcSXhL3FdaBWVjbNLFjNrE&asPdf=false,JAMES RIENOW,Wisconsin,0,54173,06775f6c6dd5c186
23-C-0371,Class C - Exhibitor,Menges Mills,0,335876,0,2026-07-15,7/15/2026,Lisa Sell,0,https://aphis.file.force.com/sfc/dist/version/download/?oid=00Dt0000000GyZH&ids=068SJ00001LFhbO&d=%2Fa%2FSJ00000BkdrF%2F9bpYFU6Sge1qIyEQWx.74d35bxSw2B6IDhH1p2wfqS0&asPdf=false,Lisa Sell,Pennsylvania,0,17362,9e366c55c27fd289
57-A-0123,Class A - Breeder,BUCHANAN,0,3361,0,2026-08-07,8/7/2026,Wayne Wood,0,https://aphis.file.force.com/sfc/dist/version/download/?oid=00Dt0000000GyZH&ids=068SJ00001Nu8bw&d=%2Fa%2FSJ00000CCWYH%2FdzKQMm3bWhL2Dnx4Cb0KoTjWYZxp.IqWulvigtc_EMA&asPdf=false,WAYNE WOOD,Georgia,0,30113,78b830be07ef2755
93-C-0007,Class C - Exhibitor,Eureka,0,3377,0,2026-07-13,7/13/2026,City of Eureka,1,https://aphis.file.force.com/sfc/dist/version/download/?oid=00Dt0000000GyZH&ids=068SJ00001MX7NL&d=%2Fa%2FSJ00000By9Rt%2FZ7TpQpc1zHX_k6JI3mIhChphVWaJa6GsduZ50sVHwR8&asPdf=false,Sequoia Park Zoo,California,0,95503,b822f72b2f9f5be8
93-C-0008,Class C - Exhibitor,SACRAMENTO,0,3379,0,2026-06-26,6/26/2026,Sacramento Zoologic Society,1,https://aphis.file.force.com/sfc/dist/version/download/?oid=00Dt0000000GyZH&ids=068SJ00001JGjSZ&d=%2Fa%2FSJ00000BSo0L%2Fdy4P1fqlZ8M.u2DCASi5Ws7GBmj2lQmC1tn_LDBTjLo&asPdf=false,CITY OF SACRAMENTO,California,0,95822,3711ffd89449c4cb
93-C-0008,Class C - Exhibitor,SACRAMENTO,0,3379,0,2026-07-07,7/7/2026,Sacramento Zoologic Society,0,https://aphis.file.force.com/sfc/dist/version/download/?oid=00Dt0000000GyZH&ids=068SJ00001Jdjg9&d=%2Fa%2FSJ00000BWVS9%2FQLFj7mAzX0DMdTd9WBy0uZ1TeNWTnvyXlDgcZP_YQxg&asPdf=false,CITY OF SACRAMENTO,California,0,95822,f79e09a315bef3e6
93-C-1129,Class C - Exhibitor,FOLSOM,0,3381,0,2026-08-13,8/13/2026,City of Folsom,1,https://aphis.file.force.com/sfc/dist/version/download/?oid=00Dt0000000GyZH&ids=068SJ00001PIwQ8&d=%2Fa%2FSJ00000CPuGD%2FmWXY2cZpCTohYzOBQ_Sfa3obcPlS5VW.qz1yjeDgpIo&asPdf=false,CITY OF FOLSOM,California,0,95630,d126626b44b7ce4c
96-C-0031,Class C - Exhibitor,Palmer,0,3386,0,2026-07-23,7/23/2026,Musk Ox Development Corporation,0,https://aphis.file.force.com/sfc/dist/version/download/?oid=00Dt0000000GyZH&ids=068SJ00001Luzyf&d=%2Fa%2FSJ00000CjsJt%2FWsaUS2R0K35vZ8qL0Ed13YwjOpVyv7wv9LiSYYO.fXE&asPdf=false,Musk Ox Development Corporation,Alaska,0,99645,4dcc3d471aaccd92
58-C-1274,Class C - Exhibitor,Miami,0,33921,0,2026-08-28,8/28/2026,Everglades Exotics Corp,0,https://aphis.file.force.com/sfc/dist/version/download/?oid=00Dt0000000GyZH&ids=068SJ00001Qwarx&d=%2Fa%2FSJ00000CeAZd%2FxtJ4I4Rbkl64OBCju6VuuCIKX1gKW0ut7XB5SpG04_Y&asPdf=false,Everglades Exotics Corp,Florida,0,33187,4e889b5f6174f8ad
95-C-0049,Class C - Exhibitor,Honolulu,0,3395,0,2026-08-20,8/20/2026,Honolulu Zoo,0,https://aphis.file.force.com/sfc/dist/version/download/?oid=00Dt0000000GyZH&ids=068SJ00001PwBSW&d=%2Fa%2FSJ00000CVUqv%2Fyno7UDbOrJROq01cl0gLePZ7uBD.WRajDrCafkV2T6s&asPdf=false,Honolulu Zoo,Hawaii,0,96815,0b303e0e75d25660
31-A-0980,Class A - Breeder,BALTIC,0,34033,0,2026-07-06,7/6/2026,Valley View Pups,0,https://aphis.file.force.com/sfc/dist/version/download/?oid=00Dt0000000GyZH&ids=068SJ00001JIQs6&d=%2Fa%2FSJ00000BTLlt%2F0dGrWxdRGJ6JmUPA5ceWBpQblDuuewBqX.nF_Tbpl7U&asPdf=false,Valley View Pups,Ohio,0,43804,6e80dfc4c66816c3
87-C-0005,Class C - Exhibitor,HEBER CITY,0,3404,0,2026-06-12,6/12/2026,Wasatch Rocky Mt. Wildlife Inc.,0,https://aphis.file.force.com/sfc/dist/version/download/?oid=00Dt0000000GyZH&ids=068SJ00001GWaTG&d=%2Fa%2FSJ00000B1fHJ%2FHwCbFOS7joTHXP0wL51AcfB2uH6mgLw47v4BbSFs6_Q&asPdf=false,"WASATCH ROCKY MT. WILDLIFE,INC",Utah,0,84032,dd33d9620d73584e
95-C-0055,Class C - Exhibitor,Kaneohe,0,3413,0,2026-08-19,8/19/2026,Kualoa Ranch Hawaii Inc,0,https://aphis.file.force.com/sfc/dist/version/download/?oid=00Dt0000000GyZH&ids=068SJ00001PiVJM&d=%2Fa%2FSJ00000CTk8b%2FolhpkGI0iZVotsKeIBshEAB5stXmtd6zQH8vcSWrIV4&asPdf=false,Kualoa Ranch Hawaii Inc,Hawaii,0,96744,dd434186fedd7b71
96-C-0040,Class C - Exhibitor,Portage,0,3415,0,2026-07-28,7/28/2026,Alaska Wildlife Conservation Center Inc,0,https://aphis.file.force.com/sfc/dist/version/download/?oid=00Dt0000000GyZH&ids=068SJ00001Mu2wn&d=%2Fa%2FSJ00000C2czy%2FUULKkDQinMlmcgqYm4VGLVJb_Dqkvi8vjKWAjFch3H8&asPdf=false,ALASKA WILDLIFE CONSERVATION CENTER  INC.,Alaska,0,99587,ed44958b5fb87c01
21-R-0107,Class R - Research Facility,MANHASSET,0,342,0,2026-07-28,7/28/2026,The Feinstein Institutes For Medical Research,0,https://aphis.file.force.com/sfc/dist/version/download/?oid=00Dt0000000GyZH&ids=068SJ00001MRpxO&d=%2Fa%2FSJ00000BxOO9%2FrkgJElS.FQyoPqnaJkcaMEw7yk4uM3r06364oJvt_wk&asPdf=false,BOAS MARKS BIOMEDICAL SCIENCE,New York,0,11030,6deb79f75618b55f
21-R-0109,Class R - Research Facility,ROCHESTER,0,343,0,2026-08-24,8/24/2026,University Of Rochester,0,https://aphis.file.force.com/sfc/dist/version/download/?oid=00Dt0000000GyZH&ids=068SJ00001QLBlm&d=%2Fa%2FSJ00000CXqyb%2FgITBn0mioePaowpN3rDkuIDR.mMcN033Twe0.DxxAis&asPdf=false,SCHOOL OF MEDICINE AND DENTISTRY,New York,0,14642,9b399ddde46996de
91-C-0039,Class C - Exhibitor,Mead,0,3435,0,2026-07-08,7/8/2026,Cat Tales Inc,0,https://aphis.file.force.com/sfc/dist/version/download/?oid=00Dt0000000GyZH&ids=068SJ00001JfM4S&d=%2Fa%2FSJ00000BWtnp%2FuCaxxak1f_mc7wNwO3XLoyh3IXrUOlzwpmB96T_UKE0&asPdf=false,"Cat Tales, Inc",Washington,0,99021,fbe83765cff02bbd
32-C-0201,Class C - Exhibitor,Fort Wayne,0,34391,0,2026-06-24,6/24/2026,Fort Wayne Zoological Society Inc.,0,https://aphis.file.force.com/sfc/dist/version/download/?oid=00Dt0000000GyZH&ids=068SJ00001I0OfP&d=%2Fa%2FSJ00000BGg0A%2F6ySFZnGlaghGJ_4CT0dPk.JCU3UhFCP_HvS9bJ7_ogI&asPdf=false,"Fort Wayne Zoological Society, Inc",Indiana,0,46808,f299ab52bf2d37da
86-C-0084,Class C - Exhibitor,WINDOW ROCK,0,3446,0,2026-07-16,7/16/2026,Navajo Nation Zoo & Botanical Park,0,https://aphis.file.force.com/sfc/dist/version/download/?oid=00Dt0000000GyZH&ids=068SJ00001KsGTq&d=%2Fa%2FSJ00000Bhl29%2F2I3iYVdUyXPQuXX9JittYJgWV_zgTv9p6ipxo.kerfk&asPdf=false,NAVAJO NATION ZOO AND BOTAN PK,Arizona,0,86515,e86fd24a79e76c75
55-R-0127,Class R - Research Facility,CLAYTON,0,34465,0,2026-07-22,7/22/2026,Grifols Therapeutics LLC,0,https://aphis.file.force.com/sfc/dist/version/download/?oid=00Dt0000000GyZH&ids=068SJ00001Ms0XV&d=%2Fa%2FSJ00000C2AkL%2F.eF99wBc68Inb9Y457cYOPzomvPfajxjzo9hKYtzTDs&asPdf=false,GRIFOLS INC,North Carolina,0,27520,c9e9526984f57dc5
86-C-0117,Class C - Exhibitor,LITCHFIELD PARK,0,3448,0,2026-08-11,8/11/2026,"Wildlife World Zoo, Inc.",0,https://aphis.file.force.com/sfc/dist/version/download/?oid=00Dt0000000GyZH&ids=068SJ00001OgfdP&d=%2Fa%2FSJ00000CK9eX%2FWFooZ4AgfvhRty_lfMNrOjaVZOLvYhMgyoRcnPo3zII&asPdf=false,WILDLIFE WORLD ZOO INC.,Arizona,0,85340,c8eb6515c1ebc81e
86-C-0082,Class C - Exhibitor,PRESCOTT,0,3452,0,2026-07-28,7/28/2026,Prescott Animal Park Association,0,https://aphis.file.force.com/sfc/dist/version/download/?oid=00Dt0000000GyZH&ids=068SJ00001MUG0X&d=%2Fa%2FSJ00000BxsUH%2FSZLiOhlUipIO4CtrdKvB7FBeaZv1Wd7faGsMPvM5dLU&asPdf=false,Prescott Animal Park Association,Arizona,0,86301,a6ad35b1c7ea25c1
21-R-0118,Class R - Research Facility,NEW YORK NEW YORK,0,346,0,2026-06-25,6/25/2026,New York University Washington Square,0,https://aphis.file.force.com/sfc/dist/version/download/?oid=00Dt0000000GyZH&ids=068SJ00001IQ1NN&d=%2Fa%2FSJ00000BK8fx%2FSHeUpPko7YChAtXToMuTOcOpMA.iw0UXmBJy53bwynM&asPdf=false,NEW YORK UNIVERSITY,New York,0,10003,a2abaecbe800c0c1
86-C-0076,Class C - Exhibitor,Valentine,0,3460,0,2026-08-06,8/6/2026,Keepers of the Wild Inc.,1,https://aphis.file.force.com/sfc/dist/version/download/?oid=00Dt0000000GyZH&ids=068SJ00001Nuk99&d=%2Fa%2FSJ00000CCeKX%2FKQ7pz9qx_nnEu2gUYVSKLMGT3ybueVu6Nol7tv2VL9Q&asPdf=false,"Keepers of the Wild, Inc.",Arizona,0,86437,da6c4ec79216d2d2
21-R-0254,Class R - Research Facility,HAMILTON,0,34658,0,2026-07-29,7/29/2026,Colgate University,0,https://aphis.file.force.com/sfc/dist/version/download/?oid=00Dt0000000GyZH&ids=068SJ00001MhkVj&d=%2Fa%2FSJ00000C0LWz%2F0SqmLsvlNcqCGHH8SyuvJA4ZGovzPDJg0MpjzFJIwfI&asPdf=false,COLGATE UNIVERSITY,New York,0,13346,a363559148b5c8d3
92-C-0167,Class C - Exhibitor,GRANTS PASS,0,3469,0,2026-07-14,7/14/2026,Wildlife Images Rehabilitation and Education Center,0,https://aphis.file.force.com/sfc/dist/version/download/?oid=00Dt0000000GyZH&ids=068SJ00001LzRzd&d=%2Fa%2FSJ00000BsREb%2Fe4MfXVqkd4x7qvizTo0bBUJ3uX_Q5kVd39oZH1sSHVU&asPdf=false,Wildlife Images Rehabilitation and Education Center,Oregon,0,97526,c67456728c9fa83c
81-C-0016,Class C - Exhibitor,KALISPELL,0,3480,0,2026-06-16,6/16/2026,"Triple D Game Farm, Inc.",0,https://aphis.file.force.com/sfc/dist/version/download/?oid=00Dt0000000GyZH&ids=068SJ00001GvKlD&d=%2Fa%2FSJ00000B63Mf%2Fw0.YoYAzEzbFFaSWDaV8Bo44sDQ1eap6MKRHendPmzE&asPdf=false,"Triple D Game Farm, Inc.",Montana,0,59901,c6f7db3c4128e4de
85-C-0001,Class C - Exhibitor,ALBUQUERQUE,0,3483,0,2026-07-21,7/21/2026,City of Albuquerque,0,https://aphis.file.force.com/sfc/dist/version/download/?oid=00Dt0000000GyZH&ids=068SJ00001LWwpA&d=%2Fa%2FSJ00000BnrrF%2FyqDRbEUJq3vp1aP15CWaEAnnIXJAMOKpfeehOUKa31o&asPdf=false,ALBUQUERQUE BIOLOGICAL PARK,New Mexico,0,87102,33878afd48223d46
85-C-0005,Class C - Exhibitor,Roswell,0,3487,0,2026-07-08,7/8/2026,Spring River Zoo - City of Roswell,0,https://aphis.file.force.com/sfc/dist/version/download/?oid=00Dt0000000GyZH&ids=068SJ00001JeWx6&d=%2Fa%2FSJ00000BWk4b%2F3wj.4RZj6pjh32JppgWhIqpZLCbtnoPG4jecy2LvN8Y&asPdf=false,Spring River Zoo - City of Roswell,New Mexico,0,88201,754e30a67ee9ad43
22-C-0145,Class C - Exhibitor,Hazlet,0,34875,0,2026-08-20,8/20/2026,Wild Side Enterprises LLC,0,https://aphis.file.force.com/sfc/dist/version/download/?oid=00Dt0000000GyZH&ids=068SJ00001Pi61N&d=%2Fa%2FSJ00000CTh97%2FKCUUuCtq4hER5ubGxjCWNZf0483Z.5XFfBvPamg5Iqw&asPdf=false,Wild Side Enterprises LLC,New Jersey,0,07730,762f8f854e757b4d
85-C-0006,Class C - Exhibitor,CLOVIS,0,3489,0,2026-07-09,7/9/2026,City Of Clovis,2,https://aphis.file.force.com/sfc/dist/version/download/?oid=00Dt0000000GyZH&ids=068SJ00001KSXbf&d=%2Fa%2FSJ00000BdP1p%2FTak1dLlQlgiwlMjHlJ0DMjqIgJJ3pQGEdoBgD_JuLts&asPdf=false,CITY OF CLOVIS,New Mexico,0,88102,d71f8f48ded4a4a1
82-C-0006,Class C - Exhibitor,BOISE,0,3490,0,2026-08-20,8/20/2026,Zoo Boise,0,https://aphis.file.force.com/sfc/dist/version/download/?oid=00Dt0000000GyZH&ids=068SJ00001Q8t33&d=%2Fa%2FSJ00000CWZq9%2FG4N12NCB93PrQMH1bc1DsokXAcCdQ0pBOQc8ZR_RMjI&asPdf=false,Zoo Boise,Idaho,0,83706,ee31d8318b8557d2
84-C-0002,Class C - Exhibitor,DENVER,1,3493,0,2026-06-16,6/16/2026,Denver Zoological Foundation,0,https://aphis.file.force.com/sfc/dist/version/download/?oid=00Dt0000000GyZH&ids=068SJ00001H81kf&d=%2Fa%2FSJ00000B8IMP%2FZj2M7olitlddFjt8gMaIYjkHtIy3SG1RKhzA36SRKWk&asPdf=false,Denver Zoological Foundation,Colorado,0,80205,f3729e5c48b759f3
48-R-0109,Class R - Research Facility,LENEXA,0,35029,0,2026-08-13,8/13/2026,Hennessy Research Associates LLC,0,https://aphis.file.force.com/sfc/dist/version/download/?oid=00Dt0000000GyZH&ids=068SJ00001Oobe7&d=%2Fa%2FSJ00000CLTuX%2Fye_VS_fRV4i_.i_bbtw2v7e8QaL8KIa.o6PSqmcLWm0&asPdf=false,HENNESSY RESEARCH ASSOCIATES L L C,Kansas,0,66214,b6f6b7ff58a764f3
93-C-0013,Class C - Exhibitor,SANTA BARBARA,0,3503,0,2026-07-15,7/15/2026,Santa Barbara Zoological Gardens,0,https://aphis.file.force.com/sfc/dist/version/download/?oid=00Dt0000000GyZH&ids=068SJ00001L2iwU&d=%2Fa%2FSJ00000BjLwP%2FmkR0HU0VI1CadK9_YOcS_LIMjhekqkkhr6UPk3IHeSI&asPdf=false,SANTA BARBARA ZOOLOGICAL FOUNDATION,California,0,93103,5bb4ef7904339a37
84-C-0157,Class C - Exhibitor,Englewood,0,3506,0,2026-07-06,7/6/2026,City of Englewood,0,https://aphis.file.force.com/sfc/dist/version/download/?oid=00Dt0000000GyZH&ids=068SJ00001JGwCo&d=%2Fa%2FSJ00000BSyFq%2FZuQ68j785BqQuhFhBbdsc3oyXwjonzKIKNKp4CIjvPM&asPdf=false,Englewood Farm & Train at Belleview Park,Colorado,0,80110,cd23d6bb071443d5
84-C-0153,Class C - Exhibitor,PUEBLO,1,3507,0,2026-08-05,8/5/2026,Pueblo Zoological Society,0,https://aphis.file.force.com/sfc/dist/version/download/?oid=00Dt0000000GyZH&ids=068SJ00001O8fsg&d=%2Fa%2FSJ00000CEDJR%2FJ.UWarfh2FDgN8EcPW5SDC9lcjx.NvAkYNDHpBwDKXs&asPdf=false,PUEBLO ZOOLOGICAL SOCIETY,Colorado,0,81005,3a94cd148501fd55
93-C-0752,Class C - Exhibitor,Fresno,0,35137,0,2026-07-28,7/28/2026,Fresno's Chaffee Zoo Corporation,0,https://aphis.file.force.com/sfc/dist/version/download/?oid=00Dt0000000GyZH&ids=068SJ00001Mcge5&d=%2Fa%2FSJ00000BzWfl%2F1lkQl6aKNLRjTeGzqQdPL9_70gvr6NfpOXxLF2gf_U8&asPdf=false,Fresno's Chaffee Zoo Corporation,California,0,93728,0b8a1ab09beef47e
43-A-5504,Class A - Breeder,Hamilton,0,35239,0,2026-08-12,8/12/2026,Brenda Rauber,0,https://aphis.file.force.com/sfc/dist/version/download/?oid=00Dt0000000GyZH&ids=068SJ00001OmJf1&d=%2Fa%2FSJ00000CKsgT%2F3SwCtUkr2Vqt17hnrx0eFqD8SJl0Iyjm1MVQwsch.b4&asPdf=false,Brenda Rauber,Missouri,0,64644,d649971aab21a2af
42-A-1638,Class A - Breeder,Bloomfield,0,35301,0,2026-08-26,8/26/2026,Daniel D Yoder,0,https://aphis.file.force.com/sfc/dist/version/download/?oid=00Dt0000000GyZH&ids=068SJ00001QbgP8&d=%2Fa%2FSJ00000Caesr%2FCz0Tfj3zGhHg.ONeJuaLHWDeZnbpHcVAtB2gj7knv48&asPdf=false,Daniel D Yoder,Iowa,0,52537,e8436a8034805bec
93-C-0043,Class C - Exhibitor,LOS ANGELES,0,3532,0,2026-07-13,7/13/2026,Los Angeles Zoo,0,https://aphis.file.force.com/sfc/dist/version/download/?oid=00Dt0000000GyZH&ids=068SJ00001KuXdC&d=%2Fa%2FSJ00000BhqUr%2FSQe6O_79JmveBzYbLhUckiaSgnv4mK8XI3bMXCAgl6I&asPdf=false,Los Angeles Zoo,California,0,90027,c1a44d0dc84ca9a0
93-C-0051,Class C - Exhibitor,Acton,0,3533,0,2026-07-02,7/2/2026,Steve Martin's Working Wildlife,0,https://aphis.file.force.com/sfc/dist/version/download/?oid=00Dt0000000GyZH&ids=068SJ00001JahmI&d=%2Fa%2FSJ00000BVyuP%2FC3wC480VWJesAYWIlGR649JdNU2sc7Ls6wkfWHUaRHo&asPdf=false,Steve Martins Working Wildlife Inc.,California,0,93510,e64a248b15c7aef7
58-C-0688,Class C - Exhibitor,Saint Augustine,0,3540,0,2026-08-11,8/11/2026,Soul of the Wolf,0,https://aphis.file.force.com/sfc/dist/version/download/?oid=00Dt0000000GyZH&ids=068SJ00001OSHPf&d=%2Fa%2FSJ00000CHea1%2FxE0jijeNWiQffgR85OVgL9M5vG9vxyNb5MD75bOWfjw&asPdf=false,Soul of the Wolf,Florida,0,32092,60254a7c86bc91d9
74-C-0830,Class C - Exhibitor,Pipecreek,0,3541,0,2026-07-22,7/22/2026,Bill Rivers,1,https://aphis.file.force.com/sfc/dist/version/download/?oid=00Dt0000000GyZH&ids=068SJ00001M1B9P&d=%2Fa%2FSJ00000BsvCf%2FbUoqPkN23fDWlnw_OYTOKxEo7Q4t06nrWikzfZdCwZ4&asPdf=false,Bill Rivers,Texas,0,78063,c388e2fc328e577a
93-C-0069,Class C - Exhibitor,SAN DIEGO,0,3549,0,2026-06-30,6/30/2026,Sea World LLC,2,https://aphis.file.force.com/sfc/dist/version/download/?oid=00Dt0000000GyZH&ids=068SJ00001Ku0as&d=%2Fa%2FSJ00000BhohZ%2F3VnjysWmztNaRRRTiebjmf68DW1KV6gRor1JECfd0.M&asPdf=false,"SEA WORLD, L.L.C.",California,0,92109,9289751a912b8c36
93-C-0069,Class C - Exhibitor,SAN DIEGO,0,3549,0,2026-07-01,7/1/2026,Sea World LLC,0,https://aphis.file.force.com/sfc/dist/version/download/?oid=00Dt0000000GyZH&ids=068SJ00001JfvtM&d=%2Fa%2FSJ00000BWwP7%2FFJg8Ipad..sFXK4JDglEjb.0rZ9okuouyR7Z4fETa4s&asPdf=false,"SEA WORLD, L.L.C.",California,0,92109,304a5660e3a1d34d
93-C-0412,Class C - Exhibitor,PALMDALE,0,3550,0,2026-08-05,8/5/2026,Cathy Pittman Gregg Pittman,0,https://aphis.file.force.com/sfc/dist/version/download/?oid=00Dt0000000GyZH&ids=068SJ00001NrVho&d=%2Fa%2FSJ00000CBzE9%2F5RUBDIJE.EfsT709lyGy8AwxMiaUhZ1nMruMAfBfuMY&asPdf=false,GREGG & CATHY PITTMAN,California,0,93551,edd94e1d87cb5c20
93-C-0411,Class C - Exhibitor,San Mateo,0,3552,0,2026-07-08,7/8/2026,CuriOdyssey,0,https://aphis.file.force.com/sfc/dist/version/download/?oid=00Dt0000000GyZH&ids=068SJ00001JxQJT&d=%2Fa%2FSJ00000BZfjW%2FP75Fp.TxbeVq47tJUJVXLVPPXuBNtv7FTtu2apOXiPQ&asPdf=false,Curi Odyssey,California,0,94401,0963444effbb801d
93-C-1224,Class C - Exhibitor,Big Bear Lake,0,3553,0,2026-08-12,8/12/2026,Big Bear Alpine Zoo,0,https://aphis.file.force.com/sfc/dist/version/download/?oid=00Dt0000000GyZH&ids=068SJ00001OnXeL&d=%2Fa%2FSJ00000CL5nN%2Fu0.QymWjlI9cpgTnVpUzwUSNe6tBSMh86HB8eKx0Cm4&asPdf=false,Big Bear Alpine Zoo,California,0,92315,c6e91ac82176c17c
93-C-0097,Class C - Exhibitor,Acton,0,3556,0,2026-07-08,7/8/2026,Roar Foundation,0,https://aphis.file.force.com/sfc/dist/version/download/?oid=00Dt0000000GyZH&ids=068SJ00001JrUsa&d=%2Fa%2FSJ00000BYgo5%2F6pb2BkFTtma3ZmADDmGKJNqBi64uetofstLeH4AAkLs&asPdf=false,Roar Foundation,California,0,93510,5e35fbee0b42e245
93-C-0101,Class C - Exhibitor,Santa Ana,0,3557,0,2026-07-01,7/1/2026,City of Santa Ana,0,https://aphis.file.force.com/sfc/dist/version/download/?oid=00Dt0000000GyZH&ids=068SJ00001JbXkp&d=%2Fa%2FSJ00000BW74r%2FERJadiVqYIJstAy2Wm7Ice1SKaCXvWNhB24ImXPIFoE&asPdf=false,City of Santa Ana,California,0,92701,342264f49812a355
93-C-0101,Class C - Exhibitor,Santa Ana,0,3557,0,2026-07-11,7/11/2026,City of Santa Ana,0,https://aphis.file.force.com/sfc/dist/version/download/?oid=00Dt0000000GyZH&ids=068SJ00001KB7dF&d=%2Fa%2FSJ00000Banwj%2Fsdxm4UlFyng_kk7pabZhjfRAwNM3ISdZegIil1mGq5M&asPdf=false,City of Santa Ana,California,0,92701,706cfe243eb569a7
47-A-0590,Class A - Breeder,Walthill,0,35579,0,2026-06-15,6/15/2026,Butch Olseth,0,https://aphis.file.force.com/sfc/dist/version/download/?oid=00Dt0000000GyZH&ids=068SJ00001HTvwx&d=%2Fa%2FSJ00000BBFIL%2FEh2Uc4WW.sc2sfbV8QNkMhCW5ycmZMy0bWL2cVnxurY&asPdf=false,Butch Olseth,Nebraska,0,68067,60ba236723bee139
43-A-4793,Class A - Breeder,Edwards,0,35587,0,2026-06-24,6/24/2026,Brenda Arnett,0,https://aphis.file.force.com/sfc/dist/version/download/?oid=00Dt0000000GyZH&ids=068SJ00001I1iIu&d=%2Fa%2FSJ00000BH9N7%2FVI22hf0txI4HIe8ykhfIe1G3k32pLRktWWW4.MZulNM&asPdf=false,Brenda Arnett,Missouri,0,65326,363af58f781440ea
93-C-0416,Class C - Exhibitor,PASO ROBLES,0,3569,0,2026-07-01,7/1/2026,Conservation Ambassadors Inc,1,https://aphis.file.force.com/sfc/dist/version/download/?oid=00Dt0000000GyZH&ids=068SJ00001JpyZy&d=%2Fa%2FSJ00000BYNWv%2Fx2cQhRq580S9pciw4TbxAc0WNH9rdcu8lCqEMZotJ1M&asPdf=false,"CONSERVATION AMBASSADORS, INC.",California,0,93447,17a74e670f3d9646
93-C-1184,Class C - Exhibitor,COSTA MESA,0,3572,0,2026-08-13,8/13/2026,Orange County Superintendent Of Schools,1,https://aphis.file.force.com/sfc/dist/version/download/?oid=00Dt0000000GyZH&ids=068SJ00001PKaTV&d=%2Fa%2FSJ00000CQBwz%2FUU9yqPybCCcn0XkQBOcWm9KcNM123xun.y2.KVXk4c8&asPdf=false,Orange County Superintendent Of Schools,California,0,92628,fee2aebcc64f1381
43-B-3772,Class B - Dealer,CAULFIELD,0,35723,0,2026-07-14,7/14/2026,Scott Harper,0,https://aphis.file.force.com/sfc/dist/version/download/?oid=00Dt0000000GyZH&ids=068SJ00001MDQlv&d=%2Fa%2FSJ00000BuTqb%2FnQlPe3LEP2a6dPkLkngFu8Ht.t1AkovcMTGsyna_Eq0&asPdf=false,SCOTT HARPER,Missouri,0,65626,0cd576f7b8d181f1
56-C-0285,Class C - Exhibitor,Lamar,0,35760,0,2026-08-13,8/13/2026,Gail Mirabella,6,https://aphis.file.force.com/sfc/dist/version/download/?oid=00Dt0000000GyZH&ids=068SJ00001Pqv6a&d=%2Fa%2FSJ00000CUp9S%2F1HVC4_P8pbynKihJvJ61mWPdIq2ZvlQzYcLjaOTctME&asPdf=false,Gail Mirabella,South Carolina,0,29069,9c3feae93a84098b
57-B-0146,Class B - Dealer,Sulphur,0,35765,0,2026-07-08,7/8/2026,Sun Pet Ltd,0,https://aphis.file.force.com/sfc/dist/version/download/?oid=00Dt0000000GyZH&ids=068SJ00001Jqyhb&d=%2Fa%2FSJ00000BYdtR%2FJfQO87DD7zzfk0CYhGNA4HtIceFbAyDwIim6cVDz0IM&asPdf=false,Sun Pet Ltd,Oklahoma,0,73086,d27f801d20009299
57-B-0146,Class B - Dealer,Atlanta,0,35765,0,2026-07-13,7/13/2026,Sun Pet Ltd,0,https://aphis.file.force.com/sfc/dist/version/download/?oid=00Dt0000000GyZH&ids=068SJ00001KRaGM&d=%2Fa%2FSJ00000BcyKz%2F_xbfs9AIYxL2O.J8iDMS2Bta4PB6G9z3BGA22yWkbfQ&asPdf=false,Sun Pet Ltd,Georgia,0,30354,34c1c3bc2f4b4c8d
57-B-0146,Class B - Dealer,West Haven,0,35765,0,2026-07-16,7/16/2026,Sun Pet Ltd,0,https://aphis.file.force.com/sfc/dist/version/download/?oid=00Dt0000000GyZH&ids=068SJ00001KxhwQ&d=%2Fa%2FSJ00000BiCAV%2FHEyL2A96yVCEt1yQzyYegWbg23M2qlmgUAkHXZzx5Oc&asPdf=false,Sun Pet Ltd,Connecticut,0,06516,8e9226f906614984
93-C-0164,Class C - Exhibitor,WALNUT CREEK,0,3582,0,2026-07-08,7/8/2026,Lindsay Wildlife Experience,0,https://aphis.file.force.com/sfc/dist/version/download/?oid=00Dt0000000GyZH&ids=068SJ00001KhZLA&d=%2Fa%2FSJ00000Bg28j%2Fln7W6yobwsUXn_c.49cm937aCYTLAgpednKvk9X2V8w&asPdf=false,LINDSAY WILDLIFE EXPERIENCE,California,0,94597,4e0df5cf520f8df5
93-C-0237,Class C - Exhibitor,San Bernardino,0,3599,0,2026-07-07,7/7/2026,Jungle Exotics,0,https://aphis.file.force.com/sfc/dist/version/download/?oid=00Dt0000000GyZH&ids=068SJ00001Jqs7f&d=%2Fa%2FSJ00000BYdrp%2F9GdAuNgvT4KV4Qz9Po9ppio2rTcPJmzZoHYU6DCLSRs&asPdf=false,Jungle Exotics,California,0,92407,afbe86ab8f705249
35-C-0424,Class C - Exhibitor,Bayside,0,35997,0,2026-07-28,7/28/2026,Schlitz Audubon Nature Center,0,https://aphis.file.force.com/sfc/dist/version/download/?oid=00Dt0000000GyZH&ids=068SJ00001MX7iK&d=%2Fa%2FSJ00000By9lF%2F7rzfLKauVewiMqr8s0X23.c5v8PKcSR__rBrF.T3ct8&asPdf=false,Schlitz Audubon Nature Center,Wisconsin,0,53217,1a1337be3d4c62ad
71-A-1144,Class A - Breeder,Roland,0,36067,0,2026-06-18,6/18/2026,Wayne Sluder,0,https://aphis.file.force.com/sfc/dist/version/download/?oid=00Dt0000000GyZH&ids=068SJ00001H7ukl&d=%2Fa%2FSJ00000B8C2T%2FxOZIjUmaXErrmkcfzDzfCc.ypJeq7qqvKImjUY_VjFA&asPdf=false,Wayne Sluder,Arkansas,0,72135,0e46cb737282a3c3
93-C-0389,Class C - Exhibitor,Crescent City,0,3611,0,2026-07-14,7/14/2026,Mary Wilson,0,https://aphis.file.force.com/sfc/dist/version/download/?oid=00Dt0000000GyZH&ids=068SJ00001KcZFF&d=%2Fa%2FSJ00000Beoqz%2FP_68fTneJXI94.1pbSeFslsORDTIqfZ1t40ENzGDK4E&asPdf=false,Mary Wilson,California,0,95531,0f475e07c589ebb1
93-C-0886,Class C - Exhibitor,ORLANDO,0,3617,0,2026-08-04,8/4/2026,Birds & Animals Unlimited,1,https://aphis.file.force.com/sfc/dist/version/download/?oid=00Dt0000000GyZH&ids=068SJ00001Nk0va&d=%2Fa%2FSJ00000CAqfx%2F0U6Es_FFRIwBGk0oB4OIKnFOgIxlC0Dc4x7a9nJi9h4&asPdf=false,BIRDS & ANIMALS UNLIMITED,Florida,0,32819,82c1d64cde08269c
32-C-0240,Class C - Exhibitor,Indianapolis,0,36282,0,2026-07-23,7/23/2026,Dawn VanDeman,0,https://aphis.file.force.com/sfc/dist/version/download/?oid=00Dt0000000GyZH&ids=068SJ00001Lpg3x&d=%2Fa%2FSJ00000Bqq7R%2FadNoSCBvxWjCns53UWtXZgaNnQJGOAKBlRDxKG7Fm9w&asPdf=false,Dawn VanDeman,Indiana,0,46227,5db69853403f58a4
32-C-0240,Class C - Exhibitor,Indianapolis,0,36282,0,2026-07-23,7/23/2026,Dawn VanDeman,0,https://aphis.file.force.com/sfc/dist/version/download/?oid=00Dt0000000GyZH&ids=068SJ00001LpoKr&d=%2Fa%2FSJ00000BqdlN%2FPcuFqqAD2lYuAqq2kk2QBKWhUBVTpeey.p6wO3rNSWE&asPdf=false,Eagle Creek Earth Discovery Center,Indiana,0,46254,181935b90344d227
58-C-1015,Class C - Exhibitor,WIMAUMA,0,36305,0,2026-08-12,8/12/2026,Elmira's Wildlife Sanctuary Inc,0,https://aphis.file.force.com/sfc/dist/version/download/?oid=00Dt0000000GyZH&ids=068SJ00001OlxCv&d=%2Fa%2FSJ00000CKiSb%2F.1jVI5SYKTvApHVd0T6ENQm09Cm_jozNjSNTJsVzXlE&asPdf=false,Elmira's Wildlife Sanctuary Inc,Florida,0,33598,9a99fafc170c9518
58-C-1052,Class C - Exhibitor,Navarre,0,36333,0,2026-07-15,7/15/2026,Emerald Coast Wildlife Refuge,0,https://aphis.file.force.com/sfc/dist/version/download/?oid=00Dt0000000GyZH&ids=068SJ00001Kh8eU&d=%2Fa%2FSJ00000BfuEP%2F.q9cuNHW.PEIzIXIh_BlvSVBsmXw.tBJarN3ZB6kt5Y&asPdf=false,Emerald Coast Wildlife Refuge,Florida,0,32566,320e64fa5467dbc9
73-A-2403,Class A - Breeder,WEATHERFORD,0,36362,0,2026-08-11,8/11/2026,Matt Pugh,0,https://aphis.file.force.com/sfc/dist/version/download/?oid=00Dt0000000GyZH&ids=068SJ00001OmlY1&d=%2Fa%2FSJ00000CKvXt%2FEpZ170_tjNff2pHEVgDAtZRhxvBq9w0_tlnorp4Q9mU&asPdf=false,MATT PUGH,Oklahoma,0,73096,12e0a73b651ebb4a
58-B-0469,Class B - Dealer,West Palm Beach,0,36400,0,2026-08-19,8/19/2026,The Tropical Rain Forest Preserve Inc,3,https://aphis.file.force.com/sfc/dist/version/download/?oid=00Dt0000000GyZH&ids=068SJ00001Q9Xwo&d=%2Fa%2FSJ00000CWmYr%2FFM_B.Yw.Zfc69QdShN_pbCcYqK0BPq1pqQMF8OeeNu0&asPdf=false,The Tropical Rain Forest Preserve Inc,Florida,0,33413,99248351db3098b6
93-C-0040,Class C - Exhibitor,San Diego,0,3648,0,2026-06-23,6/23/2026,Zoological Society Of San Diego,0,https://aphis.file.force.com/sfc/dist/version/download/?oid=00Dt0000000GyZH&ids=068SJ00001IijJg&d=%2Fa%2FSJ00000BNoIj%2FPRhhbWkRwCjrwp2aFUE55DyIxxBF0dAwlfgBEpSem_c&asPdf=false,Zoological Society of San Diego,California,0,92101,8e7ffc3824626545
93-C-0040,Class C - Exhibitor,Escondido,0,3648,0,2026-07-21,7/21/2026,Zoological Society Of San Diego,0,https://aphis.file.force.com/sfc/dist/version/download/?oid=00Dt0000000GyZH&ids=068SJ00001LdNWf&d=%2Fa%2FSJ00000BokxN%2F3tFRkXpo1VM.dP.e01AJbjnbe4oSDOF1hSm24Ri7_1o&asPdf=false,Zoological Society of San Diego,California,0,92027,8be14991de0d18d5
31-R-0121,Class R - Research Facility,AKRON,0,36534,0,2026-07-16,7/16/2026,The University of Akron,0,https://aphis.file.force.com/sfc/dist/version/download/?oid=00Dt0000000GyZH&ids=068SJ00001KtmmX&d=%2Fa%2FSJ00000BhpVZ%2FqzATz24uf3kefOFNaiLVZIrC32tgTW6RQQ_z.nrNcBc&asPdf=false,"UNIVERSITY OF AKRON, DEPARTMENT OF BIOLOGY",Ohio,0,44325,45c98b9d652e144f
84-C-0048,Class C - Exhibitor,Gardner,0,3661,0,2026-08-04,8/4/2026,Mission: Wolf,0,https://aphis.file.force.com/sfc/dist/version/download/?oid=00Dt0000000GyZH&ids=068SJ00001NPVG8&d=%2Fa%2FSJ00000Ck79F%2FU6UX.rY56qgfcFMJIIg0QA2ZAtQVXAqCnV8X0pWbWho&asPdf=false,Mission: Wolf,Colorado,0,81040,79e64848d94405a7
56-C-0255,Class C - Exhibitor,Pendleton,0,36612,0,2026-06-10,6/10/2026,Wildlife Rehab of Greenville,0,https://aphis.file.force.com/sfc/dist/version/download/?oid=00Dt0000000GyZH&ids=068SJ00001GNVJA&d=%2Fa%2FSJ00000B0hBV%2Fgibteb0LaCLuJ2jzS1CBGZUmhOvvdVWgUhtsh3tQoSk&asPdf=false,Wildlife Rehab of Greenville - Sara Summers-Hoskin,South Carolina,0,29670,e9346373542a9739
93-T-0727,Class T - Carrier,SAN FRANCISCO,0,36655,0,2026-07-28,7/28/2026,Qantas Airways Limited,0,https://aphis.file.force.com/sfc/dist/version/download/?oid=00Dt0000000GyZH&ids=068SJ00001Mwi0I&d=%2Fa%2FSJ00000Cju5Z%2FJhm2xSbER4RaOT.98CosaEIsdy3fLEszO_g.CM0qplc&asPdf=false,SFO-Qantas Airways Limited,California,0,94128,b8e61993cde12f3e
93-C-1161,Class C - Exhibitor,JULIAN,0,3666,0,2026-08-05,8/5/2026,California Wolf Center,0,https://aphis.file.force.com/sfc/dist/version/download/?oid=00Dt0000000GyZH&ids=068SJ00001NrOD7&d=%2Fa%2FSJ00000CBovR%2FWb8OPMf0aPrXiJVEmQVr2a3C9EH9kTnWgg4c1GX2Ap4&asPdf=false,California Wolf Center,California,0,92036,d8514ba8407984b8
63-C-0175,Class C - Exhibitor,Joelton,0,36800,0,2026-06-23,6/23/2026,Walden's Puddle Wildlife Center of Greater Nashville,0,https://aphis.file.force.com/sfc/dist/version/download/?oid=00Dt0000000GyZH&ids=068SJ00001HfdY6&d=%2Fa%2FSJ00000BDYf3%2FKbNrlaByaDq2KIKP93Yq.NBOrVL1Dy3WRdZIzokYS9o&asPdf=false,Waldens Puddle Center of Greater Nashville,Tennessee,0,37080,cba8f3d8fdb55503
43-A-5553,Class A - Breeder,GREEN CASTLE,0,36830,0,2026-06-17,6/17/2026,Angela Fields,0,https://aphis.file.force.com/sfc/dist/version/download/?oid=00Dt0000000GyZH&ids=068SJ00001H5Bry&d=%2Fa%2FSJ00000B7gSP%2Fad1tNTLVK4F3QEljLWaLF7YfzuXE.2ShfmR6ep_GXkw&asPdf=false,ANGELA FIELDS,Missouri,0,63544,ffa677fedd372285
43-A-5553,Class A - Breeder,GREEN CASTLE,0,36830,0,2026-08-17,8/17/2026,Angela Fields,1,https://aphis.file.force.com/sfc/dist/version/download/?oid=00Dt0000000GyZH&ids=068SJ00001PRdD9&d=%2Fa%2FSJ00000CRMLh%2FK1degqdK7hEKg4cx2oseYueT0G7Pb8A_E0vGHqXo9Qc&asPdf=false,ANGELA FIELDS,Missouri,0,63544,bf6333299407c7b8
92-C-0201,Class C - Exhibitor,Salem,0,3686,0,2026-07-06,7/6/2026,Molly Schaefer,0,https://aphis.file.force.com/sfc/dist/version/download/?oid=00Dt0000000GyZH&ids=068SJ00001JZuli&d=%2Fa%2FSJ00000BVrL3%2Fbi0H9c4ss.iN2Nmk5zOt2i5BmOPfVlIBIgORbGIMOBc&asPdf=false,Molly Schaefer,Oregon,0,97305,8f98895e97991105
23-B-0020,Class B - Dealer,OTTSVILLE,0,369,0,2026-08-07,8/7/2026,Lampire Biological Laboratories Inc,0,https://aphis.file.force.com/sfc/dist/version/download/?oid=00Dt0000000GyZH&ids=068SJ00001OIeGu&d=%2Fa%2FSJ00000CFkOb%2Fq0ARQSIYdwv1AWAkcu3kq3T5iBnkd7aaXiC_WG65Xcs&asPdf=false,LAMPIRE BIOLOGICAL LABORATORIES,Pennsylvania,0,18942,8f068e85bda822b9
23-B-0020,Class B - Dealer,PIPERSVILLE,0,369,0,2026-08-07,8/7/2026,Lampire Biological Laboratories Inc,0,https://aphis.file.force.com/sfc/dist/version/download/?oid=00Dt0000000GyZH&ids=068SJ00001OIfTM&d=%2Fa%2FSJ00000CFlZB%2FwgIlyiqbFULBRDPMN0ni92oRZFBorrA9WnEfx23C7Hg&asPdf=false,LAMPIRE BIOLOGICAL LABORATORIES,Pennsylvania,0,18947,1ce0259ffd27b1c8
43-A-5422,Class A - Breeder,Rutledge,0,36977,0,2026-08-12,8/12/2026,Anna Mae Good,0,https://aphis.file.force.com/sfc/dist/version/download/?oid=00Dt0000000GyZH&ids=068SJ00001Q43b0&d=%2Fa%2FSJ00000CWDsr%2FwF7TYqfXWH4LXeHjf.qF3Ez2vPfrlUCMOXDoLVeiae8&asPdf=false,Anna Mae Good,Missouri,0,63563,8740f46c4c9c20c1
93-C-0822,Class A - Breeder,STUDIO CITY,0,3699,0,2026-07-31,7/31/2026,Arthur Fuss,0,https://aphis.file.force.com/sfc/dist/version/download/?oid=00Dt0000000GyZH&ids=068SJ00001Nhw9R&d=%2Fa%2FSJ00000CA9MT%2FzXmNfA3sINUXS_MJMF0qleLTYIyBsDFdU1Yfa2UpUHo&asPdf=false,AUTHUR FUSS,California,0,91604,d07c8b43d8040bf5
81-C-0026,Class C - Exhibitor,West Yellowstone,0,3715,0,2026-07-14,7/14/2026,Grizzly and Wolf Discovery Center Inc.,0,https://aphis.file.force.com/sfc/dist/version/download/?oid=00Dt0000000GyZH&ids=068SJ00001KdrJr&d=%2Fa%2FSJ00000Bf5Wr%2FdBLI2XoRPLDnUWG6iuTj7KDBVLJf..df1mjdmlqzH40&asPdf=false,"Grizzly Discovery Center, Inc",Montana,0,59758,16d66aff535f1cfc
43-A-4887,Class A - Breeder,CLARK,0,37198,0,2026-06-22,6/22/2026,Samuel S Beachy,0,https://aphis.file.force.com/sfc/dist/version/download/?oid=00Dt0000000GyZH&ids=068SJ00001HfsiD&d=%2Fa%2FSJ00000BDTlq%2FMSmQaptwehp4wgw1peEgGwemfUVNOUYs7ju7Axs0LvQ&asPdf=false,SAMUEL S. BEACHY,Missouri,0,65243,fc8132183ba152f5
43-A-4887,Class A - Breeder,CLARK,0,37198,0,2026-08-27,8/27/2026,Samuel S Beachy,0,https://aphis.file.force.com/sfc/dist/version/download/?oid=00Dt0000000GyZH&ids=068SJ00001RxUMC&d=%2Fa%2FSJ00000CnQCB%2Fb6MYnF6Z1fXUwr7S8pdHonuHWVzsOP2eLFB.Kqm..b0&asPdf=false,SAMUEL S. BEACHY,Missouri,0,65243,3a46e955bd95a515
63-R-0119,Class R - Research Facility,MARTIN,0,37207,0,2026-06-16,6/16/2026,University of Tennessee - Martin,0,https://aphis.file.force.com/sfc/dist/version/download/?oid=00Dt0000000GyZH&ids=068SJ00001Gy7gS&d=%2Fa%2FSJ00000B6hyP%2F6USwUaUziiYcSJTLjOXNW5dsk6SXOPwbIiZeRYsJdfU&asPdf=false,University of Tennessee - Martin,Tennessee,0,38238,55adc44c5a6eb605
57-C-0292,Class C - Exhibitor,LITHONIA,0,37241,0,2026-08-18,8/18/2026,Atlanta Wild Animal Rescue Effort Inc,2,https://aphis.file.force.com/sfc/dist/version/download/?oid=00Dt0000000GyZH&ids=068SJ00001RNHEu&d=%2Fa%2FSJ00000Chv5l%2F0xN8Jsct.gPlyHCSwDKe9t7k7Z.OF_Cj5NhN5ni1pKo&asPdf=false,Atlanta Wild Animal Rescue Effort Inc,Georgia,0,30038,ffb9689cb6185759
43-C-0354,Class C - Exhibitor,Valley Park,0,37267,0,2026-08-26,8/26/2026,World Bird Sanctuary,0,https://aphis.file.force.com/sfc/dist/version/download/?oid=00Dt0000000GyZH&ids=068SJ00001QZzas&d=%2Fa%2FSJ00000Caa7h%2FIl0G0SlMOUAZctqXSwM_sc.9SfyuUdwHQg.Xulqjsbs&asPdf=false,World Bird Sanctuary,Missouri,0,63088,e56d89ab7454bfa3
33-R-0137,Class R - Research Facility,CHARLESTON,0,37323,0,2026-06-15,6/15/2026,Eastern Illinois University,0,https://aphis.file.force.com/sfc/dist/version/download/?oid=00Dt0000000GyZH&ids=068SJ00001Gdp9J&d=%2Fa%2FSJ00000B2yTB%2FvKf5tC4QtDExGzTuj1U3Rf19WTM7R_6qJCoHl.xEKH8&asPdf=false,EASTERN ILLINOIS UNIVERSITY,Illinois,0,61920,f090a87b8d59d5de
41-C-0260,Class C - Exhibitor,CLEAR LAKE,0,37334,0,2026-06-30,6/30/2026,ECI Inc,0,https://aphis.file.force.com/sfc/dist/version/download/?oid=00Dt0000000GyZH&ids=068SJ00001Ijpeh&d=%2Fa%2FSJ00000BNyZp%2F6bV8m6_0ujiyxwUSW5U8UmEqI36vy0kKf9Getnlb_lc&asPdf=false,ECI Inc,Minnesota,0,55319,31df4491bbed46d6
48-A-1993,Class A - Breeder,SCANDIA,0,37435,0,2026-08-04,8/4/2026,Kayann Herrman,0,https://aphis.file.force.com/sfc/dist/version/download/?oid=00Dt0000000GyZH&ids=068SJ00001NgDMd&d=%2Fa%2FSJ00000C9xrZ%2FyVy9F2zT3wWrmSRYxt7mKlEUfIz270LMEWb8bpAWkq0&asPdf=false,Kayann Herrman,Kansas,0,66966,a4dbdcb5a152cf94
46-A-0414,Class A - Breeder,White Lake,0,37518,0,2026-08-20,8/20/2026,Barb Beckmann,0,https://aphis.file.force.com/sfc/dist/version/download/?oid=00Dt0000000GyZH&ids=068SJ00001Ppo4H&d=%2Fa%2FSJ00000CUpm9%2Fz.iJLp6C.jrai_ml6WaykW4sa8_k7Wt3xfmXwgUr6wY&asPdf=false,Barb Beckmann,South Dakota,0,57383,8fe93aa3ba1c473b
85-C-0034,Class C - Exhibitor,RAMAH,0,3752,0,2026-08-20,8/20/2026,Wild Spirit Wolf Sanctuary,0,https://aphis.file.force.com/sfc/dist/version/download/?oid=00Dt0000000GyZH&ids=068SJ00001Pom4B&d=%2Fa%2FSJ00000CUXNp%2FuupaE5HJ9heeSKbC.0YslLdXX2J0wx7Mc8w7jaGU9SA&asPdf=false,WILD SPIRIT WOLF SANCTUARY,New Mexico,0,87321,bc8446444dbd0709
85-C-0015,Class C - Exhibitor,EDGEWOOD,0,3754,0,2026-07-22,7/22/2026,New Mexico Wildlife Association,2,https://aphis.file.force.com/sfc/dist/version/download/?oid=00Dt0000000GyZH&ids=068SJ00001LsEL4&d=%2Fa%2FSJ00000BrXp7%2FZbALilHN6HegWUVSTa6aLBhHFGPyJtLvaZ.ao7ol1lc&asPdf=false,NEW MEXICO WILDLIFE ASSOC.,New Mexico,0,87015,812bcf43af33083a
55-C-0237,Class C - Exhibitor,Chimney Rock,0,37577,0,2026-08-19,8/19/2026,Chimney Rock Management LLC,0,https://aphis.file.force.com/sfc/dist/version/download/?oid=00Dt0000000GyZH&ids=068SJ00001PgEix&d=%2Fa%2FSJ00000CTUDV%2F8hQcDrpsvPXGAnJu3yEcn8zlvM4cHNyAGg9mknpGyUE&asPdf=false,Chimney Rock Management LLC,North Carolina,0,28720,0f094ca8873ae496
57-C-0238,Class C - Exhibitor,STATESBORO,0,37673,0,2026-07-23,7/23/2026,Georgia Southern University,0,https://aphis.file.force.com/sfc/dist/version/download/?oid=00Dt0000000GyZH&ids=068SJ00001LzqyB&d=%2Fa%2FSJ00000BsPmP%2FQXfhcyiJ7tfzTpCcsY.0PzzhE.P.1cBcLSGidtdjbqM&asPdf=false,GEORGIA SOUTHERN UNIVERSITY,Georgia,0,30460,b9f917b6f2251e41
43-A-4957,Class A - Breeder,Buffalo,0,37675,0,2026-07-29,7/29/2026,Verla Blosser,0,https://aphis.file.force.com/sfc/dist/version/download/?oid=00Dt0000000GyZH&ids=068SJ00001Mjztd&d=%2Fa%2FSJ00000C0gJh%2F.ZkSbUFLVFAScYIXFzfFdBrBHADaCoapyomlmeOnm20&asPdf=false,Verla Blosser,Missouri,0,65622,2049880010704e92
93-C-0618,Class C - Exhibitor,SAUSALITO,0,3768,0,2026-07-01,7/1/2026,The Marine Mammal Center,0,https://aphis.file.force.com/sfc/dist/version/download/?oid=00Dt0000000GyZH&ids=068SJ00001InGFL&d=%2Fa%2FSJ00000BOhWv%2FFrMjD4Ao221svddQh3dh_h7RMVu5qaLW.HHLZspYOyk&asPdf=false,THE MARINE MAMMAL CENTER,California,0,94965,8462d05d9d8d64e2
93-C-0496,Class C - Exhibitor,Coarsegold,0,3773,0,2026-06-24,6/24/2026,The Nature of Wildworks Inc.,0,https://aphis.file.force.com/sfc/dist/version/download/?oid=00Dt0000000GyZH&ids=068SJ00001Hyu5E&d=%2Fa%2FSJ00000BGRIr%2FO3GtMhestqhSzixEq3WTj4K1_iSed78ESLBROJ38dkg&asPdf=false,The Nature of WIldworks,California,0,93164,695bdbd23cc3dbad
92-C-0179,Class C - Exhibitor,WHITE CITY,0,3774,0,2026-07-13,7/13/2026,Serengeti Ranch Company LLC,0,https://aphis.file.force.com/sfc/dist/version/download/?oid=00Dt0000000GyZH&ids=068SJ00001LzZPK&d=%2Fa%2FSJ00000BsJaR%2FhYF5aFPhgfVMu0p56hOL0DJUUy7JfDmEEMx1_xpIE1Y&asPdf=false,Serengeti Ranch LLC,Oregon,0,97503,935387e2efedc6f7
93-C-0977,Class C - Exhibitor,LUCERNE VALLEY,0,3790,0,2026-07-07,7/7/2026,Wolf Mountain Sanctuary,0,https://aphis.file.force.com/sfc/dist/version/download/?oid=00Dt0000000GyZH&ids=068SJ00001JpGna&d=%2Fa%2FSJ00000BYLJp%2F7AfNIM70a5niZ6NbM4_ofASDEH.agbdIbYETB5FjL7E&asPdf=false,WOLF MOUNTAIN SANCTUARY,California,0,92356,fdd32376d71ca8a9
22-C-0103,Class C - Exhibitor,Medford,0,38051,0,2026-06-16,6/16/2026,Woodford Cedar Run Wildlife Refuge,0,https://aphis.file.force.com/sfc/dist/version/download/?oid=00Dt0000000GyZH&ids=068SJ00001GqYSF&d=%2Fa%2FSJ00000B5JRt%2Flu6C1HSryQYMCazIfNCsjdbCED2szAfNXxLNG5k3wFk&asPdf=false,Woodford Cedar Run Wildlife Refuge,New Jersey,0,08055,7d6c073611caf85f
71-R-0115,Class R - Research Facility,NORTH LITTLE ROCK,0,38092,0,2026-07-15,7/15/2026,Direct Action Resource Center,2,https://aphis.file.force.com/sfc/dist/version/download/?oid=00Dt0000000GyZH&ids=068SJ00001L1bM2&d=%2Fa%2FSJ00000BjAmT%2F0d8qZ6JrT2y2QP4CR1DsPA0vv8fOTTEtBYvUU3YT9c8&asPdf=false,DIRECT ACTION RESOURCE CENTER,Arkansas,0,72117,492063ab20933ba2
35-C-0399,Class C - Exhibitor,Union Grove,0,38124,0,2026-07-28,7/28/2026,Steve Pulera,0,https://aphis.file.force.com/sfc/dist/version/download/?oid=00Dt0000000GyZH&ids=068SJ00001MaacY&d=%2Fa%2FSJ00000BysC5%2F.FLe9xoqNi4mM2QzoNmTCW6OL_kP3o7nVfrbEy61WBg&asPdf=false,Steve Pulera,Wisconsin,0,53182,4d25499626c7c000
96-R-0006,Class R - Research Facility,ANCHORAGE,0,38530,0,2026-07-22,7/22/2026,University Of Alaska - Anchorage,0,https://aphis.file.force.com/sfc/dist/version/download/?oid=00Dt0000000GyZH&ids=068SJ00001Li8K4&d=%2Fa%2FSJ00000BpopF%2FpnZ.dzK7N7bozZYzvNHf6DMRK6LxqTttrnXGUpPG26U&asPdf=false,UNIVERSITY OF ALASKA - ANCHORAGE,Alaska,0,99508,7a74e568314b0aa8
58-C-0788,Class C - Exhibitor,Myakka City,0,3883,0,2026-06-25,6/25/2026,Georgina Donoho,0,https://aphis.file.force.com/sfc/dist/version/download/?oid=00Dt0000000GyZH&ids=068SJ00001I7xN5&d=%2Fa%2FSJ00000BHnvf%2F91DdLpnYmNjHYYbrAk_pt10TuAo6fQ0ooNIUd6shy4I&asPdf=false,Georgina Donoho,Florida,0,32451,d1f77649d2ad2d41
74-C-1024,Class C - Exhibitor,GAINESVILLE,0,3889,0,2026-07-15,7/15/2026,City of Gainesville,0,https://aphis.file.force.com/sfc/dist/version/download/?oid=00Dt0000000GyZH&ids=068SJ00001KmiuL&d=%2Fa%2FSJ00000BgYuz%2FWru4z2QvvFRrnTYY0zCfZHe6if5dhb.az6zxWkCER4k&asPdf=false,City of Gainesville,Texas,0,76240,b0c3183078ac01bc
21-R-0053,Class R - Research Facility,DELHI,0,390,0,2026-08-20,8/20/2026,Suny College Of Technology,1,https://aphis.file.force.com/sfc/dist/version/download/?oid=00Dt0000000GyZH&ids=068SJ00001QoanV&d=%2Fa%2FSJ00000CciM5%2FOS7xcslNMPcaPBBzZMlFMU9eQWgFnQxeK2ORDg9x7AE&asPdf=false,SUNNY COLLEGE OF TECHNOLOGY,New York,0,13753,269bbf94bd75ce69
74-C-0079,Class C - Exhibitor,ABILENE,0,3901,0,2026-08-11,8/11/2026,Abilene Zoo,0,https://aphis.file.force.com/sfc/dist/version/download/?oid=00Dt0000000GyZH&ids=068SJ00001PBVcg&d=%2Fa%2FSJ00000CORBR%2FdIKGwxPha1KzNUez6DiXM2VkNi8_niXPPZancGDGNMU&asPdf=false,Abilene Zoological Society,Texas,0,79606,339dd3a245b28d14
74-C-1183,Class C - Exhibitor,Amarillo,0,3902,0,2026-06-25,6/25/2026,Amarillo Parks and Recreation-Zoo,0,https://aphis.file.force.com/sfc/dist/version/download/?oid=00Dt0000000GyZH&ids=068SJ00001IcVUY&d=%2Fa%2FSJ00000BMoO1%2FH26garCJN.E_TyU6E2fPqvGNlUGDVGvqaCrMu4k9Gmc&asPdf=false,Amarillo Parks and Recreation-Zoo,Texas,0,79107,0be69d2acf301e38
63-R-0120,Class R - Research Facility,ROCKWOOD,0,39091,0,2026-06-23,6/23/2026,East Tennessee Clinical Research Inc,1,https://aphis.file.force.com/sfc/dist/version/download/?oid=00Dt0000000GyZH&ids=068SJ00001Hkm0w&d=%2Fa%2FSJ00000BE0Q1%2FJHF2z_sAYljky6h1nrkiN_Fa0Bsmz1Q4bEO7lg7DOvw&asPdf=false,EAST TENNESSEE CLINICAL RESEARCH INC,Tennessee,0,37854,6514cf2496f124ed
88-C-0179,Class C - Exhibitor,LAS VEGAS,0,39118,0,2026-07-01,7/1/2026,Las Vegas Valley Water District,0,https://aphis.file.force.com/sfc/dist/version/download/?oid=00Dt0000000GyZH&ids=068SJ00001Imjhl&d=%2Fa%2FSJ00000BOyaz%2FNKE5t5PjCbjUxlufFCPzEbnWN2SituKn5Qe72h18mO8&asPdf=false,LAS VEGAS VALLEY WATER DISTRICT,Nevada,0,89107,553e70311b9e1094
74-A-1570,Class A - Breeder,UTOPIA,0,3925,0,2026-06-18,6/18/2026,L.A. Waters Ranch LLC,3,https://aphis.file.force.com/sfc/dist/version/download/?oid=00Dt0000000GyZH&ids=068SJ00001HlB2m&d=%2Fa%2FSJ00000BE7w9%2FHL04OO2EyU1ZUciaCUZB48Uftk7UiEdeeV.aH7EVQII&asPdf=false,L A WATERS RANCH LLC,Texas,0,78884,7c80d5877cc2ebc3
74-A-0061,Class A - Breeder,San Antonio,0,3930,0,2026-07-01,7/1/2026,Texas Biomedical Research Institute,0,https://aphis.file.force.com/sfc/dist/version/download/?oid=00Dt0000000GyZH&ids=068SJ00001JQejK&d=%2Fa%2FSJ00000BUhcH%2FSmMtztdlmtXM9cKait1ZnUoAW54xFqnEolaWIDjMWyY&asPdf=false,Texas Biomedical Research Institute,Texas,0,78227,1acc94d445d42598
41-B-0254,Class B - Dealer,Minneapolis,0,39374,0,2026-07-16,7/16/2026,GO Aquatics LLC,1,https://aphis.file.force.com/sfc/dist/version/download/?oid=00Dt0000000GyZH&ids=068SJ00001NnR4c&d=%2Fa%2FSJ00000CBFOD%2FbZIq7AtazyeKOGdRHCm.szdG7uxedGz_3zvyF6ZPqnk&asPdf=false,GO Aquatics LLC,Minnesota,0,55413,fd589434e161ab9f
74-C-1001,Class C - Exhibitor,SANTA FE,0,39397,0,2026-06-30,6/30/2026,Cathy Morrison,3,https://aphis.file.force.com/sfc/dist/version/download/?oid=00Dt0000000GyZH&ids=068SJ00001ImMcx&d=%2Fa%2FSJ00000BOUxu%2Fle3hcXDCyaITDAybDXRWPEPqg1gHwGQtfCGJdyhS20U&asPdf=false,Cathy Morrison,Texas,0,77510,cb1cc569e8d059e5
21-R-0132,Class R - Research Facility,BRONX,0,394,0,2026-07-21,7/21/2026,Albert Einstein College Of Medicine,0,https://aphis.file.force.com/sfc/dist/version/download/?oid=00Dt0000000GyZH&ids=068SJ00001Lqgcz&d=%2Fa%2FSJ00000Br753%2FeGmrM6KuIW_owrMSWHh8BPUYVl8LCNIePf4Cy4ph9Ds&asPdf=false,Vanetten BLDG,New York,0,10461,76817381506e7199
73-C-0191,Class C - Exhibitor,EL RENO,0,3949,0,2026-07-09,7/9/2026,Cherokee Enterprises Inc.,0,https://aphis.file.force.com/sfc/dist/version/download/?oid=00Dt0000000GyZH&ids=068SJ00001JptAf&d=%2Fa%2FSJ00000BYRHB%2FGJQK0GOQyyXbukkHAgVpf9N0RVw2WLwN7E3x9YFg7nI&asPdf=false,"CHEROKEE ENTERPRISES, INC.",Oklahoma,0,73036,b3d2bceb9e2a3b01
73-C-0002,Class C - Exhibitor,OKLAHOMA CITY,0,3953,0,2026-07-27,7/27/2026,Oklahoma City Zoological Trust,0,https://aphis.file.force.com/sfc/dist/version/download/?oid=00Dt0000000GyZH&ids=068SJ00001MYFaX&d=%2Fa%2FSJ00000ByFx7%2FFcN1KwucL8ilgvZRk8lX8ZaJ.jit8zC8LYogUmbQqw4&asPdf=false,OKC Zoo & Botanical Garden,Oklahoma,0,73111,c08bdeec1e9f9efe
74-R-0189,Class R - Research Facility,ARLINGTON,0,39569,0,2026-08-11,8/11/2026,Sound Technologies Inc,6,https://aphis.file.force.com/sfc/dist/version/download/?oid=00Dt0000000GyZH&ids=068SJ00001PLCaL&d=%2Fa%2FSJ00000CQFir%2F_2re_s6TBYByTs5pl7Buy7haywZVdQn9YRB89Tlv9jA&asPdf=false,SOUND TECHNOLOGIES INC.,Texas,0,76006,bc75d128e943e166
22-C-0097,Class C - Exhibitor,Long Valley,0,39682,0,2026-08-20,8/20/2026,Rizzos Reptile Discovery LLC,0,https://aphis.file.force.com/sfc/dist/version/download/?oid=00Dt0000000GyZH&ids=068SJ00001Pi55J&d=%2Fa%2FSJ00000CThCL%2Ftik7YrxKKqgaMWKILEJRB7LxDHNJeQi_QiRjqfYxUZw&asPdf=false,Rizzos Reptile Discovery LLC,New Jersey,0,07853,47cd15941bac1019
48-A-2260,Class A - Breeder,SEDAN,0,39753,0,2026-07-20,7/20/2026,Barbara Barker,0,https://aphis.file.force.com/sfc/dist/version/download/?oid=00Dt0000000GyZH&ids=068SJ00001LyC3Q&d=%2Fa%2FSJ00000Bs7EH%2FqlfkVycekAj8llwMq_7l_bbFQzn.TANxWgKOlmmB.dM&asPdf=false,Barbara Barker,Kansas,0,67361,e4389193a1e75c0b
86-C-0116,Class C - Exhibitor,TUCSON,0,39803,0,2026-08-13,8/13/2026,Tucson Wildlife Center Inc.,0,https://aphis.file.force.com/sfc/dist/version/download/?oid=00Dt0000000GyZH&ids=068SJ00001OnTKH&d=%2Fa%2FSJ00000CKxeX%2FBGFuvZC20oBpboj4rdDJjgEJD2vDhGD9kSBLxZu9o5A&asPdf=false,"TUCSON WILDLIFE CENTER, INC.",Arizona,0,85748,c621eda5c35d43e5
32-A-0601,Class A - Breeder,Berne,0,39875,0,2026-07-27,7/27/2026,Pete Weaver,1,https://aphis.file.force.com/sfc/dist/version/download/?oid=00Dt0000000GyZH&ids=068SJ00001MlkK3&d=%2Fa%2FSJ00000C16PR%2F9dvYiZpdPTgt2Z2RfqiJa6a62PQWaj.uV.E_HCX906Y&asPdf=false,Pete Weaver,Indiana,0,46711,a3e9c2be9ae37282
93-C-0825,Class C - Exhibitor,Dunlap,0,39907,0,2026-07-30,7/30/2026,Project Survival Cat Haven,0,https://aphis.file.force.com/sfc/dist/version/download/?oid=00Dt0000000GyZH&ids=068SJ00001NC99z&d=%2Fa%2FSJ00000C5G5F%2Fru7OriT3Q5ngr83YhFa8hCY0pMTmlFSWGGlbStq06u4&asPdf=false,Project Survival Cat Haven,California,0,93621,eccfd3accdaa77c5
73-A-2796,Class A - Breeder,Cherokee,0,3991,0,2026-07-29,7/29/2026,Kathy Sanborn,0,https://aphis.file.force.com/sfc/dist/version/download/?oid=00Dt0000000GyZH&ids=068SJ00001MdkM7&d=%2Fa%2FSJ00000BzkXR%2FzvQDJ_v_zzxVwsdjpohWzAE0k5.0NV6q5SmTrDRw05w&asPdf=false,Kathy Sanborn,Oklahoma,0,73728,1094f0ef1b8f248d
73-A-1964,Class A - Breeder,WELCH,0,3997,0,2026-08-26,8/26/2026,Catherine Rexwinkle,0,https://aphis.file.force.com/sfc/dist/version/download/?oid=00Dt0000000GyZH&ids=068SJ00001Qi0Zp&d=%2Fa%2FSJ00000CbZmH%2FK_GlwRohMFLGGi2Yq1k_gD7LnFYFYiGGMcEf4Zf5RnI&asPdf=false,CATHERINE REXWINKLE,Oklahoma,0,74369,667e9b99fbe7c8c9
74-C-0763,Class C - Exhibitor,LUBBOCK,0,40009,0,2026-07-16,7/16/2026,South Plains Wildlife Rehab Center Inc.,3,https://aphis.file.force.com/sfc/dist/version/download/?oid=00Dt0000000GyZH&ids=068SJ00001LSvOb&d=%2Fa%2FSJ00000BmyI5%2FJJt3kB0cZz8505rZNNXDqP6cWUl.IG.ltEtip1wXg.k&asPdf=false,South Plains Wildlife Rehab Center Inc.,Texas,0,79423,a0e01e88702babad
55-C-0225,Class C - Exhibitor,Rockwell,0,40032,0,2026-08-13,8/13/2026,Tiger World Inc,0,https://aphis.file.force.com/sfc/dist/version/download/?oid=00Dt0000000GyZH&ids=068SJ00001Orcs3&d=%2Fa%2FSJ00000CLoqw%2F4VYp5o9zCznzWgnz1ox4AseNClY0y7pL7wBIo2NkC.c&asPdf=false,Tiger World Inc,North Carolina,0,28138,f4c13c2591eb348e
74-C-0844,Class C - Exhibitor,MCKINNEY,0,40164,0,2026-08-25,8/25/2026,Heard Natural Science Museum,0,https://aphis.file.force.com/sfc/dist/version/download/?oid=00Dt0000000GyZH&ids=068SJ00001QQTqB&d=%2Fa%2FSJ00000CZ4bJ%2FUugK6DzU6IQF1Gbs53JvrU7pTdeBO4R24Q0OikwVa1Q&asPdf=false,Heard Natural Science Museum,Texas,0,75069,2f7ffa59937a9ab5
41-A-0495,Class A - Breeder,CURRIE,0,40171,0,2026-07-01,7/1/2026,Jim Christian,0,https://aphis.file.force.com/sfc/dist/version/download/?oid=00Dt0000000GyZH&ids=068SJ00001Iw4Rx&d=%2Fa%2FSJ00000BQCqP%2F2zaqWf6PZkyNQvBJlQWIxGUr0a32n9TsSOSV6pZq5k8&asPdf=false,JIM CHRISTIAN,Minnesota,0,56123,4a4261234f68f8e3
48-A-2003,Class A - Breeder,CLIFTON,0,40481,0,2026-07-13,7/13/2026,Deborah Snyder & Doug Smoot,0,https://aphis.file.force.com/sfc/dist/version/download/?oid=00Dt0000000GyZH&ids=068SJ00001KWYPO&d=%2Fa%2FSJ00000BeBxh%2FjHKWFGSDQq6hJStQ33WgKQwAWrMcRXYanrWOzgUDwFA&asPdf=false,"DEBORAH SNYDER, DOUG SMOOT",Kansas,0,66937,ba570dd5366c6b97
93-C-0832,Class C - Exhibitor,MOORPARK,0,40502,0,2026-08-13,8/13/2026,Wildlife & Environmental Conservation Inc.,0,https://aphis.file.force.com/sfc/dist/version/download/?oid=00Dt0000000GyZH&ids=068SJ00001OnZft&d=%2Fa%2FSJ00000CL7Iv%2Fw0yAkErGQNpRrkTKDwxDhCIOf0qU8k8YcqyYaPSG5Xo&asPdf=false,"WILDLIFE & ENVIRONMENTAL CONSERVATION, INC.",California,0,93021,7afd8439d129bf88
43-A-5231,Class A - Breeder,PRESTON,0,40575,0,2026-06-10,6/10/2026,Dana DaMitz,0,https://aphis.file.force.com/sfc/dist/version/download/?oid=00Dt0000000GyZH&ids=068SJ00001GLDlQ&d=%2Fa%2FSJ00000B0BYD%2FX_3VNvx3JMSbAfxZS0w5jgY65UYOpG4uphjIwuTL.IQ&asPdf=false,DANA DA MITZ,Missouri,0,65732,b2f89cb5a614ca51
43-A-5295,Class A - Breeder,Monett,0,40617,0,2026-08-20,8/20/2026,Pam Miller,0,https://aphis.file.force.com/sfc/dist/version/download/?oid=00Dt0000000GyZH&ids=068SJ00001PnsI7&d=%2Fa%2FSJ00000CUIIL%2Fz3wue.hU.KZVQBdhvWqiJ_ErcPREGQnG36LNhMkccbo&asPdf=false,Pam Miller,Missouri,0,65708,7e6c0bebed66d2c6
73-A-2491,Class A - Breeder,Boswell,0,40819,0,2026-06-16,6/16/2026,Melissa A Bacon,0,https://aphis.file.force.com/sfc/dist/version/download/?oid=00Dt0000000GyZH&ids=068SJ00001GqRbw&d=%2Fa%2FSJ00000B5Hpt%2FZxw_TQDjYpZHKNZ2LRr5DaqOMwp2YyO.DtpzBQKNLxY&asPdf=false,Melissa A. Bacon,Oklahoma,0,74727,2f724b7c4ff7e453
58-R-0153,Class R - Research Facility,KISSIMMEE,0,40853,0,2026-08-17,8/17/2026,Adventhealth Nicholson Center,0,https://aphis.file.force.com/sfc/dist/version/download/?oid=00Dt0000000GyZH&ids=068SJ00001PF1Bj&d=%2Fa%2FSJ00000CP0if%2Fr2u75pRpiQhrX0onDrxDzg7dYNVEWKUp.ZPTrpzD97k&asPdf=false,FLORIDA HOSPITAL - NICHOLSON CENTER,Florida,0,34747,047299e5aff0de50
58-R-0153,Class R - Research Facility,ORLANDO,0,40853,0,2026-08-17,8/17/2026,Adventhealth Nicholson Center,0,https://aphis.file.force.com/sfc/dist/version/download/?oid=00Dt0000000GyZH&ids=068SJ00001PFVnv&d=%2Fa%2FSJ00000CP1gL%2FiPq1kJVfpk0tilT3NHjFsTbY._kfEDoZiimGIRPRK7Q&asPdf=false,FLORIDA HOSPITAL - NICHOLSON CENTER,Florida,0,32803,b4af683a6b0b4b44
14-A-0035,Class A - Breeder,CHAZY,0,40933,0,2026-07-23,7/23/2026,Accuro Farms Inc,0,https://aphis.file.force.com/sfc/dist/version/download/?oid=00Dt0000000GyZH&ids=068SJ00001MUdGV&d=%2Fa%2FSJ00000Bxtuz%2FkDpST9_.U2UD.sxqQh0nzPwskwrvmfpaVl.o31EM8iE&asPdf=false,ACCURO FARMS INC - License Site,New York,0,12921,9cc125eb9bb47422
14-R-0200,Class R - Research Facility,CHAZY,0,40933,0,2026-07-23,7/23/2026,Accuro Farms Inc,1,https://aphis.file.force.com/sfc/dist/version/download/?oid=00Dt0000000GyZH&ids=068SJ00001MUoqK&d=%2Fa%2FSJ00000Bxuiz%2F72WlSmjVJ74OeBe6Z_1uwEreMzdtBqi49OEeRpTrhec&asPdf=false,ACCURO FARMS INC,New York,0,12921,7b8207106aac8296
48-C-0178,Class C - Exhibitor,GREAT BEND,0,4098,0,2026-07-28,7/28/2026,Great Bend - Brit Spaugh Zoo,0,https://aphis.file.force.com/sfc/dist/version/download/?oid=00Dt0000000GyZH&ids=068SJ00001MQJwI&d=%2Fa%2FSJ00000Bwvij%2FyWJjgKi4rSHuF1uUCOq44TDScUTMhhONQg1sLZMU9y4&asPdf=false,GREAT BEND - BRIT SPAUGH ZOO,Kansas,0,67530,26cfb850ee8003e9
43-A-5175,Class A - Breeder,NEOSHO,0,41039,0,2026-07-30,7/30/2026,Judy Speak Miller,0,https://aphis.file.force.com/sfc/dist/version/download/?oid=00Dt0000000GyZH&ids=068SJ00001MsUCW&d=%2Fa%2FSJ00000C2MDd%2FRA67CMtjhu.hexIsjMF4NsyYAH1fvIfCqqQzKpilTOQ&asPdf=false,JUDY SPEAK MILLER,Missouri,0,64850,bb60ad1cbe4b6257
58-C-1235,Class C - Exhibitor,West Palm Beach,0,41109,0,2026-07-28,7/28/2026,Okeeheelee Nature Center,0,https://aphis.file.force.com/sfc/dist/version/download/?oid=00Dt0000000GyZH&ids=068SJ00001MXWc4&d=%2Fa%2FSJ00000ByHxJ%2F1byx0Okzr6RoJJd9ZvvNdqssnImbaU1u_nDQhpPWN54&asPdf=false,Okeeheelee Nature Center,Florida,0,33413,b77eac4047d61824
74-C-0939,Class C - Exhibitor,Franklin,0,41361,0,2026-07-28,7/28/2026,Jason Clay,1,https://aphis.file.force.com/sfc/dist/version/download/?oid=00Dt0000000GyZH&ids=068SJ00001MVhUw&d=%2Fa%2FSJ00000BxyQ1%2FpRXF5gCYFFsBuFP6s6QC4LABWtq73B.Np9zWFJ4fgS0&asPdf=false,Jason Clay,Texas,0,77856,0715ed863a82a1d3
74-B-0640,Class B - Dealer,Briggs,0,41377,0,2026-07-20,7/20/2026,Triple C Ranch Inc.,1,https://aphis.file.force.com/sfc/dist/version/download/?oid=00Dt0000000GyZH&ids=068SJ00001LKoiP&d=%2Fa%2FSJ00000BllDF%2Fk4uzeNL1IqvMvv.Hxg24xWehp1uybYH3jE6VQhDnDrI&asPdf=false,Triple C Ranch Inc.,Texas,0,78608,e7c713460e9d2a46
71-R-0111,Class R - Research Facility,CRAWFORDSVILLE,0,41479,0,2026-07-16,7/16/2026,"Tier 1 Group, LLC",0,https://aphis.file.force.com/sfc/dist/version/download/?oid=00Dt0000000GyZH&ids=068SJ00001L23ut&d=%2Fa%2FSJ00000Bj86L%2Fwt8zujQSkfHABKOGFI6GonPNMo3pEUFMlxPa4HRWm1Q&asPdf=false,TIER 1 GROUP LLC,Arkansas,0,72327,38dc4e7d1fd4525f
57-C-0308,Class C - Exhibitor,Yatesville,0,41534,0,2026-07-28,7/28/2026,Christian Gray,0,https://aphis.file.force.com/sfc/dist/version/download/?oid=00Dt0000000GyZH&ids=068SJ00001MXbOn&d=%2Fa%2FSJ00000ByOVl%2FUX86pyFME_ABKCeJFsZum5uboQfQDIPgd1vRy7kPBzU&asPdf=false,Christian Gray,Georgia,0,31097,54b18f282d82898d
48-A-2032,Class A - Breeder,Frankfort,0,41584,0,2026-06-22,6/22/2026,Mary Huninghake,0,https://aphis.file.force.com/sfc/dist/version/download/?oid=00Dt0000000GyZH&ids=068SJ00001I4VQZ&d=%2Fa%2FSJ00000BHUBR%2FxEub.W_vbxv_veSwRd0jXOpnmU0DVvYysP9YEuif1gY&asPdf=false,Mary Huninghake,Kansas,0,66427,88b2e5a91267a618
48-A-0576,Class A - Breeder,OSBORNE,0,4160,0,2026-08-10,8/10/2026,Tammy Spears,0,https://aphis.file.force.com/sfc/dist/version/download/?oid=00Dt0000000GyZH&ids=068SJ00001OS1J7&d=%2Fa%2FSJ00000CHT9x%2Fw9Lc.WYP72xhvKscnA9fFXwX3Jro5TW7OVnr67ZaPzg&asPdf=false,Tammy Spears,Kansas,0,67473,781d0e9053d57119
21-T-0097,Class T - Carrier,San Francisco,0,41666,0,2026-08-26,8/26/2026,Qatar Airways Cargo,0,https://aphis.file.force.com/sfc/dist/version/download/?oid=00Dt0000000GyZH&ids=068SJ00001QuUPI&d=%2Fa%2FSJ00000Cdgi1%2Ffl_fTkt44BovCoNMyx0Fwr_YMHrU0y1wFKAFoG4_I_Y&asPdf=false,Qatar Airways Cargo -SFO - San Francisco International Airport,California,0,94128,18ac969c6acc607e
48-A-0879,Class A - Breeder,FREDONIA,0,4186,0,2026-08-05,8/5/2026,Dennis and Peggy Ogle,0,https://aphis.file.force.com/sfc/dist/version/download/?oid=00Dt0000000GyZH&ids=068SJ00001Nglpc&d=%2Fa%2FSJ00000C9xBd%2FuAKAAEFOIvIxf0UVxFxiQdcBFCJtbr49jUhQsaiLbrA&asPdf=false,PEGGY & DENNIS OGLE,Kansas,0,66736,2025d80f6814f4b2
43-A-5255,Class A - Breeder,PARIS,0,42161,0,2026-06-30,6/30/2026,Richard Hatton,0,https://aphis.file.force.com/sfc/dist/version/download/?oid=00Dt0000000GyZH&ids=068SJ00001JxUGk&d=%2Fa%2FSJ00000BZmWT%2FqL1jhM6FKadvP6pLggPNBuPKG5THu9YR4KRqnCeoh5s&asPdf=false,RICHARD HATTON,Missouri,0,65275,d402a183fc469504
74-R-0226,Class R - Research Facility,HOUSTON,0,42194,0,2026-08-28,8/28/2026,The Methodist Hospital Research Institute,0,https://aphis.file.force.com/sfc/dist/version/download/?oid=00Dt0000000GyZH&ids=068SJ00001QytGk&d=%2Fa%2FSJ00000CeM4X%2FqzCdoyG6HZ6l2SgpfZ_hF1RTr6X_cCqBp6Plp1jnUC4&asPdf=false,THE METHODIST HOSPITAL RESEARCH INSTITUTE,Texas,0,77030,81baad37cbee592b
48-B-0326,Class B - Dealer,ARCADIA,0,42229,0,2026-07-22,7/22/2026,Jim Kramer,0,https://aphis.file.force.com/sfc/dist/version/download/?oid=00Dt0000000GyZH&ids=068SJ00001LySMb&d=%2Fa%2FSJ00000Bs7Cf%2F4gso8oMXtEAJ_Zp8enmhEpxeiiRquSW..a7tVLKCFTM&asPdf=false,Jim Kramer,Kansas,0,66711,209acd62bfccbeaa
34-R-0142,Class R - Research Facility,HOUGHTON,0,423,0,2026-08-12,8/12/2026,Michigan Technological University,0,https://aphis.file.force.com/sfc/dist/version/download/?oid=00Dt0000000GyZH&ids=068SJ00001OmkQT&d=%2Fa%2FSJ00000CKql7%2FXFYRCfuxYJdaTF.cpeDM6irf7.U73ZthEleziZsGOzM&asPdf=false,Michigan Technological University,Michigan,0,49931,211d50b9d3454360
41-C-0218,Class C - Exhibitor,Marine On St. Croix,0,42344,0,2026-08-19,8/19/2026,Johmar Farms LLC,0,https://aphis.file.force.com/sfc/dist/version/download/?oid=00Dt0000000GyZH&ids=068SJ00001Q6DXt&d=%2Fa%2FSJ00000CWPkL%2FfX4hyaDkN.4r7E3OG_0CBkQrIZtY.0DXFf59H7ST2A0&asPdf=false,Johmar Farms,Minnesota,0,55047,d956db091e118321
65-C-0580,Class C - Exhibitor,Coldwater,0,42419,0,2026-06-10,6/10/2026,Mississippi Wildlife Rehabilitation Inc,0,https://aphis.file.force.com/sfc/dist/version/download/?oid=00Dt0000000GyZH&ids=068SJ00001GGevx&d=%2Fa%2FSJ00000AzV5x%2FkluexZZ6QZwvbkwkpTR_ocDIJONl4oodzFwF5IUJfZM&asPdf=false,Mississippi Wildlife Rehabilitation Inc.,Mississippi,0,38618,b11ea2bb4ae45396
43-A-5385,Class A - Breeder,CLIFTON HILL,0,42626,0,2026-08-13,8/13/2026,Raymond Lawson,1,https://aphis.file.force.com/sfc/dist/version/download/?oid=00Dt0000000GyZH&ids=068SJ00001PsSJl&d=%2Fa%2FSJ00000CV8Tp%2FV.2YZZjoHPLUYj4TZaaUuTAZklP32E5HDcDsa9irYpY&asPdf=false,RAYMOND LAWSON,Missouri,0,65244,39315de79b37f432
16-C-0168,Class C - Exhibitor,Clinton,0,42898,0,2026-07-09,7/9/2026,Bret Haughwout,1,https://aphis.file.force.com/sfc/dist/version/download/?oid=00Dt0000000GyZH&ids=068SJ00001KJwHG&d=%2Fa%2FSJ00000Bbj4f%2FXcRVbYravdXmzShVCXQxbUMiMppxwv_Q0DVyUX7VgiU&asPdf=false,Bret Haughwout,Connecticut,0,06413,9afb8592f0ce400e
32-A-0310,Class A - Breeder,Shipshewana,0,42967,0,2026-08-05,8/5/2026,Daryl Bontrager,0,https://aphis.file.force.com/sfc/dist/version/download/?oid=00Dt0000000GyZH&ids=068SJ00001NXbJV&d=%2Fa%2FSJ00000Ck5Yr%2FFUCz3ussNeW6NucIi1N7ufl4_mRhCilB_IfdhiyrY6g&asPdf=false,Daryl Bontrager,Indiana,0,46565,f6e3124ea9247165
58-C-1137,Class C - Exhibitor,POLK CITY,0,42976,0,2026-07-22,7/22/2026,Tails of the Wild Inc,0,https://aphis.file.force.com/sfc/dist/version/download/?oid=00Dt0000000GyZH&ids=068SJ00001LgZuo&d=%2Fa%2FSJ00000BpauL%2Fgp0N4zW4yeiKZsjIjK9XrIRK0M_fANkCzuweYxegfT8&asPdf=false,Tails of the Wild,Florida,0,33868,ba5406eace951c97
34-C-0331,Class C - Exhibitor,IRON MOUNTAIN,0,430,0,2026-07-27,7/27/2026,City Of Iron Mountain,0,https://aphis.file.force.com/sfc/dist/version/download/?oid=00Dt0000000GyZH&ids=068SJ00001MxqF7&d=%2Fa%2FSJ00000C3V1x%2FVwnxMKNlysRda4K8LsibJ03zGMF9v4Y4KpkSHNc1uSg&asPdf=false,City Of Iron Mountain,Michigan,0,49801,790f1e9681e89ea3
63-C-0207,Class C - Exhibitor,Columbia,0,43005,0,2026-08-06,8/6/2026,NHECM,1,https://aphis.file.force.com/sfc/dist/version/download/?oid=00Dt0000000GyZH&ids=068SJ00001NlhSN&d=%2Fa%2FSJ00000CB6uP%2FCpqB9_7xXHmVbzOHEZwUouaJKo9_YCtNIYxaUbgnFAA&asPdf=false,Natural History Education Co of Midsouth,Tennessee,0,38401,cdb0a7d93080b7d2
63-R-0126,Class R - Research Facility,CHATTANOOGA,0,43010,0,2026-08-11,8/11/2026,The University of Tennessee - Chattanooga,0,https://aphis.file.force.com/sfc/dist/version/download/?oid=00Dt0000000GyZH&ids=068SJ00001ONrAI&d=%2Fa%2FSJ00000CGn7V%2FlD5QrJM7VfLjm5cMaXM.RdFOaz7BYYby_2KdkGWVjnw&asPdf=false,THE UNIVERSITY OF TENNESSEE - CHATTANOOGA,Tennessee,0,37403,15e07a04427fe863
43-C-0026,Class C - Exhibitor,SPRINGFIELD,0,4303,0,2026-07-14,7/14/2026,Springfield Dickerson Zoo,0,https://aphis.file.force.com/sfc/dist/version/download/?oid=00Dt0000000GyZH&ids=068SJ00001Kd9HF&d=%2Fa%2FSJ00000Bf1TF%2FzGXd1Wicmr8eLjp.DkxWv9o3NGaPk34i8oILvqRFcOw&asPdf=false,SPRINGFIELD DICKERSON ZOO,Missouri,0,65803,64a41f0f90a73219
43-C-0301,Class C - Exhibitor,STRAFFORD,0,43052,0,2026-08-26,8/26/2026,Wild Animal Inc.,0,https://aphis.file.force.com/sfc/dist/version/download/?oid=00Dt0000000GyZH&ids=068SJ00001QuA8V&d=%2Fa%2FSJ00000CdTXt%2FDn2gHp0W7tk5._ByQ0r27xuYIuykjE7V1d4VQsulbxM&asPdf=false,WILD ANIMAL INC.,Missouri,0,65757,893a965f19aedc04
32-A-0305,Class A - Breeder,Williamsburg,0,43075,0,2026-06-30,6/30/2026,Amos S Beiler,0,https://aphis.file.force.com/sfc/dist/version/download/?oid=00Dt0000000GyZH&ids=068SJ00001Ia11V&d=%2Fa%2FSJ00000BMRb7%2Fzkpe.b9Gbdqk6iU3fMtkGc1rpQOkIAvN7dKeRew6.gw&asPdf=false,Amos S Beiler,Indiana,0,47393,d90515e61833eac8
43-A-6814,Class A - Breeder,NOVELTY,0,4315,0,2026-06-18,6/18/2026,Barbara Poor,0,https://aphis.file.force.com/sfc/dist/version/download/?oid=00Dt0000000GyZH&ids=068SJ00001JHyO6&d=%2Fa%2FSJ00000BTHoj%2Fe5YqRGLzTNKA2fbfqbyPt_50EqZ_9Hg5UI0_FNE6nh8&asPdf=false,BARBARA POOR,Missouri,0,63460,393f2419bf9008fe
43-A-6814,Class A - Breeder,NOVELTY,0,4315,0,2026-07-28,7/28/2026,Barbara Poor,0,https://aphis.file.force.com/sfc/dist/version/download/?oid=00Dt0000000GyZH&ids=068SJ00001O4ljd&d=%2Fa%2FSJ00000CDYbF%2FMLWGoWsj893xPVXn_VabHY3Qqkrs.x6kGtghs8B0nUw&asPdf=false,BARBARA POOR,Missouri,0,63460,4508c6eab565848c
52-B-0152,Class B - Dealer,Ridgeway,0,43260,0,2026-07-30,7/30/2026,Infinity Acres LLC,0,https://aphis.file.force.com/sfc/dist/version/download/?oid=00Dt0000000GyZH&ids=068SJ00001MuIN7&d=%2Fa%2FSJ00000C2fsz%2FybhbqWVxGfDCg.lhxbSjBIuFW4jajQZw3BoF64sZYFU&asPdf=false,Infinity Acres LLC,Virginia,0,24148,2ca5c08dc41df81b
83-C-0003,Class C - Exhibitor,Evanston,0,43290,0,2026-06-12,6/12/2026,Wyoming Dept of State Parks and Cultural Resources,0,https://aphis.file.force.com/sfc/dist/version/download/?oid=00Dt0000000GyZH&ids=068SJ00001GWSXQ&d=%2Fa%2FSJ00000B1fM9%2F10Ed6tdYlPQQw4bqZ3xFLsNQpV7ysG8Gh7Cl4oVaqAg&asPdf=false,WY Dept of State Pks & Cultural Resources - BRSP,Wyoming,0,82930,052fe5f6ee65bc15
32-A-0317,Class A - Breeder,HAGERSTOWN,0,43552,0,2026-08-27,8/27/2026,John Mark Stoltzfus,0,https://aphis.file.force.com/sfc/dist/version/download/?oid=00Dt0000000GyZH&ids=068SJ00001QsK2H&d=%2Fa%2FSJ00000Cd0R3%2F29S9S34Ci5bE5EXd.7lZYG4WcdU4r7IPfmnjNKmVnac&asPdf=false,John Stoltzfus,Indiana,0,47346,64da4d1030aa4267
74-C-0978,Class C - Exhibitor,ATASCOSA,0,43755,0,2026-08-17,8/17/2026,Zoomagination LLC,0,https://aphis.file.force.com/sfc/dist/version/download/?oid=00Dt0000000GyZH&ids=068SJ00001PcE0A&d=%2Fa%2FSJ00000CSr8v%2FuR1kaoU3QoTVCC4wxuLUZCxGPAFBmLIZCgwpBgt4408&asPdf=false,Zoomagination  LLC,Texas,0,78002,7271b912f00c878d
74-C-0978,Class C - Exhibitor,San Antonio,0,43755,0,2026-08-17,8/17/2026,Zoomagination LLC,0,https://aphis.file.force.com/sfc/dist/version/download/?oid=00Dt0000000GyZH&ids=068SJ00001PcYQ2&d=%2Fa%2FSJ00000CSemn%2FjRlYL715EB6kNjHO7L00pMWb_YZTpF77B.r_GzEKsRg&asPdf=false,Zoomagination LLC,Texas,0,78254,3c416f3688143c07
21-C-0329,Class C - Exhibitor,SALEM,0,43822,0,2026-08-03,8/3/2026,Bernadette J Hoffman,0,https://aphis.file.force.com/sfc/dist/version/download/?oid=00Dt0000000GyZH&ids=068SJ00001PGxgP&d=%2Fa%2FSJ00000CPNqX%2FEAZO5tHukrPh9AHlJkZsnkfTCDThkiuEw1yOhTj1DME&asPdf=false,BERNADETTE HOFFMAN,New York,0,12865,18e5578f5633da9d
43-A-0799,Class A - Breeder,ASBURY,0,4395,0,2026-06-18,6/18/2026,Virgil and Ruthie Snodgrass,0,https://aphis.file.force.com/sfc/dist/version/download/?oid=00Dt0000000GyZH&ids=068SJ00001HgIr5&d=%2Fa%2FSJ00000BDZRR%2F2kratdExrr5PHGQRy_7R89CsJdSooEDR.ZRh8hvXenM&asPdf=false,VIRGIL & RUTHIE SNODGRASS,Missouri,0,64832,5dfcf94f52e6127e
51-C-0136,Class C - Exhibitor,Flintstone,0,44198,0,2026-07-21,7/21/2026,Maryland Department of Natural Resources,0,https://aphis.file.force.com/sfc/dist/version/download/?oid=00Dt0000000GyZH&ids=068SJ00001LrsvP&d=%2Fa%2FSJ00000BrIq5%2FfCAJze33PRCNpDy1DqK9KdR2ZB.jLtMqwgG_4BjJorg&asPdf=false,Rocky Gap State Park,Maryland,0,21530,b052310bf2f7e8d5
58-C-0913,Class C - Exhibitor,Key West,0,44255,0,2026-08-03,8/3/2026,907 Whitehead Street Corp,0,https://aphis.file.force.com/sfc/dist/version/download/?oid=00Dt0000000GyZH&ids=068SJ00001NJwqj&d=%2Fa%2FSJ00000C6XAT%2F38gWJ5hT7hW6fwDsj55vm9dExp9BugOgSWyd_k6q5sw&asPdf=false,Hemingway Home & Museum,Florida,0,33040,84307ffadf326521
55-C-0272,Class C - Exhibitor,Cameron,0,44266,0,2026-06-11,6/11/2026,Zootastic of Lake Norman Inc,0,https://aphis.file.force.com/sfc/dist/version/download/?oid=00Dt0000000GyZH&ids=068SJ00001H4T2q&d=%2Fa%2FSJ00000B7VK5%2FQnA03vgOvQ3R5pxJbWDhrvDPMUlePK4jsj4eGOnH2QY&asPdf=false,Aloha Safari Park,North Carolina,0,28326,894a03057f427286
55-C-0272,Class C - Exhibitor,Cameron,0,44266,0,2026-07-23,7/23/2026,Zootastic of Lake Norman Inc,0,https://aphis.file.force.com/sfc/dist/version/download/?oid=00Dt0000000GyZH&ids=068SJ00001NnwMt&d=%2Fa%2FSJ00000CBGiT%2FNp0B41bBgrjgZOC5jgIQEroXBZownOZbCXd3oO6ulGM&asPdf=false,Aloha Safari Park,North Carolina,0,28326,e86cbbe5df438cc9
55-C-0272,Class C - Exhibitor,Troutman,0,44266,0,2026-07-27,7/27/2026,Zootastic of Lake Norman Inc,0,https://aphis.file.force.com/sfc/dist/version/download/?oid=00Dt0000000GyZH&ids=068SJ00001MJdwh&d=%2Fa%2FSJ00000BvwvN%2Fxbxoh27eGGlOEM.0s0EncPaU6iAgt85wo3yNm6GNWL0&asPdf=false,Zootastic of Lake Norman Inc,North Carolina,0,28166,7d3cef3c802ff670
43-A-5418,Class A - Breeder,Niangua,0,44269,0,2026-07-29,7/29/2026,Ann Quinn,0,https://aphis.file.force.com/sfc/dist/version/download/?oid=00Dt0000000GyZH&ids=068SJ00001MjHPM&d=%2Fa%2FSJ00000C0VHp%2F8GM9oOie4vkOsKPVTcP7NiqvAKfj9k1FdV8QSeXeK90&asPdf=false,Ann Quinn,Missouri,0,65713,20d95c46b9b859f4
32-A-0345,Class A - Breeder,Middlebury,0,44292,0,2026-07-23,7/23/2026,Steven Lehman,0,https://aphis.file.force.com/sfc/dist/version/download/?oid=00Dt0000000GyZH&ids=068SJ00001LsuaF&d=%2Fa%2FSJ00000BrbKr%2FAcw4eWF0n1wy1QEPiZqq3WxRPjZcCf0qJJzaSh4ge1Y&asPdf=false,Steven Lehman,Indiana,0,46540,5cb83b97754e109a
43-A-6212,Class A - Breeder,Latham,0,44299,0,2026-08-11,8/11/2026,Mabel Zimmerman,0,https://aphis.file.force.com/sfc/dist/version/download/?oid=00Dt0000000GyZH&ids=068SJ00001ObhNv&d=%2Fa%2FSJ00000CJ59x%2FvVvq.JwAkfA1zUGl7GcYuXFxm3UlmMZNnD9Gzr1TLG0&asPdf=false,Mabel Zimmerman,Missouri,0,65050,d3b2bec1da9aa32d
35-A-0368,Class A - Breeder,Dalton,0,44347,0,2026-06-25,6/25/2026,John Bontrager Jr.,0,https://aphis.file.force.com/sfc/dist/version/download/?oid=00Dt0000000GyZH&ids=068SJ00001I189E&d=%2Fa%2FSJ00000BH34n%2FCJy0BDoyA4oGT161Fq5d0tLq8RsbDcxD7VyI5g0bCdc&asPdf=false,John Bontrager Jr.,Wisconsin,0,53926,c6b2b9f0763970db
86-C-0095,Class C - Exhibitor,Camp Verde,0,44384,0,2026-07-13,7/13/2026,"Out of Africa Wildlife Park, LLC",0,https://aphis.file.force.com/sfc/dist/version/download/?oid=00Dt0000000GyZH&ids=068SJ00001KWE7O&d=%2Fa%2FSJ00000Be9mD%2FoynsHNtorZedxOQPxgAYho2BiZbb9mBlPRvGcUVTpCc&asPdf=false,"Out of Africa Wildlife Park, LLC",Arizona,0,86322,cf088446c253e30b
58-C-0952,Class C - Exhibitor,Dade City,0,44477,0,2026-07-15,7/15/2026,Safari Wild LLC,0,https://aphis.file.force.com/sfc/dist/version/download/?oid=00Dt0000000GyZH&ids=068SJ00001KnTTD&d=%2Fa%2FSJ00000BgYLV%2F5b9vW10v3BwlewSwe4DNmSiGDv.grJrGZKeR8HlWR5A&asPdf=false,Safari Wild LLC,Florida,0,33523,864bedd0dbc3f691
58-C-0952,Class C - Exhibitor,Lakeland,0,44477,0,2026-07-15,7/15/2026,Safari Wild LLC,0,https://aphis.file.force.com/sfc/dist/version/download/?oid=00Dt0000000GyZH&ids=068SJ00001KnWKe&d=%2Fa%2FSJ00000BgZiz%2F5hYsLAtf_T3IxHILjRhWDRJ3KX5A52ij9KinnEJxSN0&asPdf=false,Safari Wild LLC,Florida,0,33809,c63e7f6f479c2f5b
43-A-1353,Class A - Breeder,Long Lane,0,4449,0,2026-07-09,7/9/2026,Debbie Phillips,0,https://aphis.file.force.com/sfc/dist/version/download/?oid=00Dt0000000GyZH&ids=068SJ00001JvNmV&d=%2Fa%2FSJ00000BZCrB%2Ffrvtnksy2JoyDlWLFV28iTOkf1USeoJcpg9DFM_wQCc&asPdf=false,Debbie Phillips,Missouri,0,65590,63621b65046a09d3
22-R-0143,Class R - Research Facility,Dayton,0,44516,0,2026-08-06,8/6/2026,Product Safety Labs,0,https://aphis.file.force.com/sfc/dist/version/download/?oid=00Dt0000000GyZH&ids=068SJ00001OfARj&d=%2Fa%2FSJ00000CJdht%2F94RTguVJQgkQR3QgfV4mnLKGUwpvgeCMIkWaCDSEzoU&asPdf=false,Product Safety Labs,New Jersey,0,08810,33c561491a21c441
61-C-0150,Class C - Exhibitor,Boaz,0,44533,0,2026-07-07,7/7/2026,Cynthia Cornwell,0,https://aphis.file.force.com/sfc/dist/version/download/?oid=00Dt0000000GyZH&ids=068SJ00001JlJws&d=%2Fa%2FSJ00000BXMHx%2FCw_NCHwj3XEGHyGm8o9SziOiVF423DrbPtNK2uknRVQ&asPdf=false,Cyndi Cornwell,Kentucky,0,42027,e66953e6a1d503f0
34-C-0295,Class C - Exhibitor,Grand Rapids,0,44592,0,2026-08-19,8/19/2026,Blanford Nature Center,0,https://aphis.file.force.com/sfc/dist/version/download/?oid=00Dt0000000GyZH&ids=068SJ00001PZpGt&d=%2Fa%2FSJ00000CSF0P%2FKuvV04eOkt_I0y9_M3HHMNhGGLVrjYzpnbtukUrVwj4&asPdf=false,Blanford Nature Center,Michigan,0,49504,b91d432cb580a712
22-B-0063,Class B - Dealer,Brick,0,44608,0,2026-07-31,7/31/2026,Joe Ricciuti,0,https://aphis.file.force.com/sfc/dist/version/download/?oid=00Dt0000000GyZH&ids=068SJ00001N05wQ&d=%2Fa%2FSJ00000C3hzB%2FdxGjhQ9BnQbgSnAe7U.9LEMEEuGVU65U.7x6mZv3mmk&asPdf=false,Joe Ricciuti,New Jersey,0,08724,8fc098bea3a8b6e2
74-A-1425,Class A - Breeder,BOGATA,0,44758,0,2026-06-15,6/15/2026,Gayle Roach,0,https://aphis.file.force.com/sfc/dist/version/download/?oid=00Dt0000000GyZH&ids=068SJ00001Ggjob&d=%2Fa%2FSJ00000B3Sav%2F5EBNdiiCBhV67vw.ghB1z487CBRZefqQQnYex8OW8.w&asPdf=false,Gayle Roach,Texas,0,75417,7c537ee732491227
21-A-0137,Class A - Breeder,Ellicottville,0,44794,0,2026-07-01,7/1/2026,Paul Kubasiewicz,0,https://aphis.file.force.com/sfc/dist/version/download/?oid=00Dt0000000GyZH&ids=068SJ00001IsRga&d=%2Fa%2FSJ00000BPOTp%2Fwsc7CXzG8EN_D5_b6FMvw_wZSPwD.V4Utbrwm8EsXVk&asPdf=false,Paul Kubasiewicz,New York,0,14731,dfa35a69de05215b
43-A-5427,Class A - Breeder,Brashear,0,44835,0,2026-07-21,7/21/2026,Shirlene Hettinger,0,https://aphis.file.force.com/sfc/dist/version/download/?oid=00Dt0000000GyZH&ids=068SJ00001Lxwpv&d=%2Fa%2FSJ00000Bs4Uv%2FCWxqnKn4cLTvlA7iq21W4XU65WRPYlRr0fWikfxHOWo&asPdf=false,Shirlene Hettinger,Missouri,0,63533,c9cae36328a0bbd9
43-A-0516,Class A - Breeder,MOUNTAIN GROVE,0,4485,0,2026-07-15,7/15/2026,Betty Lawson,0,https://aphis.file.force.com/sfc/dist/version/download/?oid=00Dt0000000GyZH&ids=068SJ00001MD23r&d=%2Fa%2FSJ00000BuUBZ%2Fg06bWXP4LGr3imN29IxLRvN0bVe3l_OWab5AMEreD08&asPdf=false,BETTY LAWSON,Missouri,0,65711,9daf59c07465cbd6
43-A-5457,Class A - Breeder,Hartville,0,44913,0,2026-07-28,7/28/2026,Rick & Shelly Kuhn,0,https://aphis.file.force.com/sfc/dist/version/download/?oid=00Dt0000000GyZH&ids=068SJ00001NV4oD&d=%2Fa%2FSJ00000CjtCj%2FOOUm7Glrx4vw_wSAxWYLyGNAkd6AEQYiRF4jrYMhea4&asPdf=false,Rick & Shelly Kuhn,Missouri,0,65667,c1136dbe153685f4
43-C-0309,Class C - Exhibitor,Saint Louis,0,45033,0,2026-06-25,6/25/2026,Anheuser Busch LLC,1,https://aphis.file.force.com/sfc/dist/version/download/?oid=00Dt0000000GyZH&ids=068SJ00001ISg1n&d=%2Fa%2FSJ00000BL91x%2FURSY24eHtVR01MGfVBCigjt9ApuIo5flfsw26NkViB0&asPdf=false,"Anheuser-Busch, Incorporated",Missouri,0,63118,90ea738fa343ca81
43-C-0309,Class C - Exhibitor,Saint Louis,0,45033,0,2026-06-30,6/30/2026,Anheuser Busch LLC,0,https://aphis.file.force.com/sfc/dist/version/download/?oid=00Dt0000000GyZH&ids=068SJ00001IkwRO&d=%2Fa%2FSJ00000BOTFR%2FAP_eg0mBXjU5dDM981jvUNVdnxMMxG9XdB2J_ovmu6k&asPdf=false,Anheuser Busch LLC - Clydesdale operations,Missouri,0,63118,8d92c1070ae208a8
23-B-0228,Class B - Dealer,Kirkwood,0,45045,0,2026-07-08,7/8/2026,Joseph B Fisher,1,https://aphis.file.force.com/sfc/dist/version/download/?oid=00Dt0000000GyZH&ids=068SJ00001Jx8xd&d=%2Fa%2FSJ00000BZc0r%2FtYudbRgy32CpSAB4G8VLgMWOPiQ0t6GKWNoBsgZltDM&asPdf=false,Joseph B Fisher,Pennsylvania,0,17536,5bd89148d690f294
32-C-0215,Class C - Exhibitor,Rising Sun,0,45204,0,2026-06-24,6/24/2026,The Red Wolf Sanctuary Inc,0,https://aphis.file.force.com/sfc/dist/version/download/?oid=00Dt0000000GyZH&ids=068SJ00001I3H6J&d=%2Fa%2FSJ00000BHMk9%2FPorSHYv9aatpS0_Qym0n2sU.BprbbO.opxzlC8.vVUU&asPdf=false,The Red Wolf Sanctuary Inc,Indiana,0,47040,33872451c325d46b
58-B-0558,Class B - Dealer,Williston,0,45249,0,2026-08-13,8/13/2026,Micanopy Zoological Preserve,0,https://aphis.file.force.com/sfc/dist/version/download/?oid=00Dt0000000GyZH&ids=068SJ00001Onr03&d=%2Fa%2FSJ00000CL2r7%2FbPn2xdGn.MTzQ81aEz97qgDWfJgR_JPsG6t5lQ6adoI&asPdf=false,"Micanopy Zoological Preserve, LLC",Florida,0,32696,4b10e47aa293b0ff
43-C-0375,Class C - Exhibitor,Lees Summit,0,4528,0,2026-08-24,8/24/2026,Jackson County Parks and Recreation,0,https://aphis.file.force.com/sfc/dist/version/download/?oid=00Dt0000000GyZH&ids=068SJ00001QDaav&d=%2Fa%2FSJ00000CX9Tp%2FP.4jZbIurY_4z.nRqXVODOdF8ENACHyD19FrbgpElKk&asPdf=false,Jackson County Parks & Recreation,Missouri,0,64081,1154bfccba719551
43-R-0122,Class R - Research Facility,AUXVASSE,0,45331,0,2026-07-01,7/1/2026,Altasciences Preclinical Columbia LLC,0,https://aphis.file.force.com/sfc/dist/version/download/?oid=00Dt0000000GyZH&ids=068SJ00001Iuhlo&d=%2Fa%2FSJ00000BPoL3%2Fcna7YnSx5A82d.1.7YK7RH3xJiBoI05fa00sRzofmeY&asPdf=false,Altasciences Preclinical Columbia LLC,Missouri,0,65231,1be274127b0dc860
46-A-0402,Class A - Breeder,Freeman,0,45337,0,2026-08-19,8/19/2026,Keith Jensen,0,https://aphis.file.force.com/sfc/dist/version/download/?oid=00Dt0000000GyZH&ids=068SJ00001Pqgh0&d=%2Fa%2FSJ00000CUr81%2FHWhoqlvmf8ob7594mQxC8FismnofBWUVC8gAwYdh6uA&asPdf=false,Keith Jensen,South Dakota,0,57029,2265fef724afbc15
43-A-0669,Class A - Breeder,MANSFIELD,0,4569,0,2026-07-23,7/23/2026,Carolyn Jurewicz,0,https://aphis.file.force.com/sfc/dist/version/download/?oid=00Dt0000000GyZH&ids=068SJ00001MCmK8&d=%2Fa%2FSJ00000BuVxF%2FF.3SjtaXLPQ4iuonF8uZZ5_hwnStNnqPI.G.AFF4qoY&asPdf=false,CAROLYN JUREWICZ,Missouri,0,65704,1929530572bb2f59
21-R-0089,Class R - Research Facility,LONG ISLAND CITY,0,458,0,2026-08-24,8/24/2026,LaGuardia Community College,1,https://aphis.file.force.com/sfc/dist/version/download/?oid=00Dt0000000GyZH&ids=068SJ00001QOJXD&d=%2Fa%2FSJ00000CYhA5%2FQxV5CSYWRWpM19GnWudpgi4mBkwLcq_YkE5d8VucABk&asPdf=false,VETERINARY TECHNOLOGY CENTER,New York,0,11101,bd8c7e31ab71d5e6
43-A-0046,Class A - Breeder,ROCKY COMFORT,0,4616,0,2026-07-28,7/28/2026,Coleen Harrell,0,https://aphis.file.force.com/sfc/dist/version/download/?oid=00Dt0000000GyZH&ids=068SJ00001MtDp9&d=%2Fa%2FSJ00000C2Mf3%2F2mlc._PeObLTn4ZnToN4jSCzEWlZ4bbd5qqLT5h6R9U&asPdf=false,COLEEN HARRELL,Missouri,0,64861,50b18c9c5f310c5a
43-A-0916,Class A - Breeder,MADISON,0,4635,0,2026-08-25,8/25/2026,Joy Gastler,0,https://aphis.file.force.com/sfc/dist/version/download/?oid=00Dt0000000GyZH&ids=068SJ00001Rxq8z&d=%2Fa%2FSJ00000CnLFH%2Fm7bTKfsnTi.ok_TzeFkTkrGKn4BupqvEP_VWLbUZsj0&asPdf=false,JOY GASTLER,Missouri,0,65263,041186b106de862c
72-C-0141,Class C - Exhibitor,New Orleans,0,4767,0,2026-07-07,7/7/2026,Audubon Nature Institute,1,https://aphis.file.force.com/sfc/dist/version/download/?oid=00Dt0000000GyZH&ids=068SJ00001JT6OO&d=%2Fa%2FSJ00000BV9Gn%2F5SfpPFKIs7J2MEAK.UZgAsdMAYRGf8Mi3uHKts4XHnM&asPdf=false,Audubon Nature Institute,Louisiana,0,70118,0113c9095cfad3bc
72-C-0179,Class C - Exhibitor,Baton Rouge,0,4769,0,2026-08-17,8/17/2026,BREC's Baton Rouge Zoo,5,https://aphis.file.force.com/sfc/dist/version/download/?oid=00Dt0000000GyZH&ids=068SJ00001PWeI7&d=%2Fa%2FSJ00000CS2zF%2FZKpAYj_jmnKsmymTer30VQxR7YwqxgjMDvFtZ9oEvDs&asPdf=false,Brec's Baton Rouge Zoo,Louisiana,0,70807,eb20c85e22f7e86c
72-C-0027,Class C - Exhibitor,BATON ROUGE,0,4770,0,2026-07-28,7/28/2026,Louisiana State University,0,https://aphis.file.force.com/sfc/dist/version/download/?oid=00Dt0000000GyZH&ids=068SJ00001McXQy&d=%2Fa%2FSJ00000BzR1l%2FN4kq7YgZyziP9ushzfJQS3GU6d.Ai7uRcNF8P7xnk3E&asPdf=false,Louisiana State University,Louisiana,0,70802,168c564636aac781
72-B-0030,Class B - Dealer,Covington,0,4773,0,2026-07-28,7/28/2026,Tulane National Biomedical Research Center,0,https://aphis.file.force.com/sfc/dist/version/download/?oid=00Dt0000000GyZH&ids=068SJ00001NBbkv&d=%2Fa%2FSJ00000C52VJ%2FdT1r0NTVw24vIz0n35laaI4948IFY7Gs.tSZrjoGMsc&asPdf=false,Tulane National Primate Research Center,Louisiana,0,70433,6502631ce3cca5db
72-B-0005,Class B - Dealer,SCHRIEVER,0,4774,0,2026-07-09,7/9/2026,Waubun Laboratories Inc.,0,https://aphis.file.force.com/sfc/dist/version/download/?oid=00Dt0000000GyZH&ids=068SJ00001K8Vll&d=%2Fa%2FSJ00000BabxB%2FuiJ1UkXMH8nIu1.KHBWvSSH5a571sbfaargi95jziS4&asPdf=false,"Waubun Laboratories, Inc",Louisiana,0,70395,f1dd43fd49c071e2
71-C-0006,Class C - Exhibitor,Hot Springs,0,4792,0,2026-06-29,6/29/2026,Arkansas Alligator Farm and Petting Zoo Inc.,0,https://aphis.file.force.com/sfc/dist/version/download/?oid=00Dt0000000GyZH&ids=068SJ00001IRmQm&d=%2Fa%2FSJ00000BKtV3%2F.gUSCeZqsJJEfvYfngFqxuy0N40NngdfoFjc8FHPEzk&asPdf=false,AR Alligator Farm and Petting Zoo Inc.,Arkansas,0,71901,96cdb3ca47413aeb
71-B-0116,Class B - Dealer,Mena,0,4800,0,2026-07-01,7/1/2026,Lynn Culver,0,https://aphis.file.force.com/sfc/dist/version/download/?oid=00Dt0000000GyZH&ids=068SJ00001ItRZn&d=%2Fa%2FSJ00000BPjZw%2FMbM76FIaqpDGUe89cskch2g8xr5HxvbIA70QCGPuxkA&asPdf=false,Lynn Culver,Arkansas,0,71953,0ff9029e9f287cfe
74-C-1002,Class C - Exhibitor,NEW CANEY,0,4848,0,2026-08-24,8/24/2026,Marsha Smilie,1,https://aphis.file.force.com/sfc/dist/version/download/?oid=00Dt0000000GyZH&ids=068SJ00001QZu4g&d=%2Fa%2FSJ00000CaIKT%2FU5e_5dNjJWbR8awQVYms_.d_xagiW4Y8oiRL_kx98iE&asPdf=false,Marsha Smilie,Texas,0,77357,3d79aeb791990efe
74-C-1002,Class C - Exhibitor,NEW CANEY,0,4848,0,2026-08-27,8/27/2026,Marsha Smilie,0,https://aphis.file.force.com/sfc/dist/version/download/?oid=00Dt0000000GyZH&ids=068SJ00001QotzV&d=%2Fa%2FSJ00000Cch1p%2FpbdExFQuOs13JVXQzmAlQbWTXZO3MY4hTOdtM7iH6Hw&asPdf=false,Marsha Smilie,Texas,0,77357,a6bdeda90f75bff5
74-C-0140,Class C - Exhibitor,Cut and Shoot,0,4863,0,2026-07-10,7/10/2026,Trunks and Humps Inc,0,https://aphis.file.force.com/sfc/dist/version/download/?oid=00Dt0000000GyZH&ids=068SJ00001K0ofM&d=%2Fa%2FSJ00000BaJXF%2Fc_LFkd2rRQTqAvTPgWmSZrR3Hi.OZqEQzzq4NPjrryk&asPdf=false,Trunks and Humps Inc,Texas,0,77306,9d98a20a06228634
43-A-4668,Class A - Breeder,BRASHEAR,0,4874,0,2026-07-28,7/28/2026,Rosemary Wood,0,https://aphis.file.force.com/sfc/dist/version/download/?oid=00Dt0000000GyZH&ids=068SJ00001O4ifU&d=%2Fa%2FSJ00000CDYWP%2FG4PN4j3xmzoyJR2c0aQzTM7EO6isMEfUydvSkgkW.B8&asPdf=false,ROSEMARY WOOD,Missouri,0,63533,c6eb021889e3d9db
52-R-0012,Class R - Research Facility,LEESBURG,0,492,0,2026-07-15,7/15/2026,VA Polytechnic Institute & State University,0,https://aphis.file.force.com/sfc/dist/version/download/?oid=00Dt0000000GyZH&ids=068SJ00001LuSNA&d=%2Fa%2FSJ00000Brlwv%2F3IwV_8yNzBpX1X4nGxeSV_IyPA2o41gDb.UaaL13Iwc&asPdf=false,MARION DUPONT SCOTT EQUINE MEDICAL CENTER,Virginia,0,20176,8b2b40076da559d7
52-R-0012,Class R - Research Facility,BLACKSBURG,0,492,0,2026-08-25,8/25/2026,VA Polytechnic Institute & State University,0,https://aphis.file.force.com/sfc/dist/version/download/?oid=00Dt0000000GyZH&ids=068SJ00001QkerN&d=%2Fa%2FSJ00000Cc4N3%2FwWStdejxGD4D6bZ_uLGJOM.iMXSI3fnWXRTJyXqXk3I&asPdf=false,VIRGINIA   TECH,Virginia,0,24061,75067e90a11101f2
52-R-0012,Class R - Research Facility,ROANOKE,0,492,0,2026-08-25,8/25/2026,VA Polytechnic Institute & State University,0,https://aphis.file.force.com/sfc/dist/version/download/?oid=00Dt0000000GyZH&ids=068SJ00001QlJxN&d=%2Fa%2FSJ00000Cc2GP%2FsK9Xtnxa4ERJD3CY5wXZZcIeAzLDx0vZHXOQ_Ga0sJo&asPdf=false,VIRGINIA TECH CARILION RESEARCH INSTITUTE (VTCRI),Virginia,0,24016,cb22f57692c79a46
52-R-0124,Class R - Research Facility,RICHMOND,0,493,0,2026-08-12,8/12/2026,Virginia Commonwealth University,0,https://aphis.file.force.com/sfc/dist/version/download/?oid=00Dt0000000GyZH&ids=068SJ00001P5AW8&d=%2Fa%2FSJ00000CNP5F%2Fl56VggrilRFym2wBJSK2RZZwS1pV9VXFxcVhB2QZrcQ&asPdf=false,Virginia Commonwealth University,Virginia,0,23298,2e7a838e25da009a
74-C-0291,Class C - Exhibitor,FORT WORTH,0,4939,0,2026-07-21,7/21/2026,Fort Worth Museum of Science and History,0,https://aphis.file.force.com/sfc/dist/version/download/?oid=00Dt0000000GyZH&ids=068SJ00001LUSGp&d=%2Fa%2FSJ00000BnFE5%2FC9l_o_9lFS_Ri_OXn90gXVoS715NMOeEhJo8HvfSX5o&asPdf=false,Fort Worth Museum of Science and History,Texas,0,76107,ee0921f1dffb8e93
52-R-0009,Class R - Research Facility,Norfolk,0,494,0,2026-08-13,8/13/2026,Old Dominion University,0,https://aphis.file.force.com/sfc/dist/version/download/?oid=00Dt0000000GyZH&ids=068SJ00001P5zta&d=%2Fa%2FSJ00000CNYrh%2FSDTeckWDLitufyfXdQ2_8Oi.DtYfiKHhjfktWTiM3us&asPdf=false,Old Dominion University,Virginia,0,23507,9a8eefd5d5fbbac2
52-R-0009,Class R - Research Facility,Norfolk,0,494,0,2026-08-13,8/13/2026,Old Dominion University,0,https://aphis.file.force.com/sfc/dist/version/download/?oid=00Dt0000000GyZH&ids=068SJ00001P7kVe&d=%2Fa%2FSJ00000CNxtJ%2Fo.JxsiG9YfTD.Uqpr06Phzbqh1JL1dtW_72Tw7wFb5o&asPdf=false,Old Dominion University,Virginia,0,23508,e02fafc2c4cafda9
45-C-0063,Class C - Exhibitor,Wahpeton,0,4970,0,2026-06-16,6/16/2026,Chahinkapa Zoo,0,https://aphis.file.force.com/sfc/dist/version/download/?oid=00Dt0000000GyZH&ids=068SJ00001H9AHC&d=%2Fa%2FSJ00000B8gtN%2FeVFV09IUvekohCA4SSjKMMtqcn9Athg4dujPAzJEpno&asPdf=false,Chahinkapa Zoo,North Dakota,0,58075,3e26398c94c04506
46-B-0077,Class B - Dealer,Harrison,0,5002,0,2026-06-24,6/24/2026,Karen Veurink,0,https://aphis.file.force.com/sfc/dist/version/download/?oid=00Dt0000000GyZH&ids=068SJ00001ICzPq&d=%2Fa%2FSJ00000BIvhR%2Foka4XaSx0O9gHtUt_WK3p.rp8bZ59DO1NYcXtDwoNxg&asPdf=false,Karen Veurink,South Dakota,0,57344,a7ef49d243c74763
23-B-0248,Class B - Dealer,Newburg,0,500428,0,2026-07-13,7/13/2026,Conodoguinet Creek Kennel LLC,0,https://aphis.file.force.com/sfc/dist/version/download/?oid=00Dt0000000GyZH&ids=068SJ00001KMIWz&d=%2Fa%2FSJ00000BcIQb%2Fq3BM6KCOAc6lzHt.WglDD9NbPR.CRYaQZzkg9vjZfhc&asPdf=false,Conodoguinet Creek Kennel LLC,Pennsylvania,0,17240,20a27c3b3a12b72a
48-A-2223,Class A - Breeder,Oketo,0,500451,0,2026-07-21,7/21/2026,Shannon Dekoning,0,https://aphis.file.force.com/sfc/dist/version/download/?oid=00Dt0000000GyZH&ids=068SJ00001MZLUZ&d=%2Fa%2FSJ00000BylKH%2FO5USYpYURNcktIQ9zPcPJiz434qFwW9rhAZVzUbvOnY&asPdf=false,Shannon Dekoning,Kansas,0,66518,6d65070e8c107155
74-A-1540,Class A - Breeder,Gatesville,0,500455,0,2026-07-27,7/27/2026,Pamela Suzanne Parker,1,https://aphis.file.force.com/sfc/dist/version/download/?oid=00Dt0000000GyZH&ids=068SJ00001MNqDd&d=%2Fa%2FSJ00000BwKjI%2FIVGtQHbcm3pXLTHtAFVOds.8wxeoum6oPaamfcHKBRY&asPdf=false,Pamela Suzanne Parker,Texas,0,76528,3a782140c4876ba7
74-C-1058,Class C - Exhibitor,Denison,0,500490,0,2026-06-16,6/16/2026,Samantha Franklin,0,https://aphis.file.force.com/sfc/dist/version/download/?oid=00Dt0000000GyZH&ids=068SJ00001GqPgY&d=%2Fa%2FSJ00000B5H8L%2FmghNx70inqSAxObJlxsIrnuxGmNhvqiPcVpKSPP.zd8&asPdf=false,Samantha (Meadors) Franklin,Texas,0,75020,b4cccaabda7b6ddc
71-G-0003,Class G - Agricultural Research Facility ARS,FAYETTEVILLE,0,500501,0,2026-08-13,8/13/2026,P P P S R,0,https://aphis.file.force.com/sfc/dist/version/download/?oid=00Dt0000000GyZH&ids=068SJ00001OhevD&d=%2Fa%2FSJ00000CKHVd%2FigRNjX6x1UtHbUHTFrot_jWRJj3nNaRGy9GtDGsWzNU&asPdf=false,USDA ARS PPPSR,Arkansas,0,72703,6a25967f82cf1c23
73-C-0227,Class C - Exhibitor,Bristow,0,500506,0,2026-08-11,8/11/2026,Nicholas Ledbetter,0,https://aphis.file.force.com/sfc/dist/version/download/?oid=00Dt0000000GyZH&ids=068SJ00001OLUBT&d=%2Fa%2FSJ00000CGRgU%2F7TpuJxSSHUfO29G0Rd4EQ2Vf0sRUDq0XfvEkslkt7WA&asPdf=false,Nicholas Ledbetter,Oklahoma,0,74010,376faf3ba111c165
21-A-0188,Class A - Breeder,Attica,0,500513,0,2026-07-23,7/23/2026,Mandy Curtiss,0,https://aphis.file.force.com/sfc/dist/version/download/?oid=00Dt0000000GyZH&ids=068SJ00001LriMU&d=%2Fa%2FSJ00000BrDTp%2FWt6Fepnb7GMMnVFCttQ_Dk5rw9HCHXmKIF2EfDTMjE0&asPdf=false,Mandy Curtiss,New York,0,14011,a37ce52822dd17d6
42-A-1558,Class A - Breeder,Drakesville,0,500534,0,2026-06-17,6/17/2026,Eli Schrock,0,https://aphis.file.force.com/sfc/dist/version/download/?oid=00Dt0000000GyZH&ids=068SJ00001H3uV2&d=%2Fa%2FSJ00000B7MBy%2FqPY_gEPUghRtUPr2zzTkn2.gqe9O8rDzlEFzpAPzO7k&asPdf=false,Eli Schrock,Iowa,0,52552,9bcd28e2f25b16c9
74-C-1185,Class C - Exhibitor,Harper,0,500549,0,2026-06-17,6/17/2026,Sea Lion Splash LLC,0,https://aphis.file.force.com/sfc/dist/version/download/?oid=00Dt0000000GyZH&ids=068SJ00001HbgzA&d=%2Fa%2FSJ00000BCYHJ%2FM.7KSc8GNNz83xI17iU8T5XyjLzGm523oFMFdssTToo&asPdf=false,Sea Lion Splash LLC,Texas,0,78631,e0629db8d369f036
74-C-1185,Class C - Exhibitor,Myakka city,0,500549,0,2026-07-01,7/1/2026,Sea Lion Splash LLC,0,https://aphis.file.force.com/sfc/dist/version/download/?oid=00Dt0000000GyZH&ids=068SJ00001InahD&d=%2Fa%2FSJ00000BOsKH%2FSqr9Lb7tTAYa2vj9MHOS0utXTkBPJUIJl2zZLedPEPQ&asPdf=false,Sea Lion Splash LLC,Florida,0,78631,aff5a22f89eee352
74-C-1185,Class C - Exhibitor,Harper,0,500549,0,2026-07-01,7/1/2026,Sea Lion Splash LLC,0,https://aphis.file.force.com/sfc/dist/version/download/?oid=00Dt0000000GyZH&ids=068SJ00001IuueP&d=%2Fa%2FSJ00000BPw7J%2FLvhFmvN9JtsxYQqUgfpRB7PtsANVG95gmpGbdl0ZtFo&asPdf=false,Sea Lion Splash LLC,Texas,0,78631,df805d99849eb4a5
43-A-6477,Class A - Breeder,Stewartsville,0,500572,0,2026-08-11,8/11/2026,Dana Farr,0,https://aphis.file.force.com/sfc/dist/version/download/?oid=00Dt0000000GyZH&ids=068SJ00001OlsVA&d=%2Fa%2FSJ00000CKqMv%2FbAj6tM_Wkm4I4sOZrlQO2YB_B7jqJ8uGK6Kf5TLtTtY&asPdf=false,Dana A Farr,Missouri,0,64490,e5ae702f2a44f4f0
32-A-0599,Class A - Breeder,ELKHART,0,500599,0,2026-07-21,7/21/2026,Ryan Johnson Jennelle Johnson,0,https://aphis.file.force.com/sfc/dist/version/download/?oid=00Dt0000000GyZH&ids=068SJ00001LWyzJ&d=%2Fa%2FSJ00000Bnuyn%2F2dGLOrrK_wr4JcF5EZrsaFKc7LfXHoMf95I5OPfqFIg&asPdf=false,Ryan Johnson Jennelle Johnson,Indiana,0,46516,7878de0561838e9a
23-C-0400,Class C - Exhibitor,East Stroudsburg,0,500617,0,2026-06-29,6/29/2026,Lowris Enterprises Inc dba Pocono Snake and Animal Farm,0,https://aphis.file.force.com/sfc/dist/version/download/?oid=00Dt0000000GyZH&ids=068SJ00001IvF99&d=%2Fa%2FSJ00000BPlQU%2F00rd.zuxzEW.Ip09SyjB4FPMzvcx4tuMot8oXlaFw_w&asPdf=false,Pocono Snake and Animal Farm,Pennsylvania,0,18301,4141cef64ce9ae6f
43-A-6147,Class A - Breeder,JAMESPORT,0,500694,0,2026-08-06,8/6/2026,David & Katie Stutzman,0,https://aphis.file.force.com/sfc/dist/version/download/?oid=00Dt0000000GyZH&ids=068SJ00001P5dzc&d=%2Fa%2FSJ00000CNXkL%2FenOamT5EA_KuZ06AOggKPppC07SWM_6gyqb5fFtldkQ&asPdf=false,DAVID STUTZMAN KATIE STUTZMAN,Missouri,0,64648,90e4ab8cd4829f01
32-A-0585,Class A - Breeder,Loogootee,0,500710,0,2026-07-02,7/2/2026,Double D Kennel LLC,0,https://aphis.file.force.com/sfc/dist/version/download/?oid=00Dt0000000GyZH&ids=068SJ00001IuiZo&d=%2Fa%2FSJ00000BPrpB%2FTMUqomV4IX9Utm84v6wqWtFifXVJ1TAPrP.HWvLxutQ&asPdf=false,Double D Kennel LLC,Indiana,0,47553,8c42b999f25c22b8
48-A-2200,Class A - Breeder,GALENA,0,500722,0,2026-08-25,8/25/2026,Betty Tash,0,https://aphis.file.force.com/sfc/dist/version/download/?oid=00Dt0000000GyZH&ids=068SJ00001QtESw&d=%2Fa%2FSJ00000CdRKn%2FC0JQOZbNyWillphPu6Qr8rC7AfYbtIZMGZi3r7Cw.cA&asPdf=false,BETTY TASH,Kansas,0,66739,315136367df08ef8
84-R-0092,Class R - Research Facility,GRAND JUNCTION,0,500809,0,2026-06-24,6/24/2026,Colorado Mesa University,1,https://aphis.file.force.com/sfc/dist/version/download/?oid=00Dt0000000GyZH&ids=068SJ00001HoQEt&d=%2Fa%2FSJ00000BEt1V%2FUMS05y8F1OGu8QsGmtB.j83cJWnCWiRIB7fxcia84qM&asPdf=false,COLORADO MESA UNIVERSITY,Colorado,0,81501,0876eb3fe2891e31
15-C-0025,Class C - Exhibitor,Mansfield,0,500813,0,2026-06-17,6/17/2026,AMB Training LLC,0,https://aphis.file.force.com/sfc/dist/version/download/?oid=00Dt0000000GyZH&ids=068SJ00001HRSFt&d=%2Fa%2FSJ00000BAgUH%2F0_I89tmi5toJUS5WmKfE4e7c8OhHywZOSM.e6iPs2Gc&asPdf=false,AMB Training LLC,Massachusetts,0,02048,9011a93162733f4a
31-A-0969,Class A - Breeder,MOUNT GILEAD,0,500856,1,2026-07-01,7/1/2026,Laverne Troyer,3,https://aphis.file.force.com/sfc/dist/version/download/?oid=00Dt0000000GyZH&ids=068SJ00001ItyP0&d=%2Fa%2FSJ00000BPYHy%2F11a4PZ5VCXm_Kjjo.YZTiMLmR9tXKAvNuMFcG5MEpSw&asPdf=false,LAVERNE TROYER,Ohio,0,43338,b2514c871039e661
31-A-0969,Class A - Breeder,MOUNT GILEAD,0,500856,0,2026-07-07,7/7/2026,Laverne Troyer,0,https://aphis.file.force.com/sfc/dist/version/download/?oid=00Dt0000000GyZH&ids=068SJ00001JbwSz&d=%2Fa%2FSJ00000BW9Ur%2FEVSUp0gqJCuDB39FVZl3u6BN3dxLN.H9.dM2.vvrlRM&asPdf=false,LAVERNE TROYER,Ohio,0,43338,d6ad00d6edc62868
63-C-0287,Class C - Exhibitor,Bybee,0,500966,0,2026-06-10,6/10/2026,Animal Visions Investment LLC,0,https://aphis.file.force.com/sfc/dist/version/download/?oid=00Dt0000000GyZH&ids=068SJ00001GKQsg&d=%2Fa%2FSJ00000B017R%2Fo8ZycRMhtPE_gphqQz56Aa3UEQPDAanmpj9jW2aROTo&asPdf=false,Briarwood Ranch,Tennessee,0,37713,8161ce0806fd5ac0
35-A-0393,Class A - Breeder,HILLSBORO,0,501139,0,2026-08-18,8/18/2026,Philip Bontrager,0,https://aphis.file.force.com/sfc/dist/version/download/?oid=00Dt0000000GyZH&ids=068SJ00001PINM7&d=%2Fa%2FSJ00000CPn3R%2FlN4yvwiTITDGhLIxFjrie_zc8bzhQiR3Z.tHG59sDQQ&asPdf=false,PHILIP BONTRAGER,Wisconsin,0,54634,78fde05d43e5bfcc
43-A-6180,Class A - Breeder,HOLDEN,0,501164,0,2026-07-21,7/21/2026,Tina Martin Troy Martin,0,https://aphis.file.force.com/sfc/dist/version/download/?oid=00Dt0000000GyZH&ids=068SJ00001LeqYE&d=%2Fa%2FSJ00000Bp5qX%2FM5tQBNx2yqCqXroXn.jhxd4G6DIkZnzEMKQnsN.uDEs&asPdf=false,"TINA MARTIN, TROY MARTIN",Missouri,0,64040,8c1a7914bd2d45a5
23-A-0652,Class A - Breeder,ORRSTOWN,0,501258,0,2026-07-23,7/23/2026,Benjamin R Stoltzfus,0,https://aphis.file.force.com/sfc/dist/version/download/?oid=00Dt0000000GyZH&ids=068SJ00001LqHbR&d=%2Fa%2FSJ00000BquKk%2FhXDhN9nine2AtH.iK3njd8PNgZi45.aJOlse8jV_grU&asPdf=false,BENJAMIN R STOLTZFUS,Pennsylvania,0,17244,c5e1096cab123ce9
43-B-3803,Class B - Dealer,BARNETT,0,501269,0,2026-08-21,8/21/2026,Toybox Puppies,1,https://aphis.file.force.com/sfc/dist/version/download/?oid=00Dt0000000GyZH&ids=068SJ00001QPI8s&d=%2Fa%2FSJ00000CYoDB%2FdWE2kxgfgrE5sKPzlMi_lrBNO2vmfi.j5sc7nBpSXZw&asPdf=false,ToyBox Puppies,Missouri,0,65011,83278954e58f102f
32-A-0610,Class A - Breeder,LAGRANGE,0,501283,0,2026-06-22,6/22/2026,Vernon W. Miller,1,https://aphis.file.force.com/sfc/dist/version/download/?oid=00Dt0000000GyZH&ids=068SJ00001JBCiL&d=%2Fa%2FSJ00000BRo8r%2FVIZo8tKzpqyGcgfFc9DBzP0VXzb60mT22KxAOVd7.BE&asPdf=false,Vernon W. Miller,Indiana,0,46761,9f0e5b1415611cb5
32-A-0607,Class A - Breeder,LaGrange,0,501306,0,2026-08-28,8/28/2026,Ezra Whetstone,2,https://aphis.file.force.com/sfc/dist/version/download/?oid=00Dt0000000GyZH&ids=068SJ00001RCW4O&d=%2Fa%2FSJ00000Cg1Tp%2Fr9CzGzfCNn0J0OkxVy_FRn7rYWZVY7dcEgsfGF16wC0&asPdf=false,Erza Whetstone,Indiana,0,46761,a78b544990c79c83
31-A-0645,Class A - Breeder,DUNDEE,0,501453,0,2026-07-28,7/28/2026,Reuben Miller,0,https://aphis.file.force.com/sfc/dist/version/download/?oid=00Dt0000000GyZH&ids=068SJ00001MsXMp&d=%2Fa%2FSJ00000C29Mr%2FrMMqIfTwskQsNwtpiIA7Xem2E6T.Y.n4ETZb_FxEWdw&asPdf=false,REUBEN B MILLER,Ohio,0,44624,48cc6c74acf2d79d
41-C-0330,Class C - Exhibitor,Hastings,0,501459,0,2026-07-02,7/2/2026,Carpenter St Croix Valley Nature Center,0,https://aphis.file.force.com/sfc/dist/version/download/?oid=00Dt0000000GyZH&ids=068SJ00001KKj3W&d=%2Fa%2FSJ00000BbwI1%2FwTDLtBOMdAMETxHVhcjend_exdGNLiMxXQIJrTXKhD0&asPdf=false,Carpenter St Croix Valley Nature Center,Minnesota,0,55033,d0623a39f9338022
31-A-0654,Class A - Breeder,Dundee,0,501484,0,2026-07-28,7/28/2026,Dwayne Yoder,0,https://aphis.file.force.com/sfc/dist/version/download/?oid=00Dt0000000GyZH&ids=068SJ00001MsKJC&d=%2Fa%2FSJ00000C29TJ%2Fq1rEO3aci2O5UQY.TJwo74Oohp6IB3PJliXlb8bDf7o&asPdf=false,Dwayne Yoder,Ohio,0,44624,b20f9f062c62f6cb
35-C-0429,Class C - Exhibitor,Fall Creek,0,501527,0,2026-06-11,6/11/2026,Outlaw Farms LLC,0,https://aphis.file.force.com/sfc/dist/version/download/?oid=00Dt0000000GyZH&ids=068SJ00001GFkTq&d=%2Fa%2FSJ00000AzSHl%2FeOM_Ii8Fd2U2XB5UCTabRv.dY7Ak1Ml4Wh.wRdbwmCA&asPdf=false,Outlaw Farms LLC,Wisconsin,0,54742,2c197055ac10fb02
32-A-1173,Class A - Breeder,Odon,0,501572,0,2026-08-17,8/17/2026,Nathan A Wagler,0,https://aphis.file.force.com/sfc/dist/version/download/?oid=00Dt0000000GyZH&ids=068SJ00001PCcU3&d=%2Fa%2FSJ00000CObxB%2FWbSiTp9V_xZpANOsDqDzHR3tuH26dBMXc5UbEnV5ofs&asPdf=false,Nathan A Wagler,Indiana,0,47562,73eac0d950986dfc
31-A-0643,Class A - Breeder,BALTIC,0,501573,0,2026-08-13,8/13/2026,Aaron Beachy,1,https://aphis.file.force.com/sfc/dist/version/download/?oid=00Dt0000000GyZH&ids=068SJ00001Oq4Np&d=%2Fa%2FSJ00000CLbNR%2F1sm05LtbXF5Zzb176ODYmJIfE5vEI.iYnQdg0uLHAxo&asPdf=false,Aaron Beachy,Ohio,0,43804,9a3e9b634393c907
71-B-0223,Class B - Dealer,Siloam Springs,0,501603,0,2026-08-18,8/18/2026,"Southern Creatures, LLC",0,https://aphis.file.force.com/sfc/dist/version/download/?oid=00Dt0000000GyZH&ids=068SJ00001PIZhy&d=%2Fa%2FSJ00000CPTHe%2FZd3dtFKVyvlMbhZli7OEt_mL4BdvVp1UpOUBOJjFMLg&asPdf=false,"Southern Creatures, LLC",Arkansas,0,72761,d6c9173fdbbfbec9
73-A-2761,Class A - Breeder,COALGATE,0,501619,0,2026-07-21,7/21/2026,Danny Schrock,0,https://aphis.file.force.com/sfc/dist/version/download/?oid=00Dt0000000GyZH&ids=068SJ00001LW4vL&d=%2Fa%2FSJ00000BnmDF%2Fqzoos.ZHzXE2jTK_oLBh471ueI2cUybMY1lVv6V2oG0&asPdf=false,Danny Schrock,Oklahoma,0,74538,69245d0a10e6bbb6
31-C-0275,Class C - Exhibitor,West Union,0,501670,0,2026-06-25,6/25/2026,Ryen Shiveley,2,https://aphis.file.force.com/sfc/dist/version/download/?oid=00Dt0000000GyZH&ids=068SJ00001IdZRR&d=%2Fa%2FSJ00000BN997%2FDoDd8En3tilS2D5kO1nQ7HV5rU9BWJJdm1Sf0kdfaj0&asPdf=false,Ryen Shiveley,Ohio,0,45693,4bd8e970c4d1deec
43-A-6288,Class A - Breeder,LATHAM,0,501696,0,2026-06-11,6/11/2026,Melvin Shirk,0,https://aphis.file.force.com/sfc/dist/version/download/?oid=00Dt0000000GyZH&ids=068SJ00001GNUgo&d=%2Fa%2FSJ00000B0nqP%2FOWORUaKdHCqvNIf4zMn03cLfnGj1_UfelebrOeAr1sg&asPdf=false,MELVIN SHIRK,Missouri,0,65050,173503df3f51c7fc
46-C-0012,Class C - Exhibitor,RAPID CITY,0,5017,0,2026-08-17,8/17/2026,Black Hills Reptile Gardens Inc,0,https://aphis.file.force.com/sfc/dist/version/download/?oid=00Dt0000000GyZH&ids=068SJ00001PNqos&d=%2Fa%2FSJ00000CQa7N%2FiH3XkCQ_wM7efjCGNafxAN7_bibmIhZ_.GxfJJBd5Gc&asPdf=false,Black Hills Reptile Gardens Inc,South Dakota,0,57701,506346e4a9f27cd8
58-B-0648,Class B - Dealer,Immokalee,0,501700,0,2026-07-21,7/21/2026,Primate Products LLC,0,https://aphis.file.force.com/sfc/dist/version/download/?oid=00Dt0000000GyZH&ids=068SJ00001LbqZR&d=%2Fa%2FSJ00000BoGb7%2FnnS_4vIB4eQ4zPrOOoPXcY10ZDSmKEPyxdpAHo6GiBo&asPdf=false,Primate Products LLC,Florida,0,34142,c6e0701aa6d615c9
58-R-0162,Class R - Research Facility,Immokalee,0,501700,0,2026-07-21,7/21/2026,Primate Products LLC,0,https://aphis.file.force.com/sfc/dist/version/download/?oid=00Dt0000000GyZH&ids=068SJ00001LbfZD&d=%2Fa%2FSJ00000BoG3F%2FEPxTubvovCZyXNRSe0C36Xpx_zqOdg4..M04wl5X57M&asPdf=false,Primate Products LLC,Florida,0,34142,01bf9f81f78031c6
63-C-0326,Class C - Exhibitor,Cleveland,0,501748,0,2026-06-24,6/24/2026,The Little Country Farm,0,https://aphis.file.force.com/sfc/dist/version/download/?oid=00Dt0000000GyZH&ids=068SJ00001JDPrj&d=%2Fa%2FSJ00000BS1m1%2FYelergc.ZXENF_CqLAfh7YNECZfszA3SiVy6zENzrYc&asPdf=false,The Little Country Farm,Tennessee,0,37323,ae7e09e2cb2e00b5
31-R-0133,Class R - Research Facility,CANTON,0,501751,0,2026-06-22,6/22/2026,Ross College North Canton,2,https://aphis.file.force.com/sfc/dist/version/download/?oid=00Dt0000000GyZH&ids=068SJ00001HexPA&d=%2Fa%2FSJ00000BDOJ7%2F1zecAsG9LfSj36W2jFLa7j2pT6YLClfFDNGb2qWD7GI&asPdf=false,ROSS COLLEGE NORTH CANTON,Ohio,0,44718,e241d6b704a7377e
35-A-0399,Class A - Breeder,Athens,0,501819,0,2026-07-21,7/21/2026,Linda Swarr,0,https://aphis.file.force.com/sfc/dist/version/download/?oid=00Dt0000000GyZH&ids=068SJ00001M2qql&d=%2Fa%2FSJ00000BtDHe%2FMXtesrgFQwhfwZM2rQGTI76zQAlQnthet4Dg0jODhY0&asPdf=false,Linda Swarr,Wisconsin,0,54411,d2e40a846559c9a3
92-C-0192,Class C - Exhibitor,Newport,0,501846,0,2026-07-07,7/7/2026,Blaine Brown,0,https://aphis.file.force.com/sfc/dist/version/download/?oid=00Dt0000000GyZH&ids=068SJ00001JbLrs&d=%2Fa%2FSJ00000BWFQb%2FNtYx8CD70kOLE2cjkkDv7J9xAk2yIYNnh6Zdl.vyZvY&asPdf=false,Blaine Brown,Oregon,0,97365,ee264af91c64a0a2
35-A-0405,Class A - Breeder,Hillsboro,0,501876,0,2026-08-03,8/3/2026,Junior Yutzy,4,https://aphis.file.force.com/sfc/dist/version/download/?oid=00Dt0000000GyZH&ids=068SJ00001P1kTn&d=%2Fa%2FSJ00000CMvaD%2FVLAcjbl3bQQStKEFuP9m5Hg7cVyUrTX8vz0CU84dMTA&asPdf=false,Junior Yutzy,Wisconsin,0,54634,73783aec26680645
47-A-0625,Class A - Breeder,Newport,0,501884,0,2026-07-22,7/22/2026,Milton Lewis,1,https://aphis.file.force.com/sfc/dist/version/download/?oid=00Dt0000000GyZH&ids=068SJ00001MFEX1&d=%2Fa%2FSJ00000BuzLp%2FWzbKg.maYvxHa5P76hH3vRk6wUHW.rkQDOJRys4RRVo&asPdf=false,Milton Lewis,Nebraska,0,68759,5b69c82f704759a8
71-A-1373,Class A - Breeder,Booneville,0,501907,0,2026-07-30,7/30/2026,William D Remy,0,https://aphis.file.force.com/sfc/dist/version/download/?oid=00Dt0000000GyZH&ids=068SJ00001Mv0w3&d=%2Fa%2FSJ00000C2wLx%2Fagyis9i6loPXa3HHRV8zSmEczEKEvOZKl8HF6OpYd8c&asPdf=false,William D Remy,Arkansas,0,72927,2ab9ddd59a444090
58-A-0359,Class A - Breeder,New Port Richey,0,501924,0,2026-08-24,8/24/2026,Dennehy Services Llc,0,https://aphis.file.force.com/sfc/dist/version/download/?oid=00Dt0000000GyZH&ids=068SJ00001QmTBa&d=%2Fa%2FSJ00000CcNeD%2FG2DRUxIK6zc7FeTPsK1qwjcG4sLg1DIRW_haDo4ZhGE&asPdf=false,Dennehy Services LLC,Florida,0,34654,3c1852e154926860
32-A-0634,Class A - Breeder,Wawaka,0,501945,0,2026-07-14,7/14/2026,Summers Goldens LLC,0,https://aphis.file.force.com/sfc/dist/version/download/?oid=00Dt0000000GyZH&ids=068SJ00001KWpq4&d=%2Fa%2FSJ00000BeJDh%2F4ES.8fJ1VyOQxBxux8BYyvNxv58jW2Qt4Nk20OFy8CI&asPdf=false,Summers Goldens LLC,Indiana,0,46794,f31b7b86e2e3a9ca
31-A-0670,Class A - Breeder,MILLERSBURG,0,502022,0,2026-07-15,7/15/2026,Katie L Mast,0,https://aphis.file.force.com/sfc/dist/version/download/?oid=00Dt0000000GyZH&ids=068SJ00001KtNhq&d=%2Fa%2FSJ00000Bhlwb%2FilEFEb.XYkEqRZhHQarP8hdSaMowQf3KIYjyO6Mbj.o&asPdf=false,KATIE L MAST,Ohio,0,44654,e276f85b5f76233f
42-A-1575,Class A - Breeder,Maurice,0,502076,0,2026-06-10,6/10/2026,JK Puppies LLC,0,https://aphis.file.force.com/sfc/dist/version/download/?oid=00Dt0000000GyZH&ids=068SJ00001GOfOc&d=%2Fa%2FSJ00000B0vXp%2F6sGHJL0spo9f_W1nGqrJGfJg1UWK4YRqk2alTwyAgrU&asPdf=false,JK Puppies LLC,Iowa,0,51036,d99ea1c03c39ac0b
94-R-0115,Class R - Research Facility,GURABO,0,502100,0,2026-08-17,8/17/2026,Universidad Ana G. Méndez,1,https://aphis.file.force.com/sfc/dist/version/download/?oid=00Dt0000000GyZH&ids=068SJ00001Ri0vX&d=%2Fa%2FSJ00000CknoP%2FztWYwbG2oBFfbebieq7nRnBkShmTYg2i.G4i8AqqWPI&asPdf=false,UNIVERSIDAD ANA G MENDEZ GURABO CAMPUS,Puerto Rico,0,00778,13e0bd296533b6ef
94-R-0115,Class R - Research Facility,PONCE,0,502100,0,2026-08-20,8/20/2026,Universidad Ana G. Méndez,0,https://aphis.file.force.com/sfc/dist/version/download/?oid=00Dt0000000GyZH&ids=068SJ00001Q2z37&d=%2Fa%2FSJ00000CW7aX%2Fzdjn5pfn2nWgASemJq.ySqijLgSXQ_J82jxvqDHbu4Y&asPdf=false,UNIVERSIDAD ANA G MENDEZ PONCE,Puerto Rico,0,00716,28ec3bdd9fee7d45
94-R-0115,Class R - Research Facility,BARCELONETA,0,502100,0,2026-08-24,8/24/2026,Universidad Ana G. Méndez,0,https://aphis.file.force.com/sfc/dist/version/download/?oid=00Dt0000000GyZH&ids=068SJ00001QkW43&d=%2Fa%2FSJ00000Cbz2P%2FHaijx10UlMX6Uyzbk3ABYzX91RL.fk_ZT3Lz29fVNVA&asPdf=false,UNIVERSIDAD ANA G. MÉNDEZ BARCELONETA,Puerto Rico,0,00617,0e166ce8721c07bb
43-A-6230,Class A - Breeder,CLARK,0,502237,0,2026-07-08,7/8/2026,Samuel Miller Kathryn Miller,0,https://aphis.file.force.com/sfc/dist/version/download/?oid=00Dt0000000GyZH&ids=068SJ00001LzZnV&d=%2Fa%2FSJ00000BsRsv%2F1SeRq4uW3qDmEW9J71K9QswS4m6ydxaqKnWYAa9MfF8&asPdf=false,Samuel Miller Kathryn Miller,Missouri,0,65243,a382ec433cac202b
43-B-3779,Class B - Dealer,Hartville,0,502248,0,2026-07-29,7/29/2026,Annette Culver,0,https://aphis.file.force.com/sfc/dist/version/download/?oid=00Dt0000000GyZH&ids=068SJ00001NUyyu&d=%2Fa%2FSJ00000CjyU9%2FtFdpbaInZCAbXuWklhOMzBcFujtdRmnPpNXU4x9z_1E&asPdf=false,Annette Culver,Missouri,0,65667,202eadcdb1760ca7
73-A-2765,Class A - Breeder,COALGATE,0,502275,0,2026-08-06,8/6/2026,Kenneth Troyer,0,https://aphis.file.force.com/sfc/dist/version/download/?oid=00Dt0000000GyZH&ids=068SJ00001NlvrZ&d=%2Fa%2FSJ00000CAvOK%2FtVoHpMS87SiRZqXic9G_srJGfOIJ82bea5WhCywRdT0&asPdf=false,KENNETH TROYER,Oklahoma,0,74538,0b42d4ea1baf3f79
32-A-0644,Class A - Breeder,Berne,0,502294,0,2026-08-24,8/24/2026,Dan T Schwartz,0,https://aphis.file.force.com/sfc/dist/version/download/?oid=00Dt0000000GyZH&ids=068SJ00001Q9XBq&d=%2Fa%2FSJ00000CWiTd%2FlDV7x_Zw4YemhyhtysVYy_1r7WBelxc_OKE7LEpCPn8&asPdf=false,Dan T Schwartz,Indiana,0,46711,974f5d0330d32217
74-B-0773,Class B - Dealer,Alice,0,502319,0,2026-07-07,7/7/2026,Inotiv LAMS West Inc,0,https://aphis.file.force.com/sfc/dist/version/download/?oid=00Dt0000000GyZH&ids=068SJ00001JbPfH&d=%2Fa%2FSJ00000BW90D%2FFZUtKxWLJ88iR935MIrC4OUS4zYiQJS6Oo49Vif2w_4&asPdf=false,Inotiv LAMS West Inc,Texas,0,78332,6b34bba7fa792e7d
93-B-0249,Class B - Dealer,CHINO,0,502382,0,2026-06-30,6/30/2026,BPD Inc.,0,https://aphis.file.force.com/sfc/dist/version/download/?oid=00Dt0000000GyZH&ids=068SJ00001InrUy&d=%2Fa%2FSJ00000BOuQv%2FDHh1roKOYOCYl7_ZyqtWata08vHVBBZNv860Y4PPEak&asPdf=false,BPD Inc.,California,0,91710,aefb5984d74e0ce7
58-C-1246,Class C - Exhibitor,Citra,0,502392,0,2026-07-30,7/30/2026,Susan Nassivera,0,https://aphis.file.force.com/sfc/dist/version/download/?oid=00Dt0000000GyZH&ids=068SJ00001Mluza&d=%2Fa%2FSJ00000C14sI%2FGfggMiiPrR4GRBw82m0u0B8PUIpqlPIx.aD4q2ObXpo&asPdf=false,Susan Nassivera,Florida,0,32113,63ce9698526f876c
32-A-0640,Class A - Breeder,Gary,0,502426,0,2026-06-25,6/25/2026,Kuiper Rabbit Ranch LLC,0,https://aphis.file.force.com/sfc/dist/version/download/?oid=00Dt0000000GyZH&ids=068SJ00001IaYLX&d=%2Fa%2FSJ00000BMUE1%2FXjQnyqBxw8vsgA97jBHYuovmuRoDzWNqGieN.bmWX1Y&asPdf=false,Kuiper Rabbit Ranch LLC,Indiana,0,46408,b9f597bacf76a859
32-A-0651,Class A - Breeder,LaGrange,0,502539,0,2026-06-22,6/22/2026,Earl D Beechy,0,https://aphis.file.force.com/sfc/dist/version/download/?oid=00Dt0000000GyZH&ids=068SJ00001HW7sF&d=%2Fa%2FSJ00000BBOyT%2FiDt0l.ENP9EqFG8sMsRozzT.zzJ_P9Ibm2IIPjJkBks&asPdf=false,Earl D Beechy,Indiana,0,46761,a35198285101f8e0
41-B-0281,Class B - Dealer,Milaca,0,502554,0,2026-08-12,8/12/2026,Central Minnesota Livestock Sourcing,0,https://aphis.file.force.com/sfc/dist/version/download/?oid=00Dt0000000GyZH&ids=068SJ00001Q58Da&d=%2Fa%2FSJ00000CWECD%2FmOk.OfQmaR2mS9TsXJD3Zc3igj3IQdrryLnSWwA.I9I&asPdf=false,Central Minnesota Livestock Sourcing,Minnesota,0,56353,35b807e0d9ba9570
46-A-0435,Class A - Breeder,Freeman,0,5026,0,2026-07-07,7/7/2026,Carla Pederson,0,https://aphis.file.force.com/sfc/dist/version/download/?oid=00Dt0000000GyZH&ids=068SJ00001K0JIC&d=%2Fa%2FSJ00000BaEHR%2FceAvz00SGVTtTTy.jpdXEJqzXeAGBg7Rz5M1LhvbfKs&asPdf=false,Carla Pederson,South Dakota,0,57029,51d54124125cfe32
47-A-0207,Class A - Breeder,WINNETOON,0,5028,0,2026-08-27,8/27/2026,Linda C Andersen,0,https://aphis.file.force.com/sfc/dist/version/download/?oid=00Dt0000000GyZH&ids=068SJ00001QpJNi&d=%2Fa%2FSJ00000CcinV%2F97onONQ50mdYu_yhgJCGzYyh7kZL1cYX6YIkJEgjxow&asPdf=false,LINDA ANDERSEN,Nebraska,0,68789,422dbd031ad23b6d
47-C-0063,Class C - Exhibitor,Herman,0,502837,0,2026-06-16,6/16/2026,Jolene Osborne,0,https://aphis.file.force.com/sfc/dist/version/download/?oid=00Dt0000000GyZH&ids=068SJ00001HTxKH&d=%2Fa%2FSJ00000BAxV9%2F_4x7F3MQCjqjaxIeCf6poqJljdBiuHdH5QUVOd_lNtE&asPdf=false,Jolene Osborne,Nebraska,0,68029,a229c28b8e8484ed
47-C-0063,Class C - Exhibitor,HERMAN,0,502837,0,2026-08-01,8/1/2026,Jolene Osborne,0,https://aphis.file.force.com/sfc/dist/version/download/?oid=00Dt0000000GyZH&ids=068SJ00001NiOPI&d=%2Fa%2FSJ00000CAM0L%2FdeUA3snYksDS0lIPZ4P.mJRfN0YVt97J2dcxIxbXvbM&asPdf=false,Critter CloseUps TRA,Nebraska,0,68029,c4e2e85ce5b903fe
93-R-0582,Class R - Research Facility,ESCONDIDO,0,502843,0,2026-06-24,6/24/2026,"ABBIOTEC, INC",4,https://aphis.file.force.com/sfc/dist/version/download/?oid=00Dt0000000GyZH&ids=068SJ00001IxJf1&d=%2Fa%2FSJ00000BQXA9%2FVIesa6kUX.ILQ0uiZGFS5kBf43qGtdrDsxeWsMLXfJg&asPdf=false,"ABBIOTEC, Inc",California,0,92029,34135372a9294f39
93-R-0582,Class R - Research Facility,VALLEY CENTER,0,502843,0,2026-06-25,6/25/2026,"ABBIOTEC, INC",2,https://aphis.file.force.com/sfc/dist/version/download/?oid=00Dt0000000GyZH&ids=068SJ00001IxAzw&d=%2Fa%2FSJ00000BQXjZ%2FfA1IMR9KHOYwsq9YEtWvpPcdTViKeQZJ30XcJdpnmMk&asPdf=false,"Couser Valley Ranch, LLC",California,0,92082,d8390bfcb9e1fb64
31-R-0134,Class R - Research Facility,TOLEDO,0,502924,0,2026-06-25,6/25/2026,University of Toledo,0,https://aphis.file.force.com/sfc/dist/version/download/?oid=00Dt0000000GyZH&ids=068SJ00001I6Xmc&d=%2Fa%2FSJ00000BHmUv%2Ffry8tKiDUddGwtJdnGNOFJ6rDPjs9orYhRkdoiZpb4Q&asPdf=false,HEALTH SCIENCE CAMPUS,Ohio,0,43606,a009849c5ca83f90
16-C-0167,Class C - Exhibitor,WOODSTOCK,0,502945,0,2026-07-08,7/8/2026,Ferncroft Wildlife Rescue,0,https://aphis.file.force.com/sfc/dist/version/download/?oid=00Dt0000000GyZH&ids=068SJ00001JlWU8&d=%2Fa%2FSJ00000BXIsf%2FZKjJDHr.BLsznE2bsH9EAIQjAFkn5g6CJI_v.iWYg90&asPdf=false,FERNCROFT WILDLIFE RESCUE,Connecticut,0,06281,929b11005492042b
57-C-0376,Class C - Exhibitor,Winder,0,502959,0,2026-08-12,8/12/2026,Hand Me Down Zoo,1,https://aphis.file.force.com/sfc/dist/version/download/?oid=00Dt0000000GyZH&ids=068SJ00001Obxiz&d=%2Fa%2FSJ00000CJ4CH%2FmNbnxnb.r6DrsdFfU7XpNt2j5mEiTwHY8nWmL381kIk&asPdf=false,Hand Me Down Zoo,Georgia,0,30680,46d08f27755e1ed4
55-C-0326,Class C - Exhibitor,LIBERTY,0,502988,0,2026-08-27,8/27/2026,Alison Peeler,0,https://aphis.file.force.com/sfc/dist/version/download/?oid=00Dt0000000GyZH&ids=068SJ00001QtVv3&d=%2Fa%2FSJ00000CdQ0X%2F41V1T3bCQTP.Kk22TAzCFXDtVsoKMRaZz.w_C8fovYk&asPdf=false,LIBERTY ACRES,North Carolina,0,27298,ab0d61ab9c700c3a
43-A-6289,Class A - Breeder,DOWNING,0,503023,0,2026-06-16,6/16/2026,Tahnee Baker,0,https://aphis.file.force.com/sfc/dist/version/download/?oid=00Dt0000000GyZH&ids=068SJ00001Ibgs1&d=%2Fa%2FSJ00000BMfvq%2FW.SZm7uyywlC1XC7TZ5.SzyUQ.dzwqaQAv2AK3rtUj8&asPdf=false,TAHNEE POE,Missouri,0,63536,beb177de4c003e11
35-C-0421,Class C - Exhibitor,Minocqua,0,503085,0,2026-08-26,8/26/2026,Northwoods Wildlife Center,0,https://aphis.file.force.com/sfc/dist/version/download/?oid=00Dt0000000GyZH&ids=068SJ00001QwlyW&d=%2Fa%2FSJ00000Ce62z%2FMxjaHPgIHvKzWgAd1MoOviW_cX2I2aF4aF5v6PhVyUs&asPdf=false,Northwoods Wildlife Center,Wisconsin,0,54548,da80706c6e14d928
55-B-0226,Class B - Dealer,Granite Falls,0,503150,0,2026-08-20,8/20/2026,Misty Woodruff,0,https://aphis.file.force.com/sfc/dist/version/download/?oid=00Dt0000000GyZH&ids=068SJ00001Q90Nv&d=%2Fa%2FSJ00000CWfFd%2FGRdsPUbywnCvA9lYRDZlaTDo5Y1bvwfDt7fN8e8FAzI&asPdf=false,Misty Woodruff,North Carolina,0,28630,354d42d01faecce5
74-A-1542,Class A - Breeder,HONEY GROVE,0,503180,0,2026-07-13,7/13/2026,Daniel Ressler,0,https://aphis.file.force.com/sfc/dist/version/download/?oid=00Dt0000000GyZH&ids=068SJ00001KMeB6&d=%2Fa%2FSJ00000BcZzJ%2FoaYaimaigAbPNsu.i6Gp3Xu6C42Qql5d9UXJ.NQrl.k&asPdf=false,DANIEL RESSLER,Texas,0,75446,a852283c30bf36f7
43-A-6307,Class A - Breeder,Versailles,0,503227,0,2026-07-08,7/8/2026,Nancy Long,0,https://aphis.file.force.com/sfc/dist/version/download/?oid=00Dt0000000GyZH&ids=068SJ00001JpPKW&d=%2Fa%2FSJ00000BYNiD%2FgorHYRLQhLqc3bq6ZOcb2FLmdjyuZzHWi_mk8R7VQIE&asPdf=false,Nancy Long- 002,Missouri,0,65084,da3f767db1992158
14-R-0214,Class R - Research Facility,Woburn,0,503238,0,2026-06-24,6/24/2026,Pharmaron (Boston) Lab Services LLC,0,https://aphis.file.force.com/sfc/dist/version/download/?oid=00Dt0000000GyZH&ids=068SJ00001I78ij&d=%2Fa%2FSJ00000BHi7x%2FEbhjlurYjpmEiDJ5sI.jbQ5LXHAPd9gdo5E3j5dfAJo&asPdf=false,Pharmaron (Boston) Lab Services LLC,Massachusetts,0,01801,c332adb7dd089656
43-A-6290,Class A - Breeder,Jamesport,0,503255,0,2026-08-06,8/6/2026,Ivan Yutzy,0,https://aphis.file.force.com/sfc/dist/version/download/?oid=00Dt0000000GyZH&ids=068SJ00001Nn8Jl&d=%2Fa%2FSJ00000CBDe9%2FnIuVLWtsp6gFUIv3tc303FJ2NtwKpQrtkRiqU4UPSbM&asPdf=false,Ivan Yutzy,Missouri,0,64648,162279d688dca1ee
58-T-0846,Class T - Carrier,Cape Coral,0,503288,0,2026-07-06,7/6/2026,Starwood Pet Travel,0,https://aphis.file.force.com/sfc/dist/version/download/?oid=00Dt0000000GyZH&ids=068SJ00001JGbup&d=%2Fa%2FSJ00000BSvmb%2FDUrMUXq5k4KtTdzEd4h4fJfHy9nF3pejEntLJkd5nRc&asPdf=false,Starwood Pet Travel,Florida,0,33914,6e3ee6e5e7c39d13
23-C-0382,Class C - Exhibitor,Washington Boro,0,503308,0,2026-07-01,7/1/2026,Raven Ridge Wildlife Center,0,https://aphis.file.force.com/sfc/dist/version/download/?oid=00Dt0000000GyZH&ids=068SJ00001Itmlx&d=%2Fa%2FSJ00000BPZ97%2FHcqtxGgwW3IUTk1bJh.X6mQTHvHhelY4NnXre_VRuq4&asPdf=false,Raven Ridge Wildlife Center,Pennsylvania,0,17582,473fb2e1e18bc4c4
43-C-0434,Class C - Exhibitor,EASTON,0,503326,0,2026-06-26,6/26/2026,Orrick Acres LLC,0,https://aphis.file.force.com/sfc/dist/version/download/?oid=00Dt0000000GyZH&ids=068SJ00001Id0DQ&d=%2Fa%2FSJ00000BMz1h%2FMXNXqaX4qjkM6BCZK2RxApMyh5TxitK_1j37Zuk6ZFw&asPdf=false,Orrick Acres LLC,Missouri,0,64443,778dd50c42e85051
43-C-0434,Class C - Exhibitor,EASTON,0,503326,0,2026-08-07,8/7/2026,Orrick Acres LLC,0,https://aphis.file.force.com/sfc/dist/version/download/?oid=00Dt0000000GyZH&ids=068SJ00001OW6Ab&d=%2Fa%2FSJ00000CINyX%2Fke4X.DL059iy4Z3BPE9Iz4Gpp28NmwGS6oqeQvN1X9I&asPdf=false,Orrick Acres LLC,Missouri,0,64443,36ea27c3125d08a3
94-R-0116,Class R - Research Facility,ARECIBO,0,503339,0,2026-08-20,8/20/2026,Universidad De Puerto Rico En Arecibo,1,https://aphis.file.force.com/sfc/dist/version/download/?oid=00Dt0000000GyZH&ids=068SJ00001Rhm1P&d=%2Fa%2FSJ00000CkoNt%2F9QqxKztbEhG4.CCsjr6J3dU_6bCiNLifi4hE6jgXfmM&asPdf=false,UNIVERSIDAD DE PUERTO RICO EN ARECIBO,Puerto Rico,0,614,ee6e7ce8eb31699e
47-C-0065,Class C - Exhibitor,Alda,0,503355,0,2026-07-21,7/21/2026,Pete's Safari,0,https://aphis.file.force.com/sfc/dist/version/download/?oid=00Dt0000000GyZH&ids=068SJ00001LX7Kl&d=%2Fa%2FSJ00000BnsvN%2FmbKhIcikvapkQwsPjEoTTltDuogLljk_O1UfPy8Nk0Y&asPdf=false,Kevin Peterson,Nebraska,0,68810,8f4823dc23fb7d99
14-C-0153,Class C - Exhibitor,Sterling,0,503385,0,2026-07-08,7/8/2026,Davis Farmland LLC,0,https://aphis.file.force.com/sfc/dist/version/download/?oid=00Dt0000000GyZH&ids=068SJ00001JxrTC&d=%2Fa%2FSJ00000BZgVt%2F32wYzA7NfgX.C2EVDM7P88GanPcQmqv5Rg39JTOPtRA&asPdf=false,Davis Farmland,Massachusetts,0,01564,c6ef9c5bdb964c76
55-R-0152,Class R - Research Facility,CASTLE HAYNE,0,503416,0,2026-08-27,8/27/2026,Cape Fear Community College Veterinary Medical Technology Program,0,https://aphis.file.force.com/sfc/dist/version/download/?oid=00Dt0000000GyZH&ids=068SJ00001R57Lm&d=%2Fa%2FSJ00000CevWv%2FUg4ghjP6zydwfHamEMHSwlFr0lInk2RBfYNAMmJSCLY&asPdf=false,CAPE FEAR COMMUNITY COLLEGE VMT,North Carolina,0,28429,61afbb78c1fd561a
57-C-0366,Class C - Exhibitor,Rutledge,0,503430,0,2026-08-14,8/14/2026,Trevor Maclean,1,https://aphis.file.force.com/sfc/dist/version/download/?oid=00Dt0000000GyZH&ids=068SJ00001Op54S&d=%2Fa%2FSJ00000CLUCH%2FgG4Sl2f5ABXinVvTShFqu.qts0__JMJuh28N.07SD.s&asPdf=false,Trevor Maclean,Georgia,0,30663,f72635a972f0b27a
32-A-0679,Class A - Breeder,Loogootee,0,503432,0,2026-07-02,7/2/2026,Matthew & Kayla Raber,0,https://aphis.file.force.com/sfc/dist/version/download/?oid=00Dt0000000GyZH&ids=068SJ00001JDVnR&d=%2Fa%2FSJ00000BS1xJ%2F8SQA4dPUVBg1d8hti7Me3K_9uyizGwx.OjBba57GUFc&asPdf=false,Matthew Raber Kayla Raber,Indiana,0,47553,891dd022732993c1
58-B-0668,Class B - Dealer,Pembroke Pines,0,503450,0,2026-07-01,7/1/2026,SL Imports LLC,2,https://aphis.file.force.com/sfc/dist/version/download/?oid=00Dt0000000GyZH&ids=068SJ00001Jx9KC&d=%2Fa%2FSJ00000BZav7%2FP0kDFIGns3PZVo_mtt9QIpTYRNk_2l2e2XP6Rrv_Qa4&asPdf=false,SL Imports LLC,Florida,0,33024,956deadd38f36b70
65-C-0564,Class C - Exhibitor,Gulfport,0,503551,0,2026-07-08,7/8/2026,Mississippi Aquarium,0,https://aphis.file.force.com/sfc/dist/version/download/?oid=00Dt0000000GyZH&ids=068SJ00001Jq0oy&d=%2Fa%2FSJ00000BYGiM%2F4q5EikIPi1c9YG_pZ2oBMLRFhcIR3pY8pa.3kfEwhBs&asPdf=false,Mississippi Aquarium,Mississippi,0,39501,df96cbbca87b75d4
73-A-2836,Class A - Breeder,KEOTA,0,503578,0,2026-08-17,8/17/2026,Lesli Mecom,0,https://aphis.file.force.com/sfc/dist/version/download/?oid=00Dt0000000GyZH&ids=068SJ00001PbJjI&d=%2Fa%2FSJ00000CSRRO%2FfVBd7faG5_Uu1tNXwkx_vDJmVn.cj1rwiRJqPUre4e0&asPdf=false,Lesli Mecom,Oklahoma,0,74941,3faeb3d2e75fa0eb
14-C-0147,Class C - Exhibitor,SHERBORN,0,503633,0,2026-06-10,6/10/2026,Albert and Patricia Michaud,0,https://aphis.file.force.com/sfc/dist/version/download/?oid=00Dt0000000GyZH&ids=068SJ00001GLSR4&d=%2Fa%2FSJ00000B0HXB%2FZiAMUctlLLWeeDUtG3f7V_xbHWvNaNYXcVgCN2MH4UQ&asPdf=false,Albert and Patricia Michaud,Massachusetts,0,01770,1777d540a60c3573
42-A-1601,Class A - Breeder,Rock Valley,0,503733,0,2026-08-27,8/27/2026,Jennifer Faber,0,https://aphis.file.force.com/sfc/dist/version/download/?oid=00Dt0000000GyZH&ids=068SJ00001QwtOL&d=%2Fa%2FSJ00000CeABR%2F6t.6MLiMY4cf.LnVC_Ac9L4y3y7c6vVAyrpLOVl0zLc&asPdf=false,Jennifer Faber,Iowa,0,51247,6cb9951a12de5893
84-C-0175,Class C - Exhibitor,Florence,0,503739,0,2026-06-26,6/26/2026,Nature's Educators,0,https://aphis.file.force.com/sfc/dist/version/download/?oid=00Dt0000000GyZH&ids=068SJ00001IQLhJ&d=%2Fa%2FSJ00000BKaNa%2F.ZF.5FUK1mSS5Va3cldWZSeFKLF6jLJk9Ot25c9aS28&asPdf=false,Natures Educators,Colorado,0,81226,a6a40409b68d8000
93-R-0580,Class R - Research Facility,VISTA,0,503851,0,2026-06-23,6/23/2026,BLP Biolab Services Inc,0,https://aphis.file.force.com/sfc/dist/version/download/?oid=00Dt0000000GyZH&ids=068SJ00001Ic233&d=%2Fa%2FSJ00000BMy7F%2F8Tl.JaFohsT92jlA4TVlYSL0O5220S9R5vcizXzrKbw&asPdf=false,BLP BIOLAB SERVICES INC,California,0,92081,c80948b98e3c0336
31-A-0718,Class A - Breeder,Fredericksburg,0,503884,0,2026-08-17,8/17/2026,Leon A Miller,1,https://aphis.file.force.com/sfc/dist/version/download/?oid=00Dt0000000GyZH&ids=068SJ00001PUKyl&d=%2Fa%2FSJ00000CRrZB%2FwCBKycriHx9Heaq9R8Btu0.9_PuooE_u4.PcdkH6eHk&asPdf=false,Leon A Miller,Ohio,0,44627,9ea128224dbe8d86
32-A-0698,Class A - Breeder,Millersburg,0,504039,0,2026-08-19,8/19/2026,F Elaine & Harley W Miller,0,https://aphis.file.force.com/sfc/dist/version/download/?oid=00Dt0000000GyZH&ids=068SJ00001PaSjj&d=%2Fa%2FSJ00000CSMEn%2FntXB9rFRG49IeIxRN6Ek1RaXTPi5YR82GtJtdCEcH4A&asPdf=false,F Elaine & Harley W Miller,Indiana,0,46543,c18afe1c63fc500f
35-C-0398,Class C - Exhibitor,JANESVILLE,0,504114,0,2026-08-06,8/6/2026,Scott Schoonover,0,https://aphis.file.force.com/sfc/dist/version/download/?oid=00Dt0000000GyZH&ids=068SJ00001NrCND&d=%2Fa%2FSJ00000CBmlZ%2FedReXlp1yWzyZVoPpU7u2zqezur6_I6XIKaQqQZIg3g&asPdf=false,SCOTT SCHOONOVER,Wisconsin,0,53545,2b9719d358642e2c
43-A-6348,Class A - Breeder,Amazonia,0,504156,0,2026-08-18,8/18/2026,Amy Demelt,0,https://aphis.file.force.com/sfc/dist/version/download/?oid=00Dt0000000GyZH&ids=068SJ00001PLtU3&d=%2Fa%2FSJ00000CQJbB%2FOvrBEk6yxWKgUTYvYkqQvPH7R2ybkyDZuDnYOuJ2vmg&asPdf=false,Amy DeMelt,Missouri,0,64421,5b83bfad3869ebe4
73-A-2785,Class A - Breeder,Stratford,0,504264,0,2026-06-17,6/17/2026,Sarah Malone,0,https://aphis.file.force.com/sfc/dist/version/download/?oid=00Dt0000000GyZH&ids=068SJ00001Gzdae&d=%2Fa%2FSJ00000B6we5%2FL28IaorOgSnlJ8SwU4dAJrX8B0MZgJo3__yg5PtNxVA&asPdf=false,Sarah Malone,Oklahoma,0,74872,0ebcba589eea15ba
42-A-1602,Class A - Breeder,Seymour,0,504287,0,2026-07-27,7/27/2026,Fred L Borntrager,0,https://aphis.file.force.com/sfc/dist/version/download/?oid=00Dt0000000GyZH&ids=068SJ00001MGcvZ&d=%2Fa%2FSJ00000BvJ7d%2FyVR8jsHDTxvQw4WrKRxBNdnSPqdrXWAIHgBGTv1b87Y&asPdf=false,Fred L. Borntrager,Iowa,0,52590,68c5d82ad25fec71
64-C-0263,Class C - Exhibitor,Covington,0,504304,0,2026-08-25,8/25/2026,Brian Bone,1,https://aphis.file.force.com/sfc/dist/version/download/?oid=00Dt0000000GyZH&ids=068SJ00001Qmrov&d=%2Fa%2FSJ00000CcR8L%2Fm2q2mZ0kS.MZgJYMh2w8BkAlV1GexvhKT4V2pBAE0pw&asPdf=false,Brian Bone,Alabama,0,36467,e06fe0c88c0aa45c
74-C-1114,Class C - Exhibitor,EVANT,0,504552,0,2026-07-13,7/13/2026,Buena Vista Wildlife LLC,0,https://aphis.file.force.com/sfc/dist/version/download/?oid=00Dt0000000GyZH&ids=068SJ00001KfAE0&d=%2Fa%2FSJ00000BfOOD%2FOW9bfqsEmxbyOXVI4.vV53O0._ROX_a9IpIH.RqtURY&asPdf=false,BUENA VISTA WILDLIFE LLC,Texas,0,76525,4136db72bfc47347
91-C-0152,Class C - Exhibitor,Buckley,0,504678,0,2026-07-21,7/21/2026,Adventuresome LLC DBA Rainier Reindeer Ranch,0,https://aphis.file.force.com/sfc/dist/version/download/?oid=00Dt0000000GyZH&ids=068SJ00001LT3Sc&d=%2Fa%2FSJ00000Bn0dF%2F6Kg5hNktKU6fNJJxJM52desvccKQty8UtDlpPL0IE.4&asPdf=false,Adventuresome LLC,Washington,0,98321,540eb47dba2f35e5
74-R-0229,Class R - Research Facility,CANYON,0,504696,0,2026-08-26,8/26/2026,ARC Companion,0,https://aphis.file.force.com/sfc/dist/version/download/?oid=00Dt0000000GyZH&ids=068SJ00001QcxB0&d=%2Fa%2FSJ00000Catn6%2FIQl3P9JCWQ_WV7ay26jzI5NzcYv0VRWDjwdoNbdxwqw&asPdf=false,ARC COMPANION,Texas,0,79015,fa1ba487ecd9177f
65-C-0575,Class C - Exhibitor,Wiggins,0,504739,0,2026-07-08,7/8/2026,Cody Breland,0,https://aphis.file.force.com/sfc/dist/version/download/?oid=00Dt0000000GyZH&ids=068SJ00001JrM0X&d=%2Fa%2FSJ00000BYQmZ%2Fu2wdlBZHnJJDiiMrYR56B_80J37DvGLxT75E1nBJVQg&asPdf=false,Cody Breland,Mississippi,0,39577,0d749f9a33d2b92b
73-A-2787,Class A - Breeder,QUAPAW,0,504755,0,2026-08-17,8/17/2026,Ronnie Joe Frazier Lea Ann Frazier,0,https://aphis.file.force.com/sfc/dist/version/download/?oid=00Dt0000000GyZH&ids=068SJ00001P8b1v&d=%2Fa%2FSJ00000CO209%2FBNgWgQsbYmw2WsyHy5own4oMmCT6VDzh6B38JTuA6zc&asPdf=false,RONNIE FRAZIER,Oklahoma,0,74363,76feef2a151e52e0
32-A-0840,Class A - Breeder,Dale,0,504769,0,2026-06-17,6/17/2026,Mary McAllister,0,https://aphis.file.force.com/sfc/dist/version/download/?oid=00Dt0000000GyZH&ids=068SJ00001H3o63&d=%2Fa%2FSJ00000B7JkL%2FQX1x.9UUVtZFAkpVFMPtkBBGo64pRD0bAsdKSARsAhQ&asPdf=false,Mary McAllister,Indiana,0,47523,c76ab79578a05f90
23-B-0238,Class B - Dealer,Allenwood,0,504819,0,2026-08-04,8/4/2026,Patricia Starr,0,https://aphis.file.force.com/sfc/dist/version/download/?oid=00Dt0000000GyZH&ids=068SJ00001NYXa5&d=%2Fa%2FSJ00000Ck4bB%2FjyFr4VckZxBKTc9AwiLtvCrBchme7kBJ5q1IBv.YjbE&asPdf=false,Patricia Starr,Pennsylvania,0,17810,5aab07d71c8a9c3a
43-A-6371,Class A - Breeder,NEOSHO,0,504911,0,2026-08-25,8/25/2026,Premium Paws LLC,0,https://aphis.file.force.com/sfc/dist/version/download/?oid=00Dt0000000GyZH&ids=068SJ00001QstJk&d=%2Fa%2FSJ00000CdNyj%2F2NqCDssEFqL1mjFCiIjuNRDjxhqDKWj6V2StdynLeZI&asPdf=false,PREMIUM PAWS LLC,Missouri,0,64850,6e07f5cb6ff0a6b9
43-A-6371,Class A - Breeder,NEOSHO,0,504911,0,2026-08-26,8/26/2026,Premium Paws LLC,0,https://aphis.file.force.com/sfc/dist/version/download/?oid=00Dt0000000GyZH&ids=068SJ00001QtdkU&d=%2Fa%2FSJ00000CdOJh%2FrDgbMAbmgYKT8cAb95Abh4KZ2TaYez.EuovXIiFST4I&asPdf=false,PREMIUM PAWS LLC,Missouri,0,64850,3dfc13727d1af2a5
55-A-0176,Class A - Breeder,TAYLORSVILLE,0,504959,0,2026-08-20,8/20/2026,Margaret Hooks,0,https://aphis.file.force.com/sfc/dist/version/download/?oid=00Dt0000000GyZH&ids=068SJ00001Q94BS&d=%2Fa%2FSJ00000CWf9B%2FvqHIriJsaD8pnr5EYfkmvl0tTlwMMc5P16ruFP6lKpM&asPdf=false,MARGARET HOOKS,North Carolina,0,28681,b2879e966e24095e
32-A-0720,Class A - Breeder,Goshen,0,504962,0,2026-07-22,7/22/2026,Winn Dixie Kennel LLC,0,https://aphis.file.force.com/sfc/dist/version/download/?oid=00Dt0000000GyZH&ids=068SJ00001LhDnR&d=%2Fa%2FSJ00000BpkLp%2FvczYtGcWCk6Q9vEDk2N0kASroy3iPfmdICZZNDqMTXI&asPdf=false,Winn Dixie Kennel LLC,Indiana,0,46528,4a56697309718e34
32-A-0720,Class A - Breeder,Goshen,0,504962,0,2026-08-19,8/19/2026,Winn Dixie Kennel LLC,0,https://aphis.file.force.com/sfc/dist/version/download/?oid=00Dt0000000GyZH&ids=068SJ00001Pb7gQ&d=%2Fa%2FSJ00000CSLDt%2FZgz97Q5BgF445mrxhXSYJ_Kfk6YwV_IlQcixNpv703M&asPdf=false,Winn Dixie Kennel LLC,Indiana,0,46528,1dc7249c7aa71f8e
72-C-0242,Class C - Exhibitor,Ponchatoula,0,505000,0,2026-08-19,8/19/2026,Kliebert and Sons LLC,1,https://aphis.file.force.com/sfc/dist/version/download/?oid=00Dt0000000GyZH&ids=068SJ00001PW3n8&d=%2Fa%2FSJ00000CS0fh%2FaJmP1Skzu9cRRsmZjMjAqo6qW0fR6kqib78JqdRtRjk&asPdf=false,Kliebert and Sons LLC,Louisiana,0,70454,5db7a03cf445cdd0
32-B-0242,Class B - Dealer,Montgomery,0,505009,0,2026-08-11,8/11/2026,Lovable Goldstar Puppies LLC,0,https://aphis.file.force.com/sfc/dist/version/download/?oid=00Dt0000000GyZH&ids=068SJ00001OMoKo&d=%2Fa%2FSJ00000CGbj3%2FKIjI_olxEz51zh5BfKJnyymYzb9kkzglaoOTtX6ipBM&asPdf=false,Lovable Goldstar Puppies LLC,Indiana,0,47558,bdaab7378f2450d8
73-C-0237,Class C - Exhibitor,Enid,0,505022,0,2026-08-03,8/3/2026,A2Z  Therapeutic Petting Zoo,0,https://aphis.file.force.com/sfc/dist/version/download/?oid=00Dt0000000GyZH&ids=068SJ00001OBSDx&d=%2Fa%2FSJ00000CEd93%2F1aKF8OXQRaBgagrzQz3F776PYMw84UkTHkELvd3R9tE&asPdf=false,A2Z Petting Zoo,Oklahoma,0,73703,99765a2d4496fa22
32-A-0764,Class A - Breeder,Geneva,0,505070,0,2026-07-09,7/9/2026,Jerry W. Wickey,8,https://aphis.file.force.com/sfc/dist/version/download/?oid=00Dt0000000GyZH&ids=068SJ00001KLBhY&d=%2Fa%2FSJ00000Bc5Mv%2FUrds0x8S1T6dpENvf4QtPf8M.yFpTbed8EhBtpNezBM&asPdf=false,Jerry W. Wickey,Indiana,0,46740,a482ccc6c20fff1c
32-A-0722,Class A - Breeder,Millersburg,0,505119,0,2026-08-19,8/19/2026,Lorellen Bontrager,0,https://aphis.file.force.com/sfc/dist/version/download/?oid=00Dt0000000GyZH&ids=068SJ00001PbC07&d=%2Fa%2FSJ00000CSMjR%2FRZKnfQaDt6KQD9avM.AWGQL_JKLVAh0.gcjngHeEyOs&asPdf=false,Lorellen Bontrager,Indiana,0,46543,af5ea5a804b20a01
58-C-1278,Class C - Exhibitor,Wesley Chapel,0,505121,0,2026-07-08,7/8/2026,Florida Exotic Species Preserve,0,https://aphis.file.force.com/sfc/dist/version/download/?oid=00Dt0000000GyZH&ids=068SJ00001JvheP&d=%2Fa%2FSJ00000BZC81%2FyFhrz2iDfRW7Cwlr_tjGHGUmpa0NssR2jRR.qRajxGI&asPdf=false,Florida Exotic Species Preserve,Florida,0,33545,d3f95e6eb5d48a52
33-R-0164,Class R - Research Facility,Ewing,0,505154,0,2026-07-07,7/7/2026,Oak Hill Genetics LLC,0,https://aphis.file.force.com/sfc/dist/version/download/?oid=00Dt0000000GyZH&ids=068SJ00001JSUsf&d=%2Fa%2FSJ00000BV5OT%2FFksHqWzrTXF9ryTKTjt8N8sxMGD8VU525K5rEPQM76k&asPdf=false,Oak Hill Genetics LLC,Illinois,0,62836,f681a0e39db9a698
32-A-0732,Class A - Breeder,Grabill,0,505166,0,2026-08-19,8/19/2026,Danes and Doodles LLC,0,https://aphis.file.force.com/sfc/dist/version/download/?oid=00Dt0000000GyZH&ids=068SJ00001PdkaQ&d=%2Fa%2FSJ00000CSuef%2FnSo2tQEb4bC99V._W5Z3adQ2aHqa5YtkLuIxiGBkYdo&asPdf=false,Danes and Doodles LLC,Indiana,0,46741,b49b587d184cec4d
91-R-0075,Class R - Research Facility,EVERETT,0,505169,0,2026-08-06,8/6/2026,Altasciences Preclinical Seattle LLC,0,https://aphis.file.force.com/sfc/dist/version/download/?oid=00Dt0000000GyZH&ids=068SJ00001NnYXR&d=%2Fa%2FSJ00000CBETl%2F0DUesewgzo9dCs9iYWo42T5plLGX7ncho3SUOvfnZf4&asPdf=false,ALTASCIENCES PRECLINICAL SEATTLE LLC,Washington,0,98203,29a02d80638bd8e4
42-A-1608,Class A - Breeder,Maurice,0,505248,0,2026-07-29,7/29/2026,Jean Bos,0,https://aphis.file.force.com/sfc/dist/version/download/?oid=00Dt0000000GyZH&ids=068SJ00001N0nOE&d=%2Fa%2FSJ00000C3mZ3%2FZKaMPKssCWTDMnBlthVaT_UjtICqQzORkWksshUGk9E&asPdf=false,Jean Bos,Iowa,0,51036,b9e5c159c9631fb6
42-A-1608,Class A - Breeder,Maurice,0,505248,0,2026-08-20,8/20/2026,Jean Bos,0,https://aphis.file.force.com/sfc/dist/version/download/?oid=00Dt0000000GyZH&ids=068SJ00001Q0cKN&d=%2Fa%2FSJ00000CVtXZ%2FpMfi3NCjH9efPaFSTJ_E4uW3LjPERfHT6J8FToEr7xA&asPdf=false,Jean Bos,Iowa,0,51036,70574db0ba261d77
35-A-0432,Class A - Breeder,Owen,0,505257,0,2026-07-13,7/13/2026,Wayne Brubacker,0,https://aphis.file.force.com/sfc/dist/version/download/?oid=00Dt0000000GyZH&ids=068SJ00001KNxQ0&d=%2Fa%2FSJ00000Bcdy5%2FPLJQjGLYn7adBuEvFuz_m3RRrRnONAJppq.Zyhgofi8&asPdf=false,Wayne Brubacker,Wisconsin,0,54460,2f4c22a6a6c52968
14-C-0150,Class C - Exhibitor,Mattapoisett,0,505277,0,2026-07-01,7/1/2026,Jeffrey Paine,0,https://aphis.file.force.com/sfc/dist/version/download/?oid=00Dt0000000GyZH&ids=068SJ00001ItB3E&d=%2Fa%2FSJ00000BPTGb%2FwP5Dj7VQVcBBslGaDR2u256bgse8PeLlQnhOKnzgoY0&asPdf=false,Jeffrey C Paine,Massachusetts,0,02739,7c656649c996c892
31-A-0748,Class A - Breeder,WEST UNION,0,505293,0,2026-07-15,7/15/2026,Christina Hershberger,1,https://aphis.file.force.com/sfc/dist/version/download/?oid=00Dt0000000GyZH&ids=068SJ00001LqnIf&d=%2Fa%2FSJ00000BrMwv%2FbxPOmyWCLd4j7v7rsn1CC6MkE6DUFqAOhxWeH1ZAHpE&asPdf=false,Christina Hershberger,Ohio,0,45693,c66b4afdecd632af
71-A-1392,Class A - Breeder,Huntsville,0,505345,0,2026-08-10,8/10/2026,John and Dierdre Griffith,0,https://aphis.file.force.com/sfc/dist/version/download/?oid=00Dt0000000GyZH&ids=068SJ00001Oclnf&d=%2Fa%2FSJ00000CJB2T%2FvsyeGvuC7D6ThSu7isl4MIYrBh2Y4stW0KWQMfD1uLg&asPdf=false,John Griffith Dierdre Griffith,Arkansas,0,72740,f7c24ed945050ec1
31-A-0756,Class A - Breeder,Millersburg,0,505377,0,2026-08-10,8/10/2026,Marion Keim,1,https://aphis.file.force.com/sfc/dist/version/download/?oid=00Dt0000000GyZH&ids=068SJ00001ORzhH&d=%2Fa%2FSJ00000CHNXZ%2FPLLFrDPLjOwRB.6ZyHHmvAVM._QAzufSMQm9EjLQsyg&asPdf=false,Marion Keim,Ohio,0,44654,884712c65d8298d7
43-A-6391,Class A - Breeder,Clark,0,505413,0,2026-08-18,8/18/2026,Joseph D Troyer,0,https://aphis.file.force.com/sfc/dist/version/download/?oid=00Dt0000000GyZH&ids=068SJ00001RFBWX&d=%2Fa%2FSJ00000CgbAm%2FIsQFNE5r1whA4_QBdO4Q1kqjhp0HiG7xWWYXDMdOUWU&asPdf=false,Joseph D Troyer,Missouri,0,65243,3d0f7daef542161e
34-A-0221,Class A - Breeder,Kavela,0,505421,0,2026-08-12,8/12/2026,David Hershberger,0,https://aphis.file.force.com/sfc/dist/version/download/?oid=00Dt0000000GyZH&ids=068SJ00001P8ddT&d=%2Fa%2FSJ00000COF2D%2F02oGV47xkfRi1oNhOMFLiYVSsynA_t.p_XeHUJu8lR0&asPdf=false,David J Hershberger,Michigan,0,49645,507002ae2432d8f2
42-A-1615,Class A - Breeder,Milton,0,505446,0,2026-07-06,7/6/2026,Levi and Rebecca Borntrager,0,https://aphis.file.force.com/sfc/dist/version/download/?oid=00Dt0000000GyZH&ids=068SJ00001JI09U&d=%2Fa%2FSJ00000BT7Cf%2FN6zltcCJgVhOue2Spbxdui2SUnlIcXY21PZt7AiG57s&asPdf=false,Levi and Rebecca Borntrager,Iowa,0,52570,e00bcfa1cecaee65
32-A-0797,Class A - Breeder,Shipshewana,0,505450,0,2026-08-05,8/5/2026,Lonnie Lambright,0,https://aphis.file.force.com/sfc/dist/version/download/?oid=00Dt0000000GyZH&ids=068SJ00001NXuDv&d=%2Fa%2FSJ00000Ck1F7%2F6mDy.KLma82exieCwFIKMvDbfo04GGEHU47oaz2iGtg&asPdf=false,Lonnie Lambright,Indiana,0,46565,b64946922db6ff69
35-A-0433,Class A - Breeder,SPRING GREEN,0,505474,0,2026-07-22,7/22/2026,Tri Valley Resources LLC,1,https://aphis.file.force.com/sfc/dist/version/download/?oid=00Dt0000000GyZH&ids=068SJ00001M287g&d=%2Fa%2FSJ00000Bt2HN%2F8epiBRNFouEG2HlOY34X8o6tYi2A1A6Zo6HmejsWzGU&asPdf=false,Tri Valley Resources LLC,Wisconsin,0,53588,6365b1ba4a84e3d6
73-A-2792,Class A - Breeder,ANADARKO,0,505499,0,2026-06-23,6/23/2026,Tammy Bonham,0,https://aphis.file.force.com/sfc/dist/version/download/?oid=00Dt0000000GyZH&ids=068SJ00001HgnBk&d=%2Fa%2FSJ00000BDd6r%2FUT.uOoMgVwnR7AsUrXpSod7sptvxqGQVmns8trlt2ns&asPdf=false,Tammy Bonham,Oklahoma,0,73005,2f474abafe6a8d17
32-R-0056,Class R - Research Facility,Indianapolis,0,505559,0,2026-06-15,6/15/2026,Indiana University Health,0,https://aphis.file.force.com/sfc/dist/version/download/?oid=00Dt0000000GyZH&ids=068SJ00001GdhOY&d=%2Fa%2FSJ00000B2pmT%2FhFOKWU07OlkUOhN9g0xtHHYzHpDpzxzqeJrUmDe1ey0&asPdf=false,Indiana University Health,Indiana,0,46202,1a3fa5fa418e27f7
32-A-0791,Class A - Breeder,Berne,0,505560,0,2026-06-23,6/23/2026,David Stutzman,4,https://aphis.file.force.com/sfc/dist/version/download/?oid=00Dt0000000GyZH&ids=068SJ00001I7Ed2&d=%2Fa%2FSJ00000BHqa9%2F40m_2JD6dCMiZtxbDPvrxuKidoKuikFR4Rri2JoVlHo&asPdf=false,David Stutzman,Indiana,0,46711,21fbce143dc26199
32-A-0755,Class A - Breeder,Geneva,0,505621,0,2026-07-27,7/27/2026,Mervin J Schwartz,1,https://aphis.file.force.com/sfc/dist/version/download/?oid=00Dt0000000GyZH&ids=068SJ00001MHvO6&d=%2Fa%2FSJ00000BvTdG%2FTor.1d0xQ8RxJzqqYCW6QRVFoV7W52Si371c3AuBmiU&asPdf=false,Mervin J Schwartz,Indiana,0,46740,99590d8cd2a21481
32-A-0769,Class A - Breeder,Greens Fork,0,505622,0,2026-07-21,7/21/2026,Jonas Esh Jr.,1,https://aphis.file.force.com/sfc/dist/version/download/?oid=00Dt0000000GyZH&ids=068SJ00001LbTRV&d=%2Fa%2FSJ00000BoFgf%2FTq5iGg2VkMFHWS0549iikOgEdykXTkwOzymMDpIWuBI&asPdf=false,Jonas E Esh JR,Indiana,0,47345,7356f78c7ca180ad
31-B-0196,Class B - Dealer,NORTH RIDGEVILLE,0,505623,0,2026-07-29,7/29/2026,For Pets Sake LLC,0,https://aphis.file.force.com/sfc/dist/version/download/?oid=00Dt0000000GyZH&ids=068SJ00001MsNyf&d=%2Fa%2FSJ00000C29LG%2FKtadDw0tYF2kH.LNgXBm9cm2p6L7tTDd6xBnDVISZ2M&asPdf=false,FOR PETS SAKE LLC,Ohio,0,44039,a2f8dfce8cdb8252
71-A-1395,Class A - Breeder,Charleston,0,505630,0,2026-07-13,7/13/2026,Linda Hewitt,0,https://aphis.file.force.com/sfc/dist/version/download/?oid=00Dt0000000GyZH&ids=068SJ00001KSIpL&d=%2Fa%2FSJ00000BdCcT%2FYYrK9Y2ibBmehmri777UqWqxw9mIOWP8iTGMXiDuNu4&asPdf=false,Linda Hewitt,Arkansas,0,72933,d5fcbb90e5a384b1
33-A-0591,Class A - Breeder,ARTHUR,0,505647,0,2026-06-16,6/16/2026,Glenn Jess and Christy Jess,0,https://aphis.file.force.com/sfc/dist/version/download/?oid=00Dt0000000GyZH&ids=068SJ00001GvoQ3&d=%2Fa%2FSJ00000B6DHB%2FuUDmRqrQTiT3aStwf5Yr_AiUKp8tk99nzJ_t5FnwYOQ&asPdf=false,CHRISTY & GLENN R JESS,Illinois,0,61911,784400bad0e1065f
71-C-0189,Class C - Exhibitor,Fayetteville,0,505652,0,2026-07-06,7/6/2026,Kelly and Cindy Boger,0,https://aphis.file.force.com/sfc/dist/version/download/?oid=00Dt0000000GyZH&ids=068SJ00001JJArR&d=%2Fa%2FSJ00000BTJCD%2FEaR5CkhCsuvW9jug1eZdcg9QHCsjcOyz9RuKVNE6B7c&asPdf=false,Kelly and Cindy Boger,Arkansas,0,72704,48618f8da2e8a51a
74-B-0791,Class B - Dealer,NORTH ROSE,0,505664,0,2026-08-05,8/5/2026,Genetic Reflections LLC,0,https://aphis.file.force.com/sfc/dist/version/download/?oid=00Dt0000000GyZH&ids=068SJ00001NXzQS&d=%2Fa%2FSJ00000Ck0m5%2FT4FsTn2ucseyzDK2qu9iWrwzG8Bhly9LL6cY.fCu5Jo&asPdf=false,GENETIC REFLECTIONS LLC,New York,0,14516,103bfdf5a5f7f231
58-C-1223,Class C - Exhibitor,MIAMI,0,505727,0,2026-08-10,8/10/2026,Macri Investments LLC,0,https://aphis.file.force.com/sfc/dist/version/download/?oid=00Dt0000000GyZH&ids=068SJ00001OFb00&d=%2Fa%2FSJ00000CFNLZ%2F3JeoGsPVmZ5Qos8x4Gu6RglQ.P_psLP7OofUzP15WJs&asPdf=false,"MACRI INVESTMENTS, LLC",Florida,0,33170,12da63002643b185
71-A-1420,Class A - Breeder,Hardy,0,505742,0,2026-07-07,7/7/2026,Shaun Merrell,0,https://aphis.file.force.com/sfc/dist/version/download/?oid=00Dt0000000GyZH&ids=068SJ00001KcNsd&d=%2Fa%2FSJ00000BeptV%2Fqhmd69HdRc6d7Rh_quXj8FV4KiFLPM4ovRXEoTitaew&asPdf=false,Shaun Merrell,Arkansas,0,72542,5227d23b17ac0f8e
16-C-0171,Class C - Exhibitor,Seymour,0,505758,0,2026-06-17,6/17/2026,JCs Pony Parties Yee Haa LLC,0,https://aphis.file.force.com/sfc/dist/version/download/?oid=00Dt0000000GyZH&ids=068SJ00001H3THs&d=%2Fa%2FSJ00000B7QDx%2Ffxof7plleAxppTswhy7RRPsVchxofuZjeoU6YgkMhF8&asPdf=false,JC's Pony Parties Yee Haa LLC,Connecticut,0,06483,f25462fee1beb7f8
32-A-0765,Class A - Breeder,Rochester,0,505771,0,2026-07-15,7/15/2026,Philip Imhoff,0,https://aphis.file.force.com/sfc/dist/version/download/?oid=00Dt0000000GyZH&ids=068SJ00001L1ZqN&d=%2Fa%2FSJ00000Bizav%2F.kilCHhBlNlRujkWMFhojlrs1.inrIowu3wCiK_gLyc&asPdf=false,Philip Imhoff,Indiana,0,46975,57ebcbf79987bfa7
96-R-0007,Class R - Research Facility,PALMER,1,505775,0,2026-07-23,7/23/2026,Alaska Department Of Fish And Game,0,https://aphis.file.force.com/sfc/dist/version/download/?oid=00Dt0000000GyZH&ids=068SJ00001MeZlG&d=%2Fa%2FSJ00000Bzsl7%2FHfOIWlwT6OycpwCv4zgrpQFKxrcfR9w3Z_cHhBcIGw8&asPdf=false,ALASKA DEPARTMENT OF FISH AND GAME,Alaska,0,99645,275de81de84496a1
43-A-6421,Class A - Breeder,VERSAILLES,0,505800,0,2026-07-20,7/20/2026,Lamar and Rose Zimmerman,0,https://aphis.file.force.com/sfc/dist/version/download/?oid=00Dt0000000GyZH&ids=068SJ00001LYzz2&d=%2Fa%2FSJ00000BnzYf%2FSYF95be2E2FvJYkc_ccSSe5AaRG6RU9Be9985A7vzCY&asPdf=false,LAMAR AND ROSE ZIMMERMAN,Missouri,0,65084,fdcc2edf78bfa4d4
32-A-0775,Class A - Breeder,Monroe,0,505804,0,2026-06-24,6/24/2026,Samuel Girod,0,https://aphis.file.force.com/sfc/dist/version/download/?oid=00Dt0000000GyZH&ids=068SJ00001Hmg61&d=%2Fa%2FSJ00000BET0b%2Fl8UauKdAs.gIOr_XaU0oN.I8tn32DaQfN3sWSNRRbA0&asPdf=false,Samuel E.R. Girod,Indiana,0,46772,5296511534818896
74-C-1093,Class C - Exhibitor,MANOR,0,505816,0,2026-07-23,7/23/2026,"Crowe's Nest Farm, Inc.",0,https://aphis.file.force.com/sfc/dist/version/download/?oid=00Dt0000000GyZH&ids=068SJ00001M1QLR&d=%2Fa%2FSJ00000BsuV7%2FhfG2f6qg1aCwScfX0QYhCcS2vSwoiWi0vALjOurxcJQ&asPdf=false,"Crowe's Nest Farm, Inc.",Texas,0,78653,5c44098cb600bc3a
43-A-6410,Class A - Breeder,WEST PLAINS,0,505835,0,2026-07-02,7/2/2026,Prairie View Kennels LLC,1,https://aphis.file.force.com/sfc/dist/version/download/?oid=00Dt0000000GyZH&ids=068SJ00001JnfOg&d=%2Fa%2FSJ00000BXvh7%2FiB7fXNuXFMJD0ds3qb3YbwJDjLAl8GItYkckGKMK_80&asPdf=false,PRAIRIE VIEW KENNELS LLC,Missouri,0,65775,51b4ed272976dd74
32-A-0767,Class A - Breeder,Lagrange,0,505859,0,2026-08-26,8/26/2026,Ivan Miller,0,https://aphis.file.force.com/sfc/dist/version/download/?oid=00Dt0000000GyZH&ids=068SJ00001QbDq3&d=%2Fa%2FSJ00000CaVJJ%2FqkZHnijiqk629wOG3csexq3z7.NirZcNvJYSs_KnnSY&asPdf=false,Ivan W Miller,Indiana,0,46761,f180c5dd7adb214f
31-A-0785,Class A - Breeder,FREDERICKSBURG,0,505875,0,2026-07-20,7/20/2026,Aden D Schlabach,0,https://aphis.file.force.com/sfc/dist/version/download/?oid=00Dt0000000GyZH&ids=068SJ00001LLRwh&d=%2Fa%2FSJ00000BlyAT%2FNWd_8FCfPmYu75bHwwKGDfph4Ci8J62yx94GpzDDVVs&asPdf=false,ADEN D SCHLABACH,Ohio,0,44627,6c3e8f9567584f17
43-B-3804,Class B - Dealer,Fordland,0,505936,0,2026-07-15,7/15/2026,Brian Sexton,0,https://aphis.file.force.com/sfc/dist/version/download/?oid=00Dt0000000GyZH&ids=068SJ00001KpLhq&d=%2Fa%2FSJ00000Bh2xt%2FNsUvGY3lbyZPVOy5N3nny50GyhHFopy9O_b4QVIdUz8&asPdf=false,Brian Sexton,Missouri,0,65652,0f4f67d963e2b4e1
21-B-0222,Class B - Dealer,Whitesville,0,505971,0,2026-08-20,8/20/2026,Green Lane Solutions,1,https://aphis.file.force.com/sfc/dist/version/download/?oid=00Dt0000000GyZH&ids=068SJ00001PgBUp&d=%2Fa%2FSJ00000CTPH3%2F1bwgD02lWbBDuzvJt6uTm.c96Cibmbn7cVhbmze4Qsw&asPdf=false,Green Lane Solutions,New York,0,14897,28d285c7492e9c6b
21-A-0203,Class A - Breeder,Rushville,0,506001,0,2026-08-24,8/24/2026,Jonas Burkholder,0,https://aphis.file.force.com/sfc/dist/version/download/?oid=00Dt0000000GyZH&ids=068SJ00001QEmtT&d=%2Fa%2FSJ00000CXBCH%2FjUHwtBvC3HOxLkKE7JaQxXOba6IWNlO_9.4GpiLLauU&asPdf=false,Jonas And Roseann Burkholder,New York,0,14544,9426d0d1a8af320f
32-A-0790,Class A - Breeder,Loogootee,0,506119,0,2026-07-21,7/21/2026,Lonnie Graber,0,https://aphis.file.force.com/sfc/dist/version/download/?oid=00Dt0000000GyZH&ids=068SJ00001Le6gS&d=%2Fa%2FSJ00000Bons1%2FEJGtqphD6q254bkwyQpaBrEF7Pm_DmqZqmwW6EVjlMI&asPdf=false,Lonnie Graber,Indiana,0,47553,1627c7c0627b9da7
32-A-0790,Class A - Breeder,Loogootee,0,506119,0,2026-08-11,8/11/2026,Lonnie Graber,0,https://aphis.file.force.com/sfc/dist/version/download/?oid=00Dt0000000GyZH&ids=068SJ00001OTZFX&d=%2Fa%2FSJ00000CHxCr%2FnaSxEJOlQOGrN.OoQHjihGiz8ARhCmEE4kQXFBIe5q8&asPdf=false,Lonnie Graber,Indiana,0,47553,bd738236b8c929a8
32-A-0790,Class A - Breeder,Loogootee,0,506119,0,2026-08-11,8/11/2026,Lonnie Graber,0,https://aphis.file.force.com/sfc/dist/version/download/?oid=00Dt0000000GyZH&ids=068SJ00001OUc1V&d=%2Fa%2FSJ00000CHwdN%2FCLeK3fm6kIppGRNyRj0tOzFpmxo6OGbB7q7eqJXcA2o&asPdf=false,Lonnie Graber,Indiana,0,47553,4c60e85bd8391500
32-A-0784,Class A - Breeder,Berne,0,506169,0,2026-07-09,7/9/2026,David I Wickey,1,https://aphis.file.force.com/sfc/dist/version/download/?oid=00Dt0000000GyZH&ids=068SJ00001KLcO4&d=%2Fa%2FSJ00000Bc5tB%2Fqs1LOzKohY91gkSDg.W.iB8cQc9T2sMehXSH.Hd0jj4&asPdf=false,David I Wickey,Indiana,0,46711,2cd05806d0f63020
32-A-0784,Class A - Breeder,Berne,0,506169,0,2026-07-30,7/30/2026,David I Wickey,0,https://aphis.file.force.com/sfc/dist/version/download/?oid=00Dt0000000GyZH&ids=068SJ00001Mm35F&d=%2Fa%2FSJ00000C1QuP%2FCYq9Nuggjk73oJ1FGw_wuJJiOjoRXDFkn0KB3H8oHw8&asPdf=false,David I Wickey,Indiana,0,46711,dea0994ee8a8f4ec
43-A-6449,Class A - Breeder,WEST PLAINS,0,506181,0,2026-08-17,8/17/2026,Martha Miller Christopher Miller,0,https://aphis.file.force.com/sfc/dist/version/download/?oid=00Dt0000000GyZH&ids=068SJ00001P9NrP&d=%2Fa%2FSJ00000COEu9%2Fkv.DQCMpq_zA0Ar8cV46sfCjiQ4lZsTrtEJD8i1nji8&asPdf=false,CHRISTOPHER C MILLER,Missouri,0,65775,3219e6db2f4df074
73-C-0259,Class C - Exhibitor,Atoka,0,506214,0,2026-07-06,7/6/2026,Jamie Krueger,0,https://aphis.file.force.com/sfc/dist/version/download/?oid=00Dt0000000GyZH&ids=068SJ00001JJrEr&d=%2Fa%2FSJ00000BTReP%2Ff5vWyfwm0gmfMc_zqD0qBI4VLGFCRkjtJ0wY5i8yNlE&asPdf=false,Jamie Krueger,Oklahoma,0,74525,8bd73bbc0211e0dd
73-C-0259,Class C - Exhibitor,Atoka,0,506214,0,2026-08-17,8/17/2026,Jamie Krueger,0,https://aphis.file.force.com/sfc/dist/version/download/?oid=00Dt0000000GyZH&ids=068SJ00001PHvO6&d=%2Fa%2FSJ00000CPgQ9%2F2YPEDaSPj_isgOodlA6RwJ3fgnCDYN11sZVdHk1wEKk&asPdf=false,Jamie Krueger,Oklahoma,0,74525,2816869022a73721
43-A-6425,Class A - Breeder,HALF WAY,0,506221,0,2026-07-22,7/22/2026,Randy Swartzentruber,0,https://aphis.file.force.com/sfc/dist/version/download/?oid=00Dt0000000GyZH&ids=068SJ00001LzXYt&d=%2Fa%2FSJ00000BsCIp%2Fa5v1Hf5dMqUYDZ8dnJtGdFKP8g.HwKTlNQbPrN0rsuQ&asPdf=false,RANDY SWARTZENTRUBER,Missouri,0,65663,12ff65ae52cfd25a
48-A-2273,Class A - Breeder,Chapman,0,506238,0,2026-06-23,6/23/2026,Cindy Hutchinson,0,https://aphis.file.force.com/sfc/dist/version/download/?oid=00Dt0000000GyZH&ids=068SJ00001HdAgX&d=%2Fa%2FSJ00000BD3D3%2FrM5465InGJOQ.HwW5MlIzXEF6A0oSRC6Fj48uJ7dW6w&asPdf=false,Cindy Hutchinson,Kansas,0,67431,2a4d88de5a11bc4e
43-C-0402,Class C - Exhibitor,Saint Louis,0,506252,0,2026-08-07,8/7/2026,"USH Aquarium, LLC",0,https://aphis.file.force.com/sfc/dist/version/download/?oid=00Dt0000000GyZH&ids=068SJ00001OBps7&d=%2Fa%2FSJ00000CEc8A%2FV0HnfdnP7DdaqEBXSwl47Y6CscdhxOtgmQ4614yxumI&asPdf=false,"USH Aquarium, LLC",Missouri,0,63103,236eaaf0e69efeaf
31-A-0777,Class A - Breeder,FRESNO,0,506264,0,2026-07-01,7/1/2026,Daniel Ray Miller,0,https://aphis.file.force.com/sfc/dist/version/download/?oid=00Dt0000000GyZH&ids=068SJ00001ImLoy&d=%2Fa%2FSJ00000BOZr7%2FHTHFIElVJzEU9L3WrEp6uU_QS2jAxP2KvPOit85U_us&asPdf=false,DANIEL R MILLER,Ohio,0,43824,e0d919de1be01aa4
35-A-0545,Class A - Breeder,Cambria,0,506268,1,2026-06-25,6/25/2026,Timothy  Mast,1,https://aphis.file.force.com/sfc/dist/version/download/?oid=00Dt0000000GyZH&ids=068SJ00001JGRU1&d=%2Fa%2FSJ00000BSmUn%2F4YvZM1_s2SotEb2.ohnoMvnX_u0mTlz67n0mv09Qbys&asPdf=false,Timothy Mast,Wisconsin,0,53923,694e475cf25813af
35-A-0545,Class A - Breeder,Cambria,0,506268,0,2026-07-06,7/6/2026,Timothy  Mast,0,https://aphis.file.force.com/sfc/dist/version/download/?oid=00Dt0000000GyZH&ids=068SJ00001Jmi6k&d=%2Fa%2FSJ00000BXiLh%2FUzIrK7h2ZaR12wQIiyRkrJ8.jqx2ivcBs7qVQDb7ddg&asPdf=false,Timothy Mast,Wisconsin,0,53923,1efb8b922b22ff25
33-C-0515,Class C - Exhibitor,Urbana,0,506277,0,2026-06-23,6/23/2026,University of Illinois Wildlife Medical Clinic,0,https://aphis.file.force.com/sfc/dist/version/download/?oid=00Dt0000000GyZH&ids=068SJ00001HdtpD&d=%2Fa%2FSJ00000BDMNl%2FdSSrccxMXyFBIdVwOFff1vJaFg2CanUz84sqYPyI0JU&asPdf=false,University of Illinois Wildlife Medical Clinic,Illinois,0,61802,277963cbf02a449e
74-C-1095,Class C - Exhibitor,FREDERICKSBURG,0,506337,0,2026-08-27,8/27/2026,Gary Johnson,0,https://aphis.file.force.com/sfc/dist/version/download/?oid=00Dt0000000GyZH&ids=068SJ00001QlvJX&d=%2Fa%2FSJ00000CcDjh%2FhFoySg7B1HhkCOeUsfk4zmYqPu0ot6CFiFNh8R3qL.s&asPdf=false,GARY JOHNSON,Texas,0,78624,be2163d1887551f6
34-A-0228,Class A - Breeder,MORLEY,0,506344,0,2026-07-30,7/30/2026,Edward Hershberger,0,https://aphis.file.force.com/sfc/dist/version/download/?oid=00Dt0000000GyZH&ids=068SJ00001Mnr81&d=%2Fa%2FSJ00000C1lIv%2FKqOwEdpCC.huydnAQy693gB0XChzBx5XhG1Rt.vJ1t0&asPdf=false,EWARD HERSHBERGER,Michigan,0,49336,1a53c89a33d90800
43-A-6441,Class A - Breeder,GLENWOOD,0,506379,0,2026-07-30,7/30/2026,Tara Baker,0,https://aphis.file.force.com/sfc/dist/version/download/?oid=00Dt0000000GyZH&ids=068SJ00001MlyQ9&d=%2Fa%2FSJ00000Cjyyn%2FsAzJZauNs.bE3vECdmgojhKKoSs1agtynb2yVaPQzjY&asPdf=false,TARA BAKER,Missouri,0,63541,910464d86102c000
21-A-0204,Class A - Breeder,Jasper,0,506433,0,2026-06-10,6/10/2026,Sadie and Daniel Yoder,0,https://aphis.file.force.com/sfc/dist/version/download/?oid=00Dt0000000GyZH&ids=068SJ00001GKSHo&d=%2Fa%2FSJ00000B03Nl%2F6WcpbhaA58DX_7ZPFceMm_aowBop5VmeRtPyFB3EnoE&asPdf=false,Sadie and Daniel Yoder,New York,0,14855,45be4946f096bdc5
43-A-6432,Class A - Breeder,Jamesport,0,506447,0,2026-08-06,8/6/2026,Velma Kurtz,0,https://aphis.file.force.com/sfc/dist/version/download/?oid=00Dt0000000GyZH&ids=068SJ00001NpRja&d=%2Fa%2FSJ00000CBTEH%2F_liAn_DRd_gDNHIpBZ2T67wx1448_2WATqyXOTsGbQY&asPdf=false,Velma Kurtz,Missouri,0,64648,2b035cfc25997486
35-A-0441,Class A - Breeder,HILLSBORO,0,506474,0,2026-06-29,6/29/2026,Jacob Bontrager,0,https://aphis.file.force.com/sfc/dist/version/download/?oid=00Dt0000000GyZH&ids=068SJ00001JBume&d=%2Fa%2FSJ00000BRukX%2FnnGwqhSPURxzT90Ym4M241NZwmNDJbCQwnpOxvXN_EE&asPdf=false,002 - Jacob Bontrager,Wisconsin,0,54634,6be31655367fafd5
35-A-0441,Class A - Breeder,HILLSBORO,0,506474,0,2026-08-12,8/12/2026,Jacob Bontrager,1,https://aphis.file.force.com/sfc/dist/version/download/?oid=00Dt0000000GyZH&ids=068SJ00001P24lO&d=%2Fa%2FSJ00000CMuiz%2FV5nTAuVB_GfjZ04faUOR_30_xMkDC9wIU1QoDSNBxEk&asPdf=false,002 - Jacob Bontrager,Wisconsin,0,54634,110fd79117f18de8
42-B-0314,Class B - Dealer,West Point,0,506508,0,2026-07-20,7/20/2026,Select Puppies Inc,1,https://aphis.file.force.com/sfc/dist/version/download/?oid=00Dt0000000GyZH&ids=068SJ00001OJtDn&d=%2Fa%2FSJ00000CFvgb%2F1UEuCWDCm13y9DS2hgF_S7kqAbOzLR1tFxmyxsAMvqs&asPdf=false,Select Puppies Inc,Iowa,0,52656,8b183025991be90c
32-A-1161,Class A - Breeder,La Grange,0,506553,0,2026-06-24,6/24/2026,Otis D Troyer,2,https://aphis.file.force.com/sfc/dist/version/download/?oid=00Dt0000000GyZH&ids=068SJ00001JBJIP&d=%2Fa%2FSJ00000BRoqP%2FGO8xWMwlReTCz2ynbW6OrP4uJ8xSDi.EH6iIAFaZquE&asPdf=false,Otis D Troyer,Indiana,0,46761,51727f8330a473a8
32-A-0774,Class A - Breeder,DENVER,2,506554,0,2026-06-15,6/15/2026,Envigo RMS LLC,0,https://aphis.file.force.com/sfc/dist/version/download/?oid=00Dt0000000GyZH&ids=068SJ00001NfiIh&d=%2Fa%2FSJ00000C9sFB%2FVvEmGQ1Qu0J7OTHe_W5fF.AckOdEgmYj31rLm_3RN2w&asPdf=false,ENVIGO RMS LLC,Pennsylvania,0,17517,e3bac9888e073957
32-A-0774,Class A - Breeder,DENVER,0,506554,0,2026-07-10,7/10/2026,Envigo RMS LLC,0,https://aphis.file.force.com/sfc/dist/version/download/?oid=00Dt0000000GyZH&ids=068SJ00001JyQdk&d=%2Fa%2FSJ00000BZmQ1%2FANAMSQzEO.plY7tbqgYHSH6A2MjL.a4Bp6XejerM0Zg&asPdf=false,ENVIGO RMS LLC,Pennsylvania,0,17517,cc8dfda3e6537051
32-A-0774,Class A - Breeder,Greenfield,0,506554,0,2026-07-13,7/13/2026,Envigo RMS LLC,0,https://aphis.file.force.com/sfc/dist/version/download/?oid=00Dt0000000GyZH&ids=068SJ00001KQFVy&d=%2Fa%2FSJ00000BcvYP%2F_seQEGkTz__YMCXnv8M0vWge2HuewCKtflzenox2Mek&asPdf=false,Envigo RMS LLC,Indiana,0,46140,2ce4dea93471ff0e
32-A-0774,Class A - Breeder,CUMBERLAND,0,506554,0,2026-07-13,7/13/2026,Envigo RMS LLC,0,https://aphis.file.force.com/sfc/dist/version/download/?oid=00Dt0000000GyZH&ids=068SJ00001KQOAo&d=%2Fa%2FSJ00000BcvOj%2FuLbEduNb3tmsCGOelrYgg5zM364xCdKj7MjEUQZJXjQ&asPdf=false,ENVIGO RMS LLC,Indiana,0,46229,c228e6c0817e3d8b
32-R-0058,Class R - Research Facility,MADISON,0,506554,0,2026-08-18,8/18/2026,Envigo RMS LLC,0,https://aphis.file.force.com/sfc/dist/version/download/?oid=00Dt0000000GyZH&ids=068SJ00001Rj49J&d=%2Fa%2FSJ00000ClB5x%2FwZtXFjA0XSHsSvsum03acYdGIaNW8QqZEb4REzVrqmA&asPdf=false,ENVIGO RMS LLC,Wisconsin,0,53713,d40e6fc7eb0919bf
43-A-6824,Class A - Breeder,Stella,0,506557,0,2026-06-15,6/15/2026,Jessica Howe,0,https://aphis.file.force.com/sfc/dist/version/download/?oid=00Dt0000000GyZH&ids=068SJ00001H5oYG&d=%2Fa%2FSJ00000B7qEr%2F5npH0ufuEYdvtUc41pZtufO_I.Rq96Gwv4m_IyZscQ0&asPdf=false,Jessica Howe,Missouri,0,65625,733d474e298d1e0a
74-C-1097,Class C - Exhibitor,ARLINGTON,0,506644,0,2026-07-01,7/1/2026,Spiritual Wildlife Rescue,0,https://aphis.file.force.com/sfc/dist/version/download/?oid=00Dt0000000GyZH&ids=068SJ00001ItToH&d=%2Fa%2FSJ00000BPZtE%2Fd8BKifcjRJ2G1EYvU4GukFw3fbYDwdSew36Jexs1.Gc&asPdf=false,SPIRITUAL WILDLIFE RESCUE AND REHABILITATION,Texas,0,76017,7384d030f69bb2a9
74-C-1097,Class C - Exhibitor,ARLINGTON,0,506644,0,2026-08-05,8/5/2026,Spiritual Wildlife Rescue,0,https://aphis.file.force.com/sfc/dist/version/download/?oid=00Dt0000000GyZH&ids=068SJ00001NZgjX&d=%2Fa%2FSJ00000CjuaD%2Fy.L.49PPsJVKyTRHmjOKsaHoEp3LOBYP65CMTDT614c&asPdf=false,SPIRITUAL WILDLIFE RESCUE AND REHABILITATION,Texas,0,76017,d1e06015fa1f3b05
43-A-6485,Class A - Breeder,BARNETT,0,506673,0,2026-08-18,8/18/2026,Nathanael & Noretta Martin,0,https://aphis.file.force.com/sfc/dist/version/download/?oid=00Dt0000000GyZH&ids=068SJ00001PObAs&d=%2Fa%2FSJ00000CQXkb%2F4J2NuYN4jByfo_u6cmc6homThk3Q2cabuugDXCKcaIg&asPdf=false,NATHANAEL MARTIN,Missouri,0,65011,6da0e0ca1dd92945
35-A-0450,Class A - Breeder,HILLSBORO,1,506740,0,2026-07-27,7/27/2026,Fannie Troyer,2,https://aphis.file.force.com/sfc/dist/version/download/?oid=00Dt0000000GyZH&ids=068SJ00001MvnZx&d=%2Fa%2FSJ00000C34pl%2FM8lv.1.gRxVuup6kvbUCc_Dvj_ANM6fPGDh84uYZTd8&asPdf=false,Fannie Troyer,Wisconsin,0,54634,78f4abcb9ffa9707
35-A-0450,Class A - Breeder,HILLSBORO,0,506740,0,2026-08-11,8/11/2026,Fannie Troyer,0,https://aphis.file.force.com/sfc/dist/version/download/?oid=00Dt0000000GyZH&ids=068SJ00001OL8u9&d=%2Fa%2FSJ00000CGHZ3%2FoXgeHPUD2pjmjvWCMg6Y9_NBqZxsc6ATAElxqPfRaWY&asPdf=false,Fannie Troyer,Wisconsin,0,54634,3e6556f69ba4d23b
43-A-6446,Class A - Breeder,JAMESPORT,0,506745,0,2026-06-24,6/24/2026,Kathie Detweiler,0,https://aphis.file.force.com/sfc/dist/version/download/?oid=00Dt0000000GyZH&ids=068SJ00001I4SHi&d=%2Fa%2FSJ00000BHVKP%2FdVe4HDiYi0mZFXSm73WAKDSpLePlyjzlkW88stmALqw&asPdf=false,KATHIE DETWEILER,Missouri,0,64648,08947e80d04fb7cd
43-A-6446,Class A - Breeder,JAMESPORT,0,506745,0,2026-08-06,8/6/2026,Kathie Detweiler,0,https://aphis.file.force.com/sfc/dist/version/download/?oid=00Dt0000000GyZH&ids=068SJ00001OMI81&d=%2Fa%2FSJ00000CGTNJ%2FX27s3NaLPXJS6QdvO0JvKSHjHvAWZWKgsaqMDDP69uw&asPdf=false,KATHIE DETWEILER,Missouri,0,64648,df72c6881ec2acc7
15-C-0027,Class C - Exhibitor,Smithfield,0,506758,0,2026-06-16,6/16/2026,Nancy Santopadre,0,https://aphis.file.force.com/sfc/dist/version/download/?oid=00Dt0000000GyZH&ids=068SJ00001Gt8sz&d=%2Fa%2FSJ00000B5ZBh%2FOrxqIlKi8xv6dBkxxB02cj2rpodcCsZOBjjkpoezREI&asPdf=false,Nancy Santopadre,Rhode Island,0,02917,6df1a0eb0e8c932f
42-A-1626,Class A - Breeder,Ireton,0,506783,0,2026-08-21,8/21/2026,Tyrell Hulshof,0,https://aphis.file.force.com/sfc/dist/version/download/?oid=00Dt0000000GyZH&ids=068SJ00001Q0RfF&d=%2Fa%2FSJ00000CVtJ3%2FI1Z4CPRtHA71yOO41I15JgbbD_HpWfnVH8Qujc0VjbY&asPdf=false,Tyrell Hulshof,Iowa,0,51027,de340dd477403eff
21-R-0250,Class R - Research Facility,IMMOKALEE,0,506806,0,2026-07-21,7/21/2026,Envol Biomedical LLC,0,https://aphis.file.force.com/sfc/dist/version/download/?oid=00Dt0000000GyZH&ids=068SJ00001LbqJI&d=%2Fa%2FSJ00000BoIeX%2FF2Vfkzb7tnhtJLCPJi8olceqs7H.7v.WBOOdBmJmFPM&asPdf=false,ENVOL BIOMEDICAL LLC,Florida,0,34142,8856c9336d54a0b8
31-A-0792,Class A - Breeder,MILLERSBURG,0,506807,0,2026-06-30,6/30/2026,David and Emily Miller,1,https://aphis.file.force.com/sfc/dist/version/download/?oid=00Dt0000000GyZH&ids=068SJ00001ImBjA&d=%2Fa%2FSJ00000BObph%2FluxvHq6MmSIJE7G0xP.p8A3T01H4hizod1ZAFiUIvhI&asPdf=false,David and Emily Miller,Ohio,0,44654,9bb6cde3a2ce7246
42-A-1628,Class A - Breeder,Fort Madison,0,506899,0,2026-08-05,8/5/2026,Zach Bobb,0,https://aphis.file.force.com/sfc/dist/version/download/?oid=00Dt0000000GyZH&ids=068SJ00001O88F8&d=%2Fa%2FSJ00000CE68H%2FZwXoiymochfd.WnM5OLkxREX5Tg8_PVQER3lmupEB1o&asPdf=false,Zach Bobb,Iowa,0,52627,89a15f1f2ae0d066
32-B-0249,Class B - Dealer,Bluffton,0,506900,0,2026-07-30,7/30/2026,Kaehr Ag Inc,0,https://aphis.file.force.com/sfc/dist/version/download/?oid=00Dt0000000GyZH&ids=068SJ00001MlZV1&d=%2Fa%2FSJ00000C15ef%2FGwdAM33B.VU17Im1X7PkkeccC66Xhvk53M0ra12sO.M&asPdf=false,Kaehr Ag Inc,Indiana,0,46714,a429c443aceb8ccc
31-B-0201,Class B - Dealer,MILLERSBURG,0,506917,0,2026-06-23,6/23/2026,Skyline Puppies LLC,0,https://aphis.file.force.com/sfc/dist/version/download/?oid=00Dt0000000GyZH&ids=068SJ00001Hecqr&d=%2Fa%2FSJ00000BDIAT%2FaXD53t8UcJLRVr2wvzquvgZCkqGXoZMtSf_q_3H367Q&asPdf=false,SKYLINE PUPPIES LLC,Ohio,0,44654,5c804c74e37c4aa6
32-A-0802,Class A - Breeder,Montgomery,0,506967,0,2026-07-02,7/2/2026,"Rachel Wagler, Jonathan Wagler, Elmer Wagler",0,https://aphis.file.force.com/sfc/dist/version/download/?oid=00Dt0000000GyZH&ids=068SJ00001IvKyb&d=%2Fa%2FSJ00000BQ02r%2FIQWkZGkmGle9y_0pSgkitu_5sKhB8OqZfTjpUdL2jfE&asPdf=false,"Elmer, Jonathan, And Rachel Wagler",Indiana,0,47558,56c03a89beffec1f
42-C-0247,Class C - Exhibitor,Hudson,0,506983,0,2026-08-26,8/26/2026,Hansen's Farm Fresh Dairy Inc.,0,https://aphis.file.force.com/sfc/dist/version/download/?oid=00Dt0000000GyZH&ids=068SJ00001Qlinr&d=%2Fa%2FSJ00000CcID7%2FIgRFPGfL6.V354RapTGMrFko4req25NXpxy64DEr0uc&asPdf=false,Hansen's Farm Fresh Dairy Inc.,Iowa,0,50643,9415b17b30ffd7ba
22-B-0085,Class B - Dealer,Mays Landing,0,506995,0,2026-07-22,7/22/2026,Puppy Smart LLC,0,https://aphis.file.force.com/sfc/dist/version/download/?oid=00Dt0000000GyZH&ids=068SJ00001LgpUf&d=%2Fa%2FSJ00000BpUwz%2F.r1GGW5kIjKXCmRuMNu3iFNSJN24f.m6IT5RjSbyxdI&asPdf=false,Puppy Smart LLC,New Jersey,0,08330,49048300c577a342
43-A-6459,Class A - Breeder,PRINCETON,0,507001,0,2026-08-19,8/19/2026,Lois Howard Kim Stark,0,https://aphis.file.force.com/sfc/dist/version/download/?oid=00Dt0000000GyZH&ids=068SJ00001PlyYC&d=%2Fa%2FSJ00000CU1kX%2FoB0bI79lwHyd9VPM6EYRqX_1nqOmhCmKDO4rnm1qVgY&asPdf=false,Lois Howard Kim Stark,Missouri,0,64673,91e379b8c05ecc7f
31-R-0135,Class R - Research Facility,CLEVELAND,0,507018,0,2026-07-02,7/2/2026,Valley College,0,https://aphis.file.force.com/sfc/dist/version/download/?oid=00Dt0000000GyZH&ids=068SJ00001KJYMx&d=%2Fa%2FSJ00000Bbcsn%2F9gFK7_T8w3Du1nDaOo3l6dvxngYAicl9yEhTolqf.v0&asPdf=false,VALLEY COLLEGE,Ohio,0,44129,acefe66dfe3b6b78
42-A-1630,Class A - Breeder,Hillsboro,0,507027,0,2026-06-30,6/30/2026,MK Acres,0,https://aphis.file.force.com/sfc/dist/version/download/?oid=00Dt0000000GyZH&ids=068SJ00001Iba6e&d=%2Fa%2FSJ00000BMlmj%2Fm04aGs0XF9oXyVbBPTWXhSPAvh1GhxN6yHv0LTEx1XI&asPdf=false,MK Acres,Iowa,0,52630,2a171ea3c0389362
43-A-6481,Class A - Breeder,BUCYRUS,0,507034,0,2026-07-29,7/29/2026,Teresa Neal,0,https://aphis.file.force.com/sfc/dist/version/download/?oid=00Dt0000000GyZH&ids=068SJ00001MmdI3&d=%2Fa%2FSJ00000C1H9Z%2FeeCVCUCM5hvV8dP28WANPjujw3bUp_vd4YPCZgZ7gqg&asPdf=false,TERESA NEAL,Missouri,0,65444,7c46e90ab5c1ad7b
43-A-6488,Class A - Breeder,Warsaw,0,507175,0,2026-06-24,6/24/2026,Steven Cobb,0,https://aphis.file.force.com/sfc/dist/version/download/?oid=00Dt0000000GyZH&ids=068SJ00001I1CR8&d=%2Fa%2FSJ00000BGyUx%2F763AN6US4l3tsD6CkZx_Kz70jAqGOpDdipW_mBsV_a8&asPdf=false,Steven Cobb,Missouri,0,65355,752976506a85211b
43-A-6478,Class A - Breeder,CHULA,0,507176,0,2026-08-24,8/24/2026,Daniel Shirk,0,https://aphis.file.force.com/sfc/dist/version/download/?oid=00Dt0000000GyZH&ids=068SJ00001Qon7t&d=%2Fa%2FSJ00000Cciab%2FGhCgycLYApBChlIp8BYdRp0s34F3kf8ckBiW8WhHvUA&asPdf=false,DANIEL SHIRK,Missouri,0,64635,983ec56fb2a583eb
65-C-0572,Class C - Exhibitor,Brandon,0,507201,0,2026-07-30,7/30/2026,Tami Holliman,0,https://aphis.file.force.com/sfc/dist/version/download/?oid=00Dt0000000GyZH&ids=068SJ00001NqUuH&d=%2Fa%2FSJ00000CBfqX%2FEgKrIxg2UZAwMRyDdabi7fpnt5BLnzOSaGWfeUJ75E0&asPdf=false,Tami Holliman,Mississippi,0,39047,2c99bf2ca4f34298
35-A-0452,Class A - Breeder,Hillsboro,0,507272,0,2026-08-18,8/18/2026,Mary Ann Bontrager,2,https://aphis.file.force.com/sfc/dist/version/download/?oid=00Dt0000000GyZH&ids=068SJ00001Q7EBf&d=%2Fa%2FSJ00000CWN5p%2FrAOxn.X103xM3m3jYjBgwIkLNFGsnMHYkDGWrgQbaAk&asPdf=false,Mary A Bontrager,Wisconsin,0,54634,6eb95eab1018e76c
32-A-0807,Class A - Breeder,New Haven,0,507277,0,2026-07-07,7/7/2026,Amos J Schmucker,1,https://aphis.file.force.com/sfc/dist/version/download/?oid=00Dt0000000GyZH&ids=068SJ00001Jbt5L&d=%2Fa%2FSJ00000BWBoP%2FLIQP09OpVVP70mfQHbkRUzy3t.tdqat_lhMWt2VJ8k0&asPdf=false,Amos J Schmucker,Indiana,0,46774,58f3c934b2d8d352
91-R-0077,Class R - Research Facility,ARLETTA,0,507279,0,2026-07-28,7/28/2026,Preparedness Response And Emergency Procedures,1,https://aphis.file.force.com/sfc/dist/version/download/?oid=00Dt0000000GyZH&ids=068SJ00001McrjC&d=%2Fa%2FSJ00000BzjMr%2FsPvaeOSzicD.BTBFr5ttAPIoMgJ6JPIYw4gEFmIjd.M&asPdf=false,PREPAREDNESS RESPONSE AND EMERGENCY PROCEDURES,Washington,0,98335,4a84a1961a25ff65
55-R-0154,Class R - Research Facility,ROCKY MOUNT,0,507281,0,2026-07-21,7/21/2026,Nash Community College Veterinary Medical Tech,0,https://aphis.file.force.com/sfc/dist/version/download/?oid=00Dt0000000GyZH&ids=068SJ00001LSpPn&d=%2Fa%2FSJ00000BnA7x%2Fu2Gl9v_nvvieP7hN7SB.4yB0zsbKy4y6jbJUG57vU9U&asPdf=false,NASH COMMUNITY COLLEGE,North Carolina,0,27804,47d7ac0394727655
34-B-0250,Class B - Dealer,Norton Shores,0,507300,0,2026-07-29,7/29/2026,Northern Biomedical Research,0,https://aphis.file.force.com/sfc/dist/version/download/?oid=00Dt0000000GyZH&ids=068SJ00001NB2SO&d=%2Fa%2FSJ00000C5DH3%2Fe1f_4MZfvDK9e1I0RVAG_UcWGcG6SIoWI2798hpZQ6k&asPdf=false,Northern Biomedical Research,Michigan,0,49456,f118366ffe414e41
43-A-6475,Class A - Breeder,BUCKLIN,0,507330,0,2026-08-11,8/11/2026,Jessica Phillips,0,https://aphis.file.force.com/sfc/dist/version/download/?oid=00Dt0000000GyZH&ids=068SJ00001PsRh4&d=%2Fa%2FSJ00000CV8VR%2FjxBos5U0wYZ9jPOPHqXuNuwLOlmmW.8XARu1Y2GuV4M&asPdf=false,Jessica Phillips,Missouri,0,64631,a70db236d634e789
48-A-2239,Class A - Breeder,Olathe,0,507415,0,2026-08-20,8/20/2026,Melissa Morris,0,https://aphis.file.force.com/sfc/dist/version/download/?oid=00Dt0000000GyZH&ids=068SJ00001PfzQW&d=%2Fa%2FSJ00000CTQzV%2Fts9lRq129WC7gwvcyJSKulPM9vH4vRDMSleDroPCywo&asPdf=false,Melissa Morris,Kansas,0,66061,4bed1cbb6faad73e
31-A-0812,Class A - Breeder,MILLERSBURG,0,507491,0,2026-06-15,6/15/2026,Hilltop View Puppies,1,https://aphis.file.force.com/sfc/dist/version/download/?oid=00Dt0000000GyZH&ids=068SJ00001Goxma&d=%2Fa%2FSJ00000B57aP%2FrGmqLdQPL09LlDaSGXOhslHjxJYAybQfupqOAT.Gb9Y&asPdf=false,HILLTOP VIEW PUPPIES,Ohio,0,44654,10b5d3b66bbb2999
31-A-0823,Class A - Breeder,SUGARCREEK,0,507567,0,2026-08-04,8/4/2026,Roaming Paws,0,https://aphis.file.force.com/sfc/dist/version/download/?oid=00Dt0000000GyZH&ids=068SJ00001NqNxI&d=%2Fa%2FSJ00000CBUez%2FJ3Oq4zb7xov1erwf3AHxHLqjUp0rBkfIhBXoosvn9js&asPdf=false,ROAMING PAWS,Ohio,0,44681,d983dd3851d33d9f
58-C-1240,Class C - Exhibitor,Lamont,0,507580,0,2026-06-29,6/29/2026,North Florida Wildlife Center,2,https://aphis.file.force.com/sfc/dist/version/download/?oid=00Dt0000000GyZH&ids=068SJ00001IcWop&d=%2Fa%2FSJ00000BMpvB%2FIc_haqMllDUL7mMxJvZO_lZol1BjGF1CQ94CcwT18SQ&asPdf=false,North Florida Wildlife Center,Florida,0,32336,010123957806d8fc
73-B-1884,Class B - Dealer,OKLAHOMA CITY,0,507616,0,2026-06-11,6/11/2026,"Oakhill Avian Center, LLC",0,https://aphis.file.force.com/sfc/dist/version/download/?oid=00Dt0000000GyZH&ids=068SJ00001GEMwp&d=%2Fa%2FSJ00000AzDll%2FISoadLvCUhv68Ua1R7DuJF_irF3RlUkR7L5P1MPexts&asPdf=false,Oakhill Avian Center LLC,Oklahoma,0,73195,9c2197c4d5bd7107
31-B-0204,Class B - Dealer,APPLE CREEK,0,507635,0,2026-08-18,8/18/2026,Alan Miller,1,https://aphis.file.force.com/sfc/dist/version/download/?oid=00Dt0000000GyZH&ids=068SJ00001PUcCR&d=%2Fa%2FSJ00000CRqWf%2FjWhwcI0FLrgcZp9vAOIYsG4n4tRRLngNQ3Kdj6GTahQ&asPdf=false,ALAN E MILLER,Ohio,0,44606,6bc36970faae0437
32-A-0822,Class A - Breeder,North Manchester,0,507647,0,2026-07-13,7/13/2026,Marcus M Graber,0,https://aphis.file.force.com/sfc/dist/version/download/?oid=00Dt0000000GyZH&ids=068SJ00001L1knO&d=%2Fa%2FSJ00000Bj28z%2FAZ50WuQ2XsPLbce.MnZf7m7gMBohfVz6YRIcf.Ph1E0&asPdf=false,Marcus M Graber,Indiana,0,46962,eb5044cde586789d
71-A-1405,Class A - Breeder,LEAD HILL,0,507675,0,2026-08-20,8/20/2026,Deniece Richardson,0,https://aphis.file.force.com/sfc/dist/version/download/?oid=00Dt0000000GyZH&ids=068SJ00001PmUYA&d=%2Fa%2FSJ00000CU2wj%2FT9EY0lpF0P9vI9ZQiqu_APsrioFndKcvF_X450kayA0&asPdf=false,Deniece Richardson,Arkansas,0,72644,d25ba2e9ca4f5e85
43-A-6493,Class A - Breeder,BRIXEY,0,507698,0,2026-07-16,7/16/2026,Laura Hannaford,0,https://aphis.file.force.com/sfc/dist/version/download/?oid=00Dt0000000GyZH&ids=068SJ00001MDT0d&d=%2Fa%2FSJ00000BuUwL%2FrJM0lTbdAK0NMyaNwzXxuyoRRfO1CxKt0U81M.Hx.Ko&asPdf=false,Laura Hannaford,Missouri,0,65618,acc20b0c0be8cfc3
84-R-0091,Class R - Research Facility,Fort Collins,0,507737,0,2026-07-20,7/20/2026,Bronco Research Services LLC,0,https://aphis.file.force.com/sfc/dist/version/download/?oid=00Dt0000000GyZH&ids=068SJ00001LsGQ5&d=%2Fa%2FSJ00000BrXnV%2FrtLl5ot5kIinRbYwh_Pr2VAG3fGKGFvPIdi1dZMOZ1U&asPdf=false,Inotiv,Colorado,0,80524,9e4a849f3c1e9842
84-R-0091,Class R - Research Facility,FORT COLLINS,1,507737,0,2026-07-20,7/20/2026,Bronco Research Services LLC,0,https://aphis.file.force.com/sfc/dist/version/download/?oid=00Dt0000000GyZH&ids=068SJ00001LzUcV&d=%2Fa%2FSJ00000BsRGD%2Fv4GQXGrICKPZtCF4xJxOj2Uo1o48z9JOTsu8rdq90sU&asPdf=false,INOTIV,Colorado,0,80524,7fcab7379074c960
32-A-1007,Class A - Breeder,Millersburg,0,507759,0,2026-07-22,7/22/2026,Delmar R Frey,0,https://aphis.file.force.com/sfc/dist/version/download/?oid=00Dt0000000GyZH&ids=068SJ00001Lhcc6&d=%2Fa%2FSJ00000BpkyX%2FdNvn5nHO138rd2RBfBPvRuwRw01CHMIRSPwkdB9pYQw&asPdf=false,Delmar R Frey,Indiana,0,46543,3f58a99662be7c99
31-B-0221,Class B - Dealer,Monclova,0,507809,0,2026-08-20,8/20/2026,Just Wright Exotics LLC,0,https://aphis.file.force.com/sfc/dist/version/download/?oid=00Dt0000000GyZH&ids=068SJ00001QMWQ5&d=%2Fa%2FSJ00000CYBIH%2Fcp3ofka4OOL94TaVy9h7g0suk5mFbirpx38DxFgkcM0&asPdf=false,Just Wright Exotics LLC,Ohio,0,43542,f526f99ed16cff4d
41-C-0309,Class C - Exhibitor,Scandia,0,507832,0,2026-06-23,6/23/2026,"Sustainable Safari, LLC",0,https://aphis.file.force.com/sfc/dist/version/download/?oid=00Dt0000000GyZH&ids=068SJ00001I7qTd&d=%2Fa%2FSJ00000BHrKv%2F5MnBC_vM2HPa4fwWU_NOQvU1gNs7O4xv4UgizbJ9nuw&asPdf=false,"Sustainable Safari, LLC",Minnesota,0,55073,f1ac8db23c45a21d
48-R-0118,Class R - Research Facility,STILWELL,0,507892,0,2026-07-16,7/16/2026,"Attentive Science, LLC",0,https://aphis.file.force.com/sfc/dist/version/download/?oid=00Dt0000000GyZH&ids=068SJ00001KxnPC&d=%2Fa%2FSJ00000BiETx%2FFpOvH.0VRu75pFP0dyK1nPUbyhTNvhQ9WkeYP9I2Vro&asPdf=false,"ATTENTIVE SCIENCE, LLC",Kansas,0,66085,f3aaff8bb43b4e5d
63-C-0319,Class C - Exhibitor,Trezevant,0,507912,0,2026-06-30,6/30/2026,Susan J Cole,0,https://aphis.file.force.com/sfc/dist/version/download/?oid=00Dt0000000GyZH&ids=068SJ00001IuGvF&d=%2Fa%2FSJ00000BPfpd%2FbUOyP.86oJMAelrP.Byem2ylf0AW4OHutlhDpa5QIEo&asPdf=false,Susan J Cole,Tennessee,0,38258,c669324424cde82a
31-A-0844,Class A - Breeder,BALTIC,0,507934,0,2026-08-14,8/14/2026,Pondside Puppies,0,https://aphis.file.force.com/sfc/dist/version/download/?oid=00Dt0000000GyZH&ids=068SJ00001P3TRr&d=%2Fa%2FSJ00000CNBBx%2FT9zUQBy.n_q7rOhPpRkgN2ERG7rUVLdVV1Wemk3YMU0&asPdf=false,PONDSIDE PUPPIES,Ohio,0,43804,4db043c86038ea4e
42-A-1639,Class A - Breeder,Keosauqua,0,507966,0,2026-06-24,6/24/2026,John J. and Kristine Lengacher,0,https://aphis.file.force.com/sfc/dist/version/download/?oid=00Dt0000000GyZH&ids=068SJ00001IboWA&d=%2Fa%2FSJ00000BMlun%2FJcOMsfQS_TRxKq2YGXH2SmpCAxFl00eJ9cAJ84AAFys&asPdf=false,John J Lengacher and Kristine Lengacher,Iowa,0,52565,4ddce3a712ca89da
31-A-0940,Class A - Breeder,MILLERSBURG,0,507976,0,2026-07-14,7/14/2026,Merlin Yoder,1,https://aphis.file.force.com/sfc/dist/version/download/?oid=00Dt0000000GyZH&ids=068SJ00001KctNj&d=%2Fa%2FSJ00000BevR3%2F6Pyl1rpsv.ieMi.b8KarPGVJmwSGEQsvHWWATtBNOSA&asPdf=false,MERLIN M YODER,Ohio,0,44654,dbf376870833db60
74-C-1105,Class C - Exhibitor,ALVIN,0,508030,0,2026-08-11,8/11/2026,"D&R King, LLC",0,https://aphis.file.force.com/sfc/dist/version/download/?oid=00Dt0000000GyZH&ids=068SJ00001OWHCM&d=%2Fa%2FSJ00000CIMcf%2F0twZTg5Cuc2sTC3MY6vO1ySRN0hKwfUNpShHeFGqaS8&asPdf=false,D & R KING LLC,Texas,0,77511,ce583858f8b4c7ac
58-R-0166,Class R - Research Facility,WEST PALM BCH,0,508033,0,2026-07-27,7/27/2026,Palm Beach Atlantic University Inc,0,https://aphis.file.force.com/sfc/dist/version/download/?oid=00Dt0000000GyZH&ids=068SJ00001MYatV&d=%2Fa%2FSJ00000ByMfF%2FT6FB46q6qbKJTdc5qgoPzExUpdZ747TT.9colwzfDZ4&asPdf=false,PALM BEACH ATLANTIC UNIVERSITY INC,Florida,0,33401,b7174f499efcb4c2
91-R-0078,Class R - Research Facility,Port Townsend,0,508132,0,2026-07-22,7/22/2026,"Hope Farms At Disco Bay, LLC",1,https://aphis.file.force.com/sfc/dist/version/download/?oid=00Dt0000000GyZH&ids=068SJ00001MTXOT&d=%2Fa%2FSJ00000BxnET%2FZAnSihuswe4Vn.6gtBfxCMt2krC1Ujpub12_fhVjaIc&asPdf=false,"HOPE FARMS AT DISCO BAY, LLC",Washington,0,98368,b786415179c6ef1f
67-C-0001,Class C - Exhibitor,Hogansville,0,508135,0,2026-08-11,8/11/2026,Iron P Homestead LLC,0,https://aphis.file.force.com/sfc/dist/version/download/?oid=00Dt0000000GyZH&ids=068SJ00001ObqBZ&d=%2Fa%2FSJ00000CJCRZ%2FKW2jCutQf5hQjyozil8zJhDprPQBa9v0HWnvJrHPW8E&asPdf=false,Iron P Homestead LLC,Georgia,0,30230,e719ea3fdd7a4212
43-A-6526,Class A - Breeder,Flemington,0,508148,0,2026-07-07,7/7/2026,Loren Reiff,0,https://aphis.file.force.com/sfc/dist/version/download/?oid=00Dt0000000GyZH&ids=068SJ00001JTF6t&d=%2Fa%2FSJ00000BVEQ9%2F2oPtYCtlzaO_1CgV7l7LDTTGAKh.jggDYa0FfT573V0&asPdf=false,Loren S Reiff,Missouri,0,65650,58801358efff36f1
43-A-6755,Class A - Breeder,KNOB NOSTER,0,508153,0,2026-08-26,8/26/2026,Sharon Stoltzfus,0,https://aphis.file.force.com/sfc/dist/version/download/?oid=00Dt0000000GyZH&ids=068SJ00001Qanab&d=%2Fa%2FSJ00000CaQ9x%2FsqiY.cOxGwt1b3ARRgki4kxCDYW9f7mnWKYupQIWPrI&asPdf=false,Sharon Stoltzfus,Missouri,0,65336,64166cc879e0e00b
67-A-0002,Class A - Breeder,MONTEZUMA,0,508170,0,2026-06-29,6/29/2026,Adam Yoder,4,https://aphis.file.force.com/sfc/dist/version/download/?oid=00Dt0000000GyZH&ids=068SJ00001JGaye&d=%2Fa%2FSJ00000BShlF%2FGOMxNkRHX.WwNFFMs7HXmlATWDS8bdDNhkDb5iOKq6Q&asPdf=false,Adam Yoder,Georgia,0,31063,1c2d6a65c1658086
67-A-0002,Class A - Breeder,MONTEZUMA,0,508170,0,2026-07-30,7/30/2026,Adam Yoder,1,https://aphis.file.force.com/sfc/dist/version/download/?oid=00Dt0000000GyZH&ids=068SJ00001MpINq&d=%2Fa%2FSJ00000C1uVt%2F3mlmKRkSm_zymV0.hKOq0fEW6arvKwg2LbzeVZEtuZk&asPdf=false,Adam Yoder,Georgia,0,31063,9af3822c364d8ee5
67-A-0002,Class A - Breeder,MONTEZUMA,0,508170,0,2026-08-20,8/20/2026,Adam Yoder,3,https://aphis.file.force.com/sfc/dist/version/download/?oid=00Dt0000000GyZH&ids=068SJ00001QlE9o&d=%2Fa%2FSJ00000Cc4YL%2Fa3D0feTHrLSgCOmnw2yGo3We8jNnBbfdzByUPtzCUfs&asPdf=false,Adam Yoder,Georgia,0,31063,b5007f89e63f0d42
87-C-0074,Class C - Exhibitor,South Jordan,0,508181,0,2026-06-16,6/16/2026,"Utah Reindeer, LLC",0,https://aphis.file.force.com/sfc/dist/version/download/?oid=00Dt0000000GyZH&ids=068SJ00001GzohO&d=%2Fa%2FSJ00000B6yeH%2F2eqhHsnH8M8L0u.3xhXUN19JLUt2UFu9H1ic5EKzrP0&asPdf=false,"Utah Reindeer, LLC",Utah,0,84095,adea3bbd57203e14
73-C-0239,Class C - Exhibitor,SEMINOLE,0,508206,0,2026-06-17,6/17/2026,Nomads Animal Encounter LLC,0,https://aphis.file.force.com/sfc/dist/version/download/?oid=00Dt0000000GyZH&ids=068SJ00001GynXL&d=%2Fa%2FSJ00000B6vdB%2FrJGjLrVSOQ_AQBl2bOFon51Ff34jXFgL7C30mc5F1IM&asPdf=false,NOMAD'S ANIMAL ENCOUNTER LLC,Oklahoma,0,74868,081b1d014ed5f640
43-A-6508,Class A - Breeder,BETHANY,0,508219,0,2026-08-10,8/10/2026,Mystic Sunset Kennel LLC,0,https://aphis.file.force.com/sfc/dist/version/download/?oid=00Dt0000000GyZH&ids=068SJ00001OmR7h&d=%2Fa%2FSJ00000CKnqT%2FEPYcrGdx_3CViZZ_8dZGK0rme4UeVYOKdwzn9ZGT6Qs&asPdf=false,MONROE SHROCK,Missouri,0,64424,4a30dfd28a408350
43-A-6508,Class A - Breeder,BETHANY,0,508219,0,2026-08-26,8/26/2026,Mystic Sunset Kennel LLC,0,https://aphis.file.force.com/sfc/dist/version/download/?oid=00Dt0000000GyZH&ids=068SJ00001QcerQ&d=%2Fa%2FSJ00000CaoIj%2FuxYu4ElDqfW7._jbktFOGZ7G_tJqehQ1GUx_5GXEY9s&asPdf=false,MONROE SHROCK,Missouri,0,64424,577b3de2f16c753c
43-A-6509,Class A - Breeder,Versailles,0,508237,0,2026-07-08,7/8/2026,Nelson Reiff,0,https://aphis.file.force.com/sfc/dist/version/download/?oid=00Dt0000000GyZH&ids=068SJ00001Jwoc5&d=%2Fa%2FSJ00000BZN9t%2F9uXQ6Hhf4Q5vfNQSbKoKo9I8rOJtIR_JqHNNi1YFAkA&asPdf=false,002 - Nelson Reiff,Missouri,0,65084,4f00cc8eb16b992c
35-R-0136,Class R - Research Facility,MOUNT HOREB,0,508247,0,2026-06-16,6/16/2026,Huckleberry Farms LLC,0,https://aphis.file.force.com/sfc/dist/version/download/?oid=00Dt0000000GyZH&ids=068SJ00001Iysh3&d=%2Fa%2FSJ00000BQk5h%2F_KjS9LiUsLYVzUxKiSjD.ROoevQPWjzu7VJ706RCsRA&asPdf=false,HUCKLEBERRY FARMS LLC,Wisconsin,0,53572,2be3885ea12c1eb6
31-C-0280,Class C - Exhibitor,Medina,0,508248,0,2026-07-08,7/8/2026,Majestic Meadows Alpacas Inc,0,https://aphis.file.force.com/sfc/dist/version/download/?oid=00Dt0000000GyZH&ids=068SJ00001Kn3AS&d=%2Fa%2FSJ00000BgSrB%2Fh.PIZ5CTtrTV7ngV9AIsWvi4N9p1BsDbDHzyQcYxh8A&asPdf=false,Majestic Meadows Alpacas Inc,Ohio,0,44256,8fe5b226ef92e832
43-A-6505,Class A - Breeder,CLARK,0,508313,0,2026-08-06,8/6/2026,Noah Beachy,0,https://aphis.file.force.com/sfc/dist/version/download/?oid=00Dt0000000GyZH&ids=068SJ00001PA94j&d=%2Fa%2FSJ00000COJ0z%2Fa_QFFZ96ww1jbnh3PWJrVAJPyiMb_9kczHQMM0p9P1g&asPdf=false,NOAH S BEACHY,Missouri,0,65243,be3862895620fb09
32-A-0843,Class A - Breeder,Odon,0,508373,0,2026-08-11,8/11/2026,Marcus Wittmer,0,https://aphis.file.force.com/sfc/dist/version/download/?oid=00Dt0000000GyZH&ids=068SJ00001PDKtN&d=%2Fa%2FSJ00000COh4v%2FblE3GoXxaIqGpiU0GE_HmdU486O9pSiSTudgteAmppI&asPdf=false,Marcus Wittmer,Indiana,0,47562,feccc502861a2c7a
32-A-0864,Class A - Breeder,Odon,0,508374,0,2026-08-19,8/19/2026,Edgeview Kennel LLC,0,https://aphis.file.force.com/sfc/dist/version/download/?oid=00Dt0000000GyZH&ids=068SJ00001Q3N76&d=%2Fa%2FSJ00000CW9XV%2Fe05Bx53Y4G4w1zT3tN_LBOjvg5vocr0fh7krxzhzxBs&asPdf=false,Edgeview Kennel LLC,Indiana,0,47562,fc195d246c522663
74-R-0234,Class R - Research Facility,FORT WORTH,0,508388,0,2026-07-23,7/23/2026,Alcon Research LLC,0,https://aphis.file.force.com/sfc/dist/version/download/?oid=00Dt0000000GyZH&ids=068SJ00001LrgzH&d=%2Fa%2FSJ00000BrVov%2FjhnKZDn_b7qPHkeoFnzBhh.dQHXe6LOmVB_YHOMNFBI&asPdf=false,ALCON RESEARCH LLC,Texas,0,76134,7c40d159f2088e17
93-C-1209,Class C - Exhibitor,Temecula,0,508424,0,2026-07-22,7/22/2026,Sugarplum Zoo,0,https://aphis.file.force.com/sfc/dist/version/download/?oid=00Dt0000000GyZH&ids=068SJ00001Mi0CL&d=%2Fa%2FSJ00000C0N2X%2FJg_wl7IGL64Tn9D0l32VUaRFWJsvcDpMjsJ1J_dWeas&asPdf=false,Sugarplum Zoo- 001,California,0,92591,82c5ebb9ad55aba6
84-R-0093,Class R - Research Facility,FORT COLLINS,0,508596,0,2026-08-11,8/11/2026,Mountain West Research,1,https://aphis.file.force.com/sfc/dist/version/download/?oid=00Dt0000000GyZH&ids=068SJ00001Pb90o&d=%2Fa%2FSJ00000CSOWk%2FwVlEsZldkB_SnoRMyWCW6EISRMa_H3rHQLZvo_judlA&asPdf=false,CARE RESEARCH,Colorado,0,80524,d524e820068751c6
43-A-6523,Class A - Breeder,Jamesport,0,508606,0,2026-07-15,7/15/2026,Chris Kramer,0,https://aphis.file.force.com/sfc/dist/version/download/?oid=00Dt0000000GyZH&ids=068SJ00001KhX4n&d=%2Fa%2FSJ00000BfzIv%2FnNnE9qzgtmVzHPFU7yq7P5W5XZotpIfvxO58GD6Avog&asPdf=false,Chris Kramer,Missouri,0,64648,bdc4e86bc167f405
43-A-6523,Class A - Breeder,Jamesport,0,508606,0,2026-08-06,8/6/2026,Chris Kramer,0,https://aphis.file.force.com/sfc/dist/version/download/?oid=00Dt0000000GyZH&ids=068SJ00001OW73P&d=%2Fa%2FSJ00000CIKB3%2F8pbqEBC2g9t8XC.32IgxCVqsil0zuB20cZ.jTA281y0&asPdf=false,Chris Kramer,Missouri,0,64648,1499301ab7214485
32-A-0842,Class A - Breeder,Shipshewana,0,508610,0,2026-08-06,8/6/2026,Elson Bontrager,0,https://aphis.file.force.com/sfc/dist/version/download/?oid=00Dt0000000GyZH&ids=068SJ00001OAfNC&d=%2Fa%2FSJ00000CEiIP%2FyfSlQvgTTerhsQKQ4KUSwGc8RBDsjhiXxpO28q.O6rE&asPdf=false,Elson Bontrager,Indiana,0,46565,5c366b5f86968e8a
32-R-0060,Class R - Research Facility,TERRE HAUTE,0,508658,0,2026-06-17,6/17/2026,LFM Quality Laboratories Inc,0,https://aphis.file.force.com/sfc/dist/version/download/?oid=00Dt0000000GyZH&ids=068SJ00001Gx4r3&d=%2Fa%2FSJ00000B6XPZ%2FIPFWtLo0rormKHsctHrv9vBzWx1gL0SpsIhRjtjUZC8&asPdf=false,LFM Quality Laboratories Inc,Indiana,0,47802,0e820a53cf8ffa9f
14-R-0036,Class R - Research Facility,HADLEY,0,515,0,2026-06-18,6/18/2026,University of Massachusetts Amherst,0,https://aphis.file.force.com/sfc/dist/version/download/?oid=00Dt0000000GyZH&ids=068SJ00001HRrKW&d=%2Fa%2FSJ00000BAXM9%2F.LaPwI_nlNOHo4HXdclChkaB.n9Fq5bS7eGpaRuJKVs&asPdf=false,University of Massachusetts Amherst,Massachusetts,0,01035,f5895f1fce71b3c6
21-C-0520,Class C - Exhibitor,Ithaca,0,528,0,2026-06-23,6/23/2026,Cornell University,1,https://aphis.file.force.com/sfc/dist/version/download/?oid=00Dt0000000GyZH&ids=068SJ00001I8pTy&d=%2Fa%2FSJ00000BI7cb%2FTsRmYvvMFJtiwiich3UnMArBxylC0l4ycwiguUkHFfM&asPdf=false,Cornell University,New York,0,14853,f8e33956b474faa7
21-R-0119,Class R - Research Facility,Ithaca,0,528,0,2026-06-23,6/23/2026,Cornell University,0,https://aphis.file.force.com/sfc/dist/version/download/?oid=00Dt0000000GyZH&ids=068SJ00001I8uWn&d=%2Fa%2FSJ00000BI5an%2FqfPRaqV3LpXhYCNWC_ya8vHutRjkDh_qAL_BjUhDxeM&asPdf=false,Cornell University,New York,0,14853,fdf404f1a7666a23
42-A-1752,Class A - Breeder,Weldon,0,5313,0,2026-07-14,7/14/2026,Carla S Couchman,0,https://aphis.file.force.com/sfc/dist/version/download/?oid=00Dt0000000GyZH&ids=068SJ00001KX9yI&d=%2Fa%2FSJ00000BeGkT%2FVqOsj2rD8jplngPogoxcVPqDL.B97t8qbTM1HSbAEJ4&asPdf=false,Carla S Couchman,Iowa,0,50264,8e224d3d8a207513
74-C-1099,Class C - Exhibitor,LUBBOCK,0,5323,0,2026-08-05,8/5/2026,Science Spectrum,0,https://aphis.file.force.com/sfc/dist/version/download/?oid=00Dt0000000GyZH&ids=068SJ00001NXCMg&d=%2Fa%2FSJ00000Ck237%2FfxVi20fNK6KyGWA3Z0NZ1y7TxFvFOMFPUD0.h1ahGzw&asPdf=false,SCIENCE SPECTRUM,Texas,0,79423,287d49790d62cca1
43-A-2151,Class A - Breeder,CHILLICOTHE,0,5397,0,2026-08-20,8/20/2026,Sheree & Randall Bonnette,0,https://aphis.file.force.com/sfc/dist/version/download/?oid=00Dt0000000GyZH&ids=068SJ00001PlUaG&d=%2Fa%2FSJ00000CTzNn%2Fhri7CGuBMyDMi5KPUHxG0pP6riJFiwLphGPdXowvtqk&asPdf=false,SHEREE & RANDALL BONNETTE,Missouri,0,64601,deb350f14ffecd6e
74-R-0232,Class R - Research Facility,DALLAS,0,5404,0,2026-07-21,7/21/2026,Dave Spear,0,https://aphis.file.force.com/sfc/dist/version/download/?oid=00Dt0000000GyZH&ids=068SJ00001LY9h3&d=%2Fa%2FSJ00000Bnxob%2FnzrT9agFbv3HuPCER6FtkKE2_XISQSQx.UmLAXpreBU&asPdf=false,DAVE SPEAR,Texas,0,75251,5a72bf94aa99a799
73-B-0210,Class B - Dealer,DUNCAN,0,5439,0,2026-08-11,8/11/2026,Wanda Luark,0,https://aphis.file.force.com/sfc/dist/version/download/?oid=00Dt0000000GyZH&ids=068SJ00001ONuhX&d=%2Fa%2FSJ00000CGl2T%2FPBPxNL9YfUQD3ap2nDL8EAIhgm4dgRq8S5mTZLOe13g&asPdf=false,WANDA LUARK,Oklahoma,0,73533,80d659dd9d8bed84
58-A-0270,Class A - Breeder,DADE CITY,0,5469,1,2026-06-23,6/23/2026,4 J Conservation Center Inc,1,https://aphis.file.force.com/sfc/dist/version/download/?oid=00Dt0000000GyZH&ids=068SJ00001Hm2Gq&d=%2Fa%2FSJ00000BERoP%2FIpVcw1cZvCvbesijWCUnzEADU2Aon4DAbrQvyOy9ZtU&asPdf=false,4 J Conservation Center Inc,Florida,0,33523,bb51d51430d224e6
58-A-0270,Class A - Breeder,DADE CITY,0,5469,0,2026-07-01,7/1/2026,4 J Conservation Center Inc,0,https://aphis.file.force.com/sfc/dist/version/download/?oid=00Dt0000000GyZH&ids=068SJ00001Iu8o8&d=%2Fa%2FSJ00000BPicD%2FHy9oDKFb30AdLKuDnMtY_1Nk4c9_plDSJu.nMQdqqVo&asPdf=false,4 J Conservation Center Inc,Florida,0,33523,9aa51c58f3cb1cdc
41-R-0005,Class R - Research Facility,MINNEAPOLIS,0,547,0,2026-06-16,6/16/2026,University of Minnesota,0,https://aphis.file.force.com/sfc/dist/version/download/?oid=00Dt0000000GyZH&ids=068SJ00001H8f5b&d=%2Fa%2FSJ00000B8aHh%2FKgTcmc9wQIRqr8U.p6LEmOLNbBssnmRUk5MK9SDgpbw&asPdf=false,MINNEAPOLIS SITE,Minnesota,0,55455,dc5b02a91c2cae41
41-R-0005,Class R - Research Facility,SPRING VALLEY,0,547,0,2026-08-05,8/5/2026,University of Minnesota,0,https://aphis.file.force.com/sfc/dist/version/download/?oid=00Dt0000000GyZH&ids=068SJ00001NhM7j&d=%2Fa%2FSJ00000CA9BB%2FOUWgYpD4ljL7WC_A0wheriy.MNe3bhhp_4Nz.9Ek4sI&asPdf=false,SPRING VALLEY SITE,Wisconsin,0,54767,71e63a09896b84b7
16-R-0029,Class R - Research Facility,RIDGEFIELD,0,55,0,2026-06-25,6/25/2026,Boehringer Ingelheim Pharmaceuticals Inc,0,https://aphis.file.force.com/sfc/dist/version/download/?oid=00Dt0000000GyZH&ids=068SJ00001I6hUN&d=%2Fa%2FSJ00000BHlvR%2Frk2UOHR_AuiPFf4ipJENToMTxg6tMFHj6Telh1b2n74&asPdf=false,BOEHRINGER INGELHEIM RESRCH. & DEVELOP.,Connecticut,0,06877,debb4208e304800d
41-R-0022,Class R - Research Facility,SAINT PAUL,0,552,0,2026-07-15,7/15/2026,"Cardiac Pacemakers, Inc (A Boston Scientific Company)",0,https://aphis.file.force.com/sfc/dist/version/download/?oid=00Dt0000000GyZH&ids=068SJ00001KngIR&d=%2Fa%2FSJ00000CjcJz%2FvT2krO8YFXmPCO_9a0X_vDfuhCFNyj67jIhf9wwVTPE&asPdf=false,"CARDIAC PACEMAKERS, INC., A BOSTON SCIENTIFIC COMPANY",Minnesota,0,55112,88e2f1b3995a4342
46-A-0205,Class A - Breeder,PARKSTON,0,5545,0,2026-08-05,8/5/2026,Kelly Degen Faye Degen,0,https://aphis.file.force.com/sfc/dist/version/download/?oid=00Dt0000000GyZH&ids=068SJ00001OC5aN&d=%2Fa%2FSJ00000CEqRF%2FH3bbN5sGhKXZuOiG4bIlHp0BU8bD_5_Su8qye2y34aU&asPdf=false,KELLY & FAYE DEGEN,South Dakota,0,57366,15795c77b703c9b7
73-A-1257,Class A - Breeder,MCALESTER,0,5578,0,2026-07-22,7/22/2026,Chris McGill,0,https://aphis.file.force.com/sfc/dist/version/download/?oid=00Dt0000000GyZH&ids=068SJ00001LdPji&d=%2Fa%2FSJ00000Booo5%2FaYJP0SrsLQZJ9hn67iFONaT4MZAa19MeknWTfUqoAVo&asPdf=false,Chris McGill,Oklahoma,0,74501,bf2789905e1fdb5a
42-A-1672,Class A - Breeder,GRUNDY CENTER,0,5625,0,2026-07-23,7/23/2026,Heath Meyers,2,https://aphis.file.force.com/sfc/dist/version/download/?oid=00Dt0000000GyZH&ids=068SJ00001LzfMh&d=%2Fa%2FSJ00000BsPSv%2FeSgKEx1HU55zl1_cOHV4wbePhW94hlKjNi8DbmTwREs&asPdf=false,Heath Meyers,Iowa,0,50638,678207d681355021
33-R-0103,Class R - Research Facility,CHAMPAIGN,0,565,0,2026-06-25,6/25/2026,Kennelwood Inc.,0,https://aphis.file.force.com/sfc/dist/version/download/?oid=00Dt0000000GyZH&ids=068SJ00001I00dJ&d=%2Fa%2FSJ00000BGtjl%2FdqGDoqyQ1u70PPy3vTs784BDxxxuTuqgdkqrzvD7HDU&asPdf=false,"KENNELWOOD, INC.",Illinois,0,61821,c9f3212c3f13cd69
33-R-0104,Class R - Research Facility,ROCKFORD,0,566,0,2026-07-07,7/7/2026,University Of Illinois At Chicago,0,https://aphis.file.force.com/sfc/dist/version/download/?oid=00Dt0000000GyZH&ids=068SJ00001JQ2ZF&d=%2Fa%2FSJ00000BUWfG%2FDLO5dsxjFRWvyX27YXkqfsnF_nYm7LxkR.CRTsSH0qY&asPdf=false,U. OF IL -COLLEGE OF MEDICINE @ ROCKFORD,Illinois,0,61107,0c179184f41a122f
48-A-2242,Class A - Breeder,Fredonia,0,5698,0,2026-06-29,6/29/2026,Darole Walton and Shirley Walton,0,https://aphis.file.force.com/sfc/dist/version/download/?oid=00Dt0000000GyZH&ids=068SJ00001ISnMM&d=%2Fa%2FSJ00000BL4dS%2FM31V8NoyJ1Kvz43.Vb09Oi41qiJd9XYomuYLDKlYOQM&asPdf=false,Darole Walton Shirley Walton,Kansas,0,66736,ce19fb31fd1b572e
43-A-2372,Class A - Breeder,Grovespring,0,5700,0,2026-07-29,7/29/2026,Jeff and Kim Williams,0,https://aphis.file.force.com/sfc/dist/version/download/?oid=00Dt0000000GyZH&ids=068SJ00001NVRrF&d=%2Fa%2FSJ00000Cjy9B%2F1HMtcIbMoBkMISRgfbFO6RGNxtvjW0SqbjakXD_l.1s&asPdf=false,Jeff and Kim Williams,Missouri,0,65662,7431608ec3a6a86e
43-A-6869,Class A - Breeder,Novinger,0,5704,0,2026-07-23,7/23/2026,Betty Fetters,0,https://aphis.file.force.com/sfc/dist/version/download/?oid=00Dt0000000GyZH&ids=068SJ00001M0N5w&d=%2Fa%2FSJ00000Bsakv%2FwJDK996HA851O_ggP4gxe.ZG7VMk02Ck0uW4pLq70WM&asPdf=false,Betty Fetters,Missouri,0,63559,cfd356085fe2fe4a
33-R-0100,Class R - Research Facility,CHAMPAIGN,0,571,0,2026-08-27,8/27/2026,Parkland College,0,https://aphis.file.force.com/sfc/dist/version/download/?oid=00Dt0000000GyZH&ids=068SJ00001QsLeJ&d=%2Fa%2FSJ00000Cd1VB%2FdVFf3xUzbuXzTaobdf7uSvC41pPnxySU6q1eQqRWKLM&asPdf=false,PARKLAND COLLEGE,Illinois,0,61821,e0ce5b0cfdb01d5c
33-R-0067,Class R - Research Facility,DE KALB,0,575,0,2026-08-06,8/6/2026,Northern Illinois University,0,https://aphis.file.force.com/sfc/dist/version/download/?oid=00Dt0000000GyZH&ids=068SJ00001OXXv3&d=%2Fa%2FSJ00000CIeo5%2FV7QxF5MV0Qs0SK.WkLLLu3bmqYPkvVAU372XMjOouR8&asPdf=false,DIVISION OF RESEARCH AND GRADUATE STUDIES,Illinois,0,60115,5fd68dd800c45926
33-R-0151,Class R - Research Facility,ARGONNE,0,577,0,2026-06-18,6/18/2026,The University of Chicago,0,https://aphis.file.force.com/sfc/dist/version/download/?oid=00Dt0000000GyZH&ids=068SJ00001HRcRw&d=%2Fa%2FSJ00000BASw6%2FJfFh3AnFaRf1nLbF.d.7wOMH1iYSth61p5jSyfw.euY&asPdf=false,HTRL,Illinois,0,60439,20437167ea49a78e
33-R-0151,Class R - Research Facility,CHICAGO,0,577,0,2026-07-31,7/31/2026,The University of Chicago,0,https://aphis.file.force.com/sfc/dist/version/download/?oid=00Dt0000000GyZH&ids=068SJ00001NJs0k&d=%2Fa%2FSJ00000Ck2ZN%2FrXo_pHXBzlyS2_IhKoaTayXOiMx2JmLg4VhADDW0.hM&asPdf=false,THE UNIVERSITY OF CHICAGO,Illinois,0,60637,9f8051bc8794fd54
33-R-0129,Class R - Research Facility,Evanston,0,580,0,2026-06-24,6/24/2026,Northwestern University,0,https://aphis.file.force.com/sfc/dist/version/download/?oid=00Dt0000000GyZH&ids=068SJ00001HybYn&d=%2Fa%2FSJ00000BGFsn%2FZqywN9mpuCGkkaBePOA4M71tJjzfgNG5pSxw8qX.8Do&asPdf=false,Pancoe Building,Illinois,0,60208,8d216df4a067ec89
33-R-0129,Class R - Research Facility,Evanston,0,580,0,2026-06-24,6/24/2026,Northwestern University,0,https://aphis.file.force.com/sfc/dist/version/download/?oid=00Dt0000000GyZH&ids=068SJ00001Hym2i&d=%2Fa%2FSJ00000BGGk1%2FoAsY7mdQIFtgAIgh7prjYs6_OKI43wUqtI6R2ORHdh0&asPdf=false,Hogan Building,Illinois,0,60208,eb65917f9637e3eb
33-R-0129,Class R - Research Facility,Chicago,0,580,0,2026-06-24,6/24/2026,Northwestern University,0,https://aphis.file.force.com/sfc/dist/version/download/?oid=00Dt0000000GyZH&ids=068SJ00001IP6sb&d=%2Fa%2FSJ00000BKS9t%2FuQN.MkCO8jz1mcg4Htu3vvF6VINFi20lGUpgAb3.49A&asPdf=false,Montgomery Ward Building,Illinois,0,60611,eab247864e54792c
33-R-0129,Class R - Research Facility,Chicago,0,580,0,2026-06-24,6/24/2026,Northwestern University,1,https://aphis.file.force.com/sfc/dist/version/download/?oid=00Dt0000000GyZH&ids=068SJ00001IcTxk&d=%2Fa%2FSJ00000BN0Yr%2Fk1Iw_WbbmHVce9Kh6qmHEullY9cmqeSKVncOzhqzz5w&asPdf=false,Lurie Building,Illinois,0,60611,ebaf76b996cee526
33-R-0022,Class R - Research Facility,CHICAGO,0,581,0,2026-07-01,7/1/2026,Rush University Medical Center,0,https://aphis.file.force.com/sfc/dist/version/download/?oid=00Dt0000000GyZH&ids=068SJ00001Ims3U&d=%2Fa%2FSJ00000BOvd7%2FBQf2jaeF4Q5xLQ4f5KMqHuebqjIoH2A0adnmicKoBqo&asPdf=false,COHN RESEARCH BUILDING,Illinois,0,60612,feceb0d4fee2cc78
33-R-0024,Class R - Research Facility,MAYWOOD,1,583,0,2026-06-30,6/30/2026,Loyola University Chicago,2,https://aphis.file.force.com/sfc/dist/version/download/?oid=00Dt0000000GyZH&ids=068SJ00001Jx6sV&d=%2Fa%2FSJ00000BZZpN%2FqQ6T61iWmctIRXh7hPG75ecCdyDlZrFRPGu2.zuayCU&asPdf=false,STRITCH SCHOOL OF MEDICINE,Illinois,0,60153,4b52dbcc270ef4f2
33-R-0027,Class R - Research Facility,NORTH CHICAGO,0,585,0,2026-06-12,6/12/2026,Rosalind Franklin University of Medicine & Science,0,https://aphis.file.force.com/sfc/dist/version/download/?oid=00Dt0000000GyZH&ids=068SJ00001IxcCt&d=%2Fa%2FSJ00000BQYNt%2FNBkNhlGoFa1sl9y4kV_LlSO2EBZhpc3wd7K9ZGnttFU&asPdf=false,THE CHICAGO MEDICAL SCHOOL,Illinois,0,60064,646c39219809e827
74-C-1167,Class C - Exhibitor,Cedar Creek,0,5859,0,2026-07-30,7/30/2026,Michael Hicks,1,https://aphis.file.force.com/sfc/dist/version/download/?oid=00Dt0000000GyZH&ids=068SJ00001PFOUl&d=%2Fa%2FSJ00000CP5aH%2FebnBMeAvH3BNUvMV77PWV55nuF0Un8fzxyfm1YLmSjI&asPdf=false,Michael Hicks,Texas,0,78612,d71325e8ccf6be94
43-A-5775,Class A - Breeder,STOCKTON,0,5861,0,2026-06-25,6/25/2026,Violet Veitschegger,0,https://aphis.file.force.com/sfc/dist/version/download/?oid=00Dt0000000GyZH&ids=068SJ00001I8Q7X&d=%2Fa%2FSJ00000BIC9F%2FAlzdcPCH85tPKbKDi6g6jiMETK3TePXILUmPLRYW6VY&asPdf=false,VIOLET VEITSCHEGGER,Missouri,0,65785,4808f12d33b0f0c8
10-R-0011,Class R - Research Facility,WASHINGTON,0,59,0,2026-07-16,7/16/2026,Childrens National Medical Center,0,https://aphis.file.force.com/sfc/dist/version/download/?oid=00Dt0000000GyZH&ids=068SJ00001Lx99B&d=%2Fa%2FSJ00000Brvxt%2FKO317bQ.13Jy0dVyHrTtZQASnH20dSYoC.D0Zom8aKc&asPdf=false,CHILDREN'S NATIONAL MEDICAL CENTER,District of Columbia,0,20010,3dc9285f058027dc
21-R-0097,Class R - Research Facility,MILLBROOK,0,593,0,2026-07-14,7/14/2026,Cary Institute Of Ecosystem Studies Inc,0,https://aphis.file.force.com/sfc/dist/version/download/?oid=00Dt0000000GyZH&ids=068SJ00001Kf1KQ&d=%2Fa%2FSJ00000BfAmg%2FF4thuN8b.b1VetVaoIw5.ruCxd5AhTP7Q55Y7iGyVOQ&asPdf=false,INSITITUTE FOR ECOSYSTEMS STUDIES,New York,0,12545,024c08da3d8250d1
33-R-0010,Class R - Research Facility,DOWNERS GROVE,0,596,0,2026-06-18,6/18/2026,Midwestern University,0,https://aphis.file.force.com/sfc/dist/version/download/?oid=00Dt0000000GyZH&ids=068SJ00001H98bz&d=%2Fa%2FSJ00000B8h4f%2FDHLqXCzeIvzuGT_o.x2C9MRm7wDtmF9lMDRUNFry8o0&asPdf=false,BIOLOGICAL SCIENCES CENTER,Illinois,0,60515,74861c5248002448
73-C-0122,Class C - Exhibitor,Tuttle,0,5978,0,2026-07-07,7/7/2026,William Meadows,0,https://aphis.file.force.com/sfc/dist/version/download/?oid=00Dt0000000GyZH&ids=068SJ00001JvkSZ&d=%2Fa%2FSJ00000BZD7J%2FEghxZR52Pu4Kq21sLYumkuJUGVun2L7WyGVROOqguKY&asPdf=false,William Meadows,Oklahoma,0,73089,f33644c08f0c3b4d
33-R-0014,Class R - Research Facility,CARBONDALE,0,598,0,2026-07-13,7/13/2026,Southern Illinois University,0,https://aphis.file.force.com/sfc/dist/version/download/?oid=00Dt0000000GyZH&ids=068SJ00001KLqmC&d=%2Fa%2FSJ00000BcNOf%2FgeyAOsPBUuYJfDqfdMQWLLgxAPjAcl_8K7eK.fL6lSg&asPdf=false,SOUTHERN ILLINOIS UNIV. - CARBONDALE,Illinois,0,62901,bda26518f930842b
43-A-2520,Class A - Breeder,Sheridan,0,5995,0,2026-07-21,7/21/2026,Patricia Rowe,0,https://aphis.file.force.com/sfc/dist/version/download/?oid=00Dt0000000GyZH&ids=068SJ00001LV31u&d=%2Fa%2FSJ00000BnNtB%2FoGUyjse33oqH2W.3G9tdebqUMjdJENiZR1s_T0_YNaE&asPdf=false,Patricia Rowe,Missouri,0,64486,a9635c338e35d312
58-C-1313,Class C - Exhibitor,Groveland,0,6000,0,2026-07-13,7/13/2026,Glenn Donnelly,0,https://aphis.file.force.com/sfc/dist/version/download/?oid=00Dt0000000GyZH&ids=068SJ00001KMOuI&d=%2Fa%2FSJ00000BcSjJ%2F0.HdCWApxO1dzJCQ7sw8l7LucToeYVuOIZpbwbY1PI0&asPdf=false,Glenn Donnelly,Florida,0,34736,a64ce99d2b490419
43-A-6545,Class A - Breeder,Baring,0,600048,0,2026-07-20,7/20/2026,Leonard Good,0,https://aphis.file.force.com/sfc/dist/version/download/?oid=00Dt0000000GyZH&ids=068SJ00001LQIXs&d=%2Fa%2FSJ00000BmOT8%2FseqSQhKGRgGyBVtTDNEiXQuGJ1ivVu2qL2NYbGC_bLk&asPdf=false,Leonard Good,Missouri,0,63531,bcc5fde0404297e0
43-A-6538,Class A - Breeder,Laplata,0,600051,0,2026-08-14,8/14/2026,Bennie Shrock,0,https://aphis.file.force.com/sfc/dist/version/download/?oid=00Dt0000000GyZH&ids=068SJ00001PsTsX&d=%2Fa%2FSJ00000CV8X3%2F5OSZsRt1UGOGblB9ZTTWM17cBq7..2wB7f3auIIhSVY&asPdf=false,MB Kennels 001,Missouri,0,63549,25aa3900f490a229
12-C-0062,Class C - Exhibitor,Windham,0,600076,0,2026-06-17,6/17/2026,Millstone Wildlife Center,0,https://aphis.file.force.com/sfc/dist/version/download/?oid=00Dt0000000GyZH&ids=068SJ00001H4Sur&d=%2Fa%2FSJ00000B7U6H%2FR5igwLo390KzGZmY9_7zmcUtOz0Bj2iXSlABTqPZfqg&asPdf=false,Millstone Wildlife Center,New Hampshire,0,03087,8028db406812055b
43-A-6647,Class A - Breeder,Chula,0,600078,0,2026-08-18,8/18/2026,Aaron B Martin,0,https://aphis.file.force.com/sfc/dist/version/download/?oid=00Dt0000000GyZH&ids=068SJ00001Q2ups&d=%2Fa%2FSJ00000CW9fZ%2FFJatv83PYufn_EKTevP25u9i9VJ4uWWFfIG.7BBRHYo&asPdf=false,Aaron B Martin,Missouri,0,64635,c6316dfe92329071
74-C-1123,Class C - Exhibitor,Valley View,0,600228,0,2026-06-29,6/29/2026,"Oak Meadow Productions, LLC",0,https://aphis.file.force.com/sfc/dist/version/download/?oid=00Dt0000000GyZH&ids=068SJ00001IUGhD&d=%2Fa%2FSJ00000BLRen%2Fz_Rr6VtVEXzwB9DmBA6DVJSpEyVhYl7KKeyHcf45k7o&asPdf=false,"Oak Meadow Productions, LLC",Texas,0,76272,b06496b07978ee05
32-A-0855,Class A - Breeder,Millersburg,0,600245,0,2026-06-23,6/23/2026,Gerald Miller and John Miller,0,https://aphis.file.force.com/sfc/dist/version/download/?oid=00Dt0000000GyZH&ids=068SJ00001HzQRa&d=%2Fa%2FSJ00000BGRkH%2FhEUEDXDVDkU_XYeh.7FkpGyKmmpXkaOZEFc08QXs3E8&asPdf=false,County Line Kennel,Indiana,0,46543,b814dc7e0724a3bb
31-B-0210,Class B - Dealer,Union City,0,600252,0,2026-07-22,7/22/2026,Andrew S Clark,0,https://aphis.file.force.com/sfc/dist/version/download/?oid=00Dt0000000GyZH&ids=068SJ00001LdTYj&d=%2Fa%2FSJ00000Bojy5%2FKjk7pzS02KowT21Sc6QYNdDSx1psXmfMv2y04woK1BY&asPdf=false,Andrew S Clark,Ohio,0,45390,711190a534fb3dc0
73-C-0267,Class C - Exhibitor,Fletcher,0,600269,0,2026-06-22,6/22/2026,Christina Snider,0,https://aphis.file.force.com/sfc/dist/version/download/?oid=00Dt0000000GyZH&ids=068SJ00001HWMD3&d=%2Fa%2FSJ00000BBna9%2FHnJmsyBZIkyfUf.D1744ZN1fJD.o_EuMoabSt6uR9R4&asPdf=false,Christina Snider,Oklahoma,0,73541,b0dcd89d30fa0c55
74-C-1129,Class C - Exhibitor,Houston,2,6002705,0,2026-06-29,6/29/2026,Houston Interactive Aquarium and Animal Preserve,0,https://aphis.file.force.com/sfc/dist/version/download/?oid=00Dt0000000GyZH&ids=068SJ00001JEK5H&d=%2Fa%2FSJ00000BS9em%2FeO.aDqegSZNjPOHAMLU05srl6Ezsz3h_wwxstarvuf4&asPdf=false,Houston Interactive,Texas,0,77032,1ad7d330fd2ef809
32-A-0884,Class A - Breeder,LaGrange,0,6002708,0,2026-06-23,6/23/2026,Dewayne Schmucker,0,https://aphis.file.force.com/sfc/dist/version/download/?oid=00Dt0000000GyZH&ids=068SJ00001HeX7p&d=%2Fa%2FSJ00000BD8xV%2FzM0.F.CvFXoH60VOSG8EF8X5.KowP2zjvNA9ZjyVkQo&asPdf=false,Dewayne Schmucker,Indiana,0,46761,26309f7296b67af4
32-A-0900,Class A - Breeder,Goshen,0,6002726,0,2026-08-18,8/18/2026,Bright Star Kennels,0,https://aphis.file.force.com/sfc/dist/version/download/?oid=00Dt0000000GyZH&ids=068SJ00001PP9u6&d=%2Fa%2FSJ00000CQl7d%2FIidRiAJK37CuAMDxvk6FRk5BvGg18i3459_sm3N_n1c&asPdf=false,Bright Star Kennels,Indiana,0,46528,962c098831532df4
67-C-0003,Class C - Exhibitor,BOGART,0,6002748,0,2026-06-23,6/23/2026,Marek Lipold,2,https://aphis.file.force.com/sfc/dist/version/download/?oid=00Dt0000000GyZH&ids=068SJ00001HyQi7&d=%2Fa%2FSJ00000BGCBl%2FpI73xh8IWmoAiEYtN3ekyQerRGu43LDOoH.g5g_ioIg&asPdf=false,Marek Lipold,Georgia,0,30622,918926c11b27c081
32-A-1157,Class A - Breeder,La Grange,0,6002787,0,2026-06-22,6/22/2026,Delmar Miller,0,https://aphis.file.force.com/sfc/dist/version/download/?oid=00Dt0000000GyZH&ids=068SJ00001HUrsm&d=%2Fa%2FSJ00000BBNsb%2FP5q1r7i.4NSu_7Xk2MkI03GnMv8JV8FFVXLadC5R_JU&asPdf=false,Delmar Miller,Indiana,0,46761,43d3436b3bf3e73c
93-A-0258,Class A - Breeder,Grass Valley,0,6002808,0,2026-08-17,8/17/2026,Ridge Chinchillas,1,https://aphis.file.force.com/sfc/dist/version/download/?oid=00Dt0000000GyZH&ids=068SJ00001QI7Zq&d=%2Fa%2FSJ00000CXbZl%2Fr8cnuoklPnN_iANPUOycNIt2enikC74g7V7GSkYnD4s&asPdf=false,Ridge Chinchillas,California,0,95949,54a267d9707771fd
93-R-0592,Class R - Research Facility,San Diego,0,6002826,0,2026-08-13,8/13/2026,Arrowhead Pharmaceuticals,0,https://aphis.file.force.com/sfc/dist/version/download/?oid=00Dt0000000GyZH&ids=068SJ00001PK4QS&d=%2Fa%2FSJ00000CQAkn%2Fci3vZDawMwTwkumuXWAlaDjqzIswo2LFxOoexUAbrHU&asPdf=false,Arrowhead Pharmaceuticals,California,0,92131,f7a4b9df8e0dde05
34-C-0453,Class C - Exhibitor,Newport,0,6002855,0,2026-08-12,8/12/2026,Tyler Foland,1,https://aphis.file.force.com/sfc/dist/version/download/?oid=00Dt0000000GyZH&ids=068SJ00001Oo5Nz&d=%2Fa%2FSJ00000CL5x3%2Fn8.2noDtYJ7jackAzcVy.qKhcuxnXFZnJc3EFQ4DN_w&asPdf=false,Tyler Foland,Michigan,0,48166,0f573b083ea15de0
32-A-0907,Class A - Breeder,Shipshewana,0,600286,0,2026-06-23,6/23/2026,Ben Mullet,0,https://aphis.file.force.com/sfc/dist/version/download/?oid=00Dt0000000GyZH&ids=068SJ00001HkQ5G&d=%2Fa%2FSJ00000BE0GL%2FQP3gSpU7rJVTPjFeBQXP5tWwv98T88Kb7vVlBImG314&asPdf=false,Ben Mullet,Indiana,0,46565,01ed4f9a6183bec9
73-A-2821,Class A - Breeder,Colgate,0,6002906,0,2026-07-06,7/6/2026,Verna Schrock,0,https://aphis.file.force.com/sfc/dist/version/download/?oid=00Dt0000000GyZH&ids=068SJ00001JJ1Rd&d=%2Fa%2FSJ00000BTMA5%2FmusB9mO6fG9ENP.l5n6Zp4GUQzNL97TaBUbWDdpAcPw&asPdf=false,Verna Schrock,Oklahoma,0,74538,0010258b0d31a9d6
65-R-0508,Class R - Research Facility,Morton,0,6002907,0,2026-07-28,7/28/2026,Jaybird Noel LLC,2,https://aphis.file.force.com/sfc/dist/version/download/?oid=00Dt0000000GyZH&ids=068SJ00001NrE2T&d=%2Fa%2FSJ00000CBmSD%2FoYBXceKl2Br9hdZqzBuhGGJHOlmpTC2Lr1qm7xQgzXU&asPdf=false,Jaybird Noel LLC,Mississippi,0,39117,57129cb158f327ed
58-C-1241,Class C - Exhibitor,Deltona,0,6002921,0,2026-06-23,6/23/2026,101 Paws and Claws Inc,0,https://aphis.file.force.com/sfc/dist/version/download/?oid=00Dt0000000GyZH&ids=068SJ00001Hf6yg&d=%2Fa%2FSJ00000BDK5p%2FbVJF6GCkqInA19IzBzz6wHe5FABFd9phdAmVM3uJ2pc&asPdf=false,101 Paws and Claws Inc,Florida,0,32738,993c4f847fe01d54
35-C-0409,Class C - Exhibitor,Calcedonia,0,6002923,0,2026-08-05,8/5/2026,New Beginnings Ranch,0,https://aphis.file.force.com/sfc/dist/version/download/?oid=00Dt0000000GyZH&ids=068SJ00001OMBWO&d=%2Fa%2FSJ00000CGOqg%2Fw94M8YP7DQmCfexIObmuTdUW6IaqtcWf8a1mk.T7ia4&asPdf=false,New Beginnings Ranch,Wisconsin,0,53108,efe39088056b685f
33-C-0523,Class C - Exhibitor,Barrington,0,6002946,0,2026-06-30,6/30/2026,Midwest Camel & Pony Rides,0,https://aphis.file.force.com/sfc/dist/version/download/?oid=00Dt0000000GyZH&ids=068SJ00001JFxfe&d=%2Fa%2FSJ00000BSdXx%2FI3iJdty6Squ_sAQ3pdTgSnhhCu._R7E5_uC.K4NltbQ&asPdf=false,Midwest Camel & Pony Rides,Illinois,0,60010,f498113613bb9c2f
21-C-0485,Class C - Exhibitor,Ithaca,0,6002987,0,2026-06-11,6/11/2026,Wild by Nurture Inc,0,https://aphis.file.force.com/sfc/dist/version/download/?oid=00Dt0000000GyZH&ids=068SJ00001GKCDN&d=%2Fa%2FSJ00000B07MX%2FSrsUMoLyVdOImi7IuqGNF52_qGitn9gzCroHQepCu14&asPdf=false,Wild by Nurture Inc,New York,0,14850,28915889154be361
21-C-0485,Class C - Exhibitor,NEWFIELD,0,6002987,0,2026-06-11,6/11/2026,Wild by Nurture Inc,0,https://aphis.file.force.com/sfc/dist/version/download/?oid=00Dt0000000GyZH&ids=068SJ00001GKLI8&d=%2Fa%2FSJ00000B07hV%2FZxoLxZtSmzPSaQIVtlEJu1Y_jcSCzm5UgZjlZPQTy2Y&asPdf=false,Wild by Nurture Inc,New York,0,14867,b0deb1622d4ae569
13-C-0018,Class C - Exhibitor,Marlboro,0,6002988,0,2026-06-18,6/18/2026,Vermont Museum of Natural History Inc.,0,https://aphis.file.force.com/sfc/dist/version/download/?oid=00Dt0000000GyZH&ids=068SJ00001I7cU1&d=%2Fa%2FSJ00000BHw1F%2FAzLMR9a7m4uQq_QomjRkg34fO39HRqVMOh9YNa1gtJM&asPdf=false,Southern Vermont Natural History Museum,Vermont,0,05344,8f0ac6120f05e1de
65-B-0134,Class B - Dealer,Terry,0,6003020,0,2026-07-29,7/29/2026,Cody Moran,0,https://aphis.file.force.com/sfc/dist/version/download/?oid=00Dt0000000GyZH&ids=068SJ00001Nqcem&d=%2Fa%2FSJ00000CBfc1%2Fofo0pW.OjRki0FKwUmVrMhzoxuqj35C1aGV2CIYIr3E&asPdf=false,Cody Moran,Mississippi,0,39170,f0cd59dfea8efe35
48-A-2261,Class A - Breeder,Waverly,0,6003058,0,2026-06-15,6/15/2026,Clemens and Lizzie Borntreger,1,https://aphis.file.force.com/sfc/dist/version/download/?oid=00Dt0000000GyZH&ids=068SJ00001GfFZS&d=%2Fa%2FSJ00000B371w%2FOj41haJY7NhJiW8fJMkxQltvJK7kpsdCiysLAHN5oXs&asPdf=false,Clemens and Lizzie Borntreger,Kansas,0,66871,ae402dc57f31db8b
58-C-1250,Class C - Exhibitor,Auburndale,0,6003114,0,2026-08-01,8/1/2026,"Mister Crabs and Family Entertainment, Shows, and Hermit Crab Supplies",2,https://aphis.file.force.com/sfc/dist/version/download/?oid=00Dt0000000GyZH&ids=068SJ00001PG2Wo&d=%2Fa%2FSJ00000CP77R%2FKgsAh1gqVBMtl8LVcbeIRx19KmXj1avcnKX1WbvZZxc&asPdf=false,"Mister Crabs & Family Entertainment, Shows, and Hermit Crab Supplies",Florida,0,33823,f20e335b0fa6924a
51-B-0046,Class B - Dealer,Havre De Grace,0,6003118,0,2026-07-24,7/24/2026,HMs Reptiphibians,0,https://aphis.file.force.com/sfc/dist/version/download/?oid=00Dt0000000GyZH&ids=068SJ00001M4L0s&d=%2Fa%2FSJ00000BtLdN%2FwuCn7FnWmBS9DcdXtE9Bd34vBtBJH9qWvG8joieX_IU&asPdf=false,HMs Reptiphibians,Maryland,0,21078,50ceeca1de8d6a3e
74-C-1128,Class C - Exhibitor,Laredo,1,6003124,0,2026-06-16,6/16/2026,Laredo Safari and Adventure Park LLC,0,https://aphis.file.force.com/sfc/dist/version/download/?oid=00Dt0000000GyZH&ids=068SJ00001IctYs&d=%2Fa%2FSJ00000BN41N%2F0L3ceg9e_WOaAZ1T4e2zGwGzJMy__IXYOy9cOMLRTWg&asPdf=false,Laredo Safari and Adventure Park LLC,Texas,0,78046,74bc100f2a6c2f4a
43-A-6587,Class A - Breeder,Clark,0,6003225,0,2026-07-01,7/1/2026,Simon D Troyer,0,https://aphis.file.force.com/sfc/dist/version/download/?oid=00Dt0000000GyZH&ids=068SJ00001JxvTh&d=%2Fa%2FSJ00000BZnU9%2F7XpMIYrA471g7nRMaFYjUQhu1Xere6sdC8nfGdO40ic&asPdf=false,Simon D Troyer,Missouri,0,65243,97de34257ca536ae
32-A-0889,Class A - Breeder,Topeka,0,6003368,0,2026-06-24,6/24/2026,Lloyd Riehl,0,https://aphis.file.force.com/sfc/dist/version/download/?oid=00Dt0000000GyZH&ids=068SJ00001HzgEi&d=%2Fa%2FSJ00000BGXcn%2FTb9L.7il48qaexCE9VOaEcRMkrNbcoI19XputASWuvc&asPdf=false,Lloyd Riehl,Indiana,0,46751,1b1f86f3332c49c7
58-C-1244,Class C - Exhibitor,Webster,0,6003397,0,2026-06-16,6/16/2026,Chase Animal Rescue and Sanctuary,8,https://aphis.file.force.com/sfc/dist/version/download/?oid=00Dt0000000GyZH&ids=068SJ00001IVI4O&d=%2Fa%2FSJ00000BLW4z%2FQ4I8gFYuYgGQyDLUm5U0.SWMpmKtgpyX5Nisoo89jc0&asPdf=false,Chase Animal Rescue and Sanctuary,Florida,0,33597,b89d7f188e50f4c2
58-C-1244,Class C - Exhibitor,Webster,0,6003397,0,2026-06-29,6/29/2026,Chase Animal Rescue and Sanctuary,0,https://aphis.file.force.com/sfc/dist/version/download/?oid=00Dt0000000GyZH&ids=068SJ00001IV4OC&d=%2Fa%2FSJ00000BLXfN%2FM.cgRYY70JoIJbpu3IG2mkuEdeDdWYnUQQFL7wHH6WA&asPdf=false,Chase Animal Rescue and Sanctuary,Florida,0,33597,df04c07f9db04176
58-C-1244,Class C - Exhibitor,Webster,0,6003397,0,2026-08-05,8/5/2026,Chase Animal Rescue and Sanctuary,0,https://aphis.file.force.com/sfc/dist/version/download/?oid=00Dt0000000GyZH&ids=068SJ00001OpF8M&d=%2Fa%2FSJ00000CLK9h%2F30cCn5GWOfogOa9RtftX47_pfrwUg0Qv6GlwNvs5zmA&asPdf=false,Chase Animal Rescue and Sanctuary,Florida,0,33597,434b0291b501427e
43-A-6580,Class A - Breeder,Flemington,0,6003411,0,2026-07-07,7/7/2026,Yoast Station Farm,0,https://aphis.file.force.com/sfc/dist/version/download/?oid=00Dt0000000GyZH&ids=068SJ00001JRCwD&d=%2Fa%2FSJ00000BUWfH%2FwG9ox6QrvLrnMQGmqJG1pXHA6I6kGOJr2q6nxUIjkIE&asPdf=false,Yoast Station Farm,Missouri,0,65650,ecc1e75a21d92df8
21-C-0487,Class C - Exhibitor,McGraw,0,6003423,0,2026-08-19,8/19/2026,Lisa K Miller,0,https://aphis.file.force.com/sfc/dist/version/download/?oid=00Dt0000000GyZH&ids=068SJ00001PfnVm&d=%2Fa%2FSJ00000CTMSr%2FlgHv2aCZGbOPEN.Puhpv3ilrb1pzBICYJ9y.osryl6g&asPdf=false,Lisa K Miller,New York,0,13101,1e38f3fc4b72a7e9
16-B-0044,Class B - Dealer,Bridgeport,0,600349,0,2026-08-06,8/6/2026,Joel Valentine,0,https://aphis.file.force.com/sfc/dist/version/download/?oid=00Dt0000000GyZH&ids=068SJ00001Nk1cy&d=%2Fa%2FSJ00000CAc3V%2F2ESfBKn1VfCDqKe9NclI.e0p5NbnbLAy4NXaZi3MR60&asPdf=false,Joel Valentine,Connecticut,0,06606,b4fcab1ab6567101
56-C-0278,Class C - Exhibitor,BISHOPVILLE,0,600351,0,2026-07-07,7/7/2026,Black Creek Wildlife Center,1,https://aphis.file.force.com/sfc/dist/version/download/?oid=00Dt0000000GyZH&ids=068SJ00001KMqNj&d=%2Fa%2FSJ00000BcWoX%2Fkla8uURhekwfOjTx9od0s09GL70kUOX4M1N4eK5zjsg&asPdf=false,Black Creek Wildlife Center,South Carolina,0,29010,d24516471feeba8f
56-C-0278,Class C - Exhibitor,BISHOPVILLE,0,600351,0,2026-07-23,7/23/2026,Black Creek Wildlife Center,0,https://aphis.file.force.com/sfc/dist/version/download/?oid=00Dt0000000GyZH&ids=068SJ00001MZ1X7&d=%2Fa%2FSJ00000BySEP%2FESrsXDQ6crp6KiKgA3izam.2J3C2DTFKJDIe4SYCaWI&asPdf=false,Black Creek Wildlife Center,South Carolina,0,29010,83b8a26c7b868aaf
43-A-6593,Class A - Breeder,Jamesport,0,6003703,0,2026-08-07,8/7/2026,Freeman Detweiler,0,https://aphis.file.force.com/sfc/dist/version/download/?oid=00Dt0000000GyZH&ids=068SJ00001OVpZa&d=%2Fa%2FSJ00000CILbl%2FapUBio2FtTUcnxWl16YUXUCbpYeH13f2drX0SN4xYiE&asPdf=false,Freeman Detweiler,Missouri,0,64648,dbe98e6c2973f5ba
48-A-2243,Class A - Breeder,Osborne,0,6003735,0,2026-08-10,8/10/2026,Devin Spears,0,https://aphis.file.force.com/sfc/dist/version/download/?oid=00Dt0000000GyZH&ids=068SJ00001OSCj5&d=%2Fa%2FSJ00000CHPKr%2FOlf1FFZEHGAkq8ywD5SKHSE6bwALiLJHG43eixHTKvw&asPdf=false,Devin Spears,Kansas,0,67473,e2fc10b23b692615
35-R-0139,Class R - Research Facility,WAUSAU,0,6003805,0,2026-07-20,7/20/2026,Northcentral Technical College,0,https://aphis.file.force.com/sfc/dist/version/download/?oid=00Dt0000000GyZH&ids=068SJ00001M2c2Y&d=%2Fa%2FSJ00000BtD6L%2FBG4XhOICjEomnOP4tLDZc8I04seRzY2KzSEutwEfk6Y&asPdf=false,Agricultural Center for Excellence,Wisconsin,0,54401,29ab7fc0aafe3eb7
42-B-0322,Class B - Dealer,Davis City,0,6003875,0,2026-07-20,7/20/2026,Herman D Gingerich,0,https://aphis.file.force.com/sfc/dist/version/download/?oid=00Dt0000000GyZH&ids=068SJ00001LJnDb&d=%2Fa%2FSJ00000BljD3%2FTUUIyw1tDHXi_oEWFTClXOKOgZoOCKMEgkJFEHithtk&asPdf=false,Herman D Gingerich,Iowa,0,50065,2dad879c4a2ba5d9
93-R-0595,Class R - Research Facility,Temecula,0,6003895,0,2026-08-11,8/11/2026,"Virtus Strategic Consulting, Inc.",0,https://aphis.file.force.com/sfc/dist/version/download/?oid=00Dt0000000GyZH&ids=068SJ00001PfW5M&d=%2Fa%2FSJ00000CTQwH%2F_RGXtmS0gzaOcj4NkN1Vzj.qFcJ9YT1L9pbKBCEGyfU&asPdf=false,Virtus Strategic Consulting Inc.,California,0,92591,84c33f19fe35af23
93-R-0595,Class R - Research Facility,Valley Center,0,6003895,0,2026-08-11,8/11/2026,"Virtus Strategic Consulting, Inc.",2,https://aphis.file.force.com/sfc/dist/version/download/?oid=00Dt0000000GyZH&ids=068SJ00001PgDJo&d=%2Fa%2FSJ00000CTSbV%2F.nWLD7s6PvYvSW5zkDlVsaYyB7bgj.L94u6JQqsaDfw&asPdf=false,"Virtus Strategic Consulting, Inc.",California,0,92082,236bd4f20f210336
43-A-6596,Class A - Breeder,Udall,0,6004042,0,2026-07-30,7/30/2026,Timothy Watlington,0,https://aphis.file.force.com/sfc/dist/version/download/?oid=00Dt0000000GyZH&ids=068SJ00001NV4po&d=%2Fa%2FSJ00000Ck0ZB%2FNJL1Wsw8oACrT_99VxaHyCM5zr1zkPm3.8nFbBT4r8Q&asPdf=false,Timothy Allen Watlington,Missouri,0,65766,36870674f80bf0fc
71-A-1413,Class A - Breeder,RUSSELLVILLE,0,600411,0,2026-07-28,7/28/2026,Frances Roberson,0,https://aphis.file.force.com/sfc/dist/version/download/?oid=00Dt0000000GyZH&ids=068SJ00001MTXYC&d=%2Fa%2FSJ00000Bxn3B%2FB0sX49YvErz0_F8rl1Uf1KD7U2ZrQlfcNDdKK7Dhzz8&asPdf=false,Frances Roberson,Arkansas,0,72802,1b7315efc9a9e9aa
43-A-6567,Class A - Breeder,Holden,0,600858,0,2026-07-21,7/21/2026,Nichole Richey,0,https://aphis.file.force.com/sfc/dist/version/download/?oid=00Dt0000000GyZH&ids=068SJ00001MECp7&d=%2Fa%2FSJ00000Bumy5%2FTFnKmJhzefv.tjCLvdP5XbQYHwq4PMxIQahydienz8E&asPdf=false,Nicole Richey,Missouri,0,64040,9b928256043cd9dc
42-A-1656,Class A - Breeder,West Point,0,600903,0,2026-06-23,6/23/2026,Alec Mehmert,0,https://aphis.file.force.com/sfc/dist/version/download/?oid=00Dt0000000GyZH&ids=068SJ00001HwwKq&d=%2Fa%2FSJ00000BG5zt%2FAzdrjqVZi3evmU.8YAp3NarJPYrkh3..4XNI55bsIPU&asPdf=false,Alec Mehmert,Iowa,0,52656,90f9c1681704a788
61-C-0188,Class C - Exhibitor,Carlisle,0,6009833,0,2026-07-09,7/9/2026,"Wendt Enterprises, LLC",0,https://aphis.file.force.com/sfc/dist/version/download/?oid=00Dt0000000GyZH&ids=068SJ00001JzZYd&d=%2Fa%2FSJ00000Ba4gH%2FoTMJgwHPu.RxgafSLW8ijcFwG.8Xe.v6r_eAlbseGdQ&asPdf=false,"Wendt Enterprises, LLC",Kentucky,0,40311,e9d26d0c65a2e519
32-A-0902,Class A - Breeder,Plainville,0,6009834,0,2026-06-29,6/29/2026,Horseshoe Lake Farms LLC,0,https://aphis.file.force.com/sfc/dist/version/download/?oid=00Dt0000000GyZH&ids=068SJ00001IY6Rm&d=%2Fa%2FSJ00000BLvPx%2Ft4EPbSiy51fQ4UcEYqMJA2ney34HV1YCSOg5CT.iKeo&asPdf=false,Horseshoe Lake Farms LLC,Indiana,0,47568,75f9baf95662107b
43-A-6777,Class A - Breeder,Cassville,0,6009867,0,2026-06-24,6/24/2026,William Younger,0,https://aphis.file.force.com/sfc/dist/version/download/?oid=00Dt0000000GyZH&ids=068SJ00001HxP28&d=%2Fa%2FSJ00000BG3wT%2Fhe21HEiCVpbGjKpVPr7bvtz6YcpWvuPXvEM6XSG04n4&asPdf=false,William Younger,Missouri,0,65625,ef16e5a6ccd328c0
22-T-0064,Class T - Carrier,SAN FRANCISCO,0,6009985,0,2026-07-28,7/28/2026,Transportes Aereos Portugueses S.A. (TAP Air Portugal),0,https://aphis.file.force.com/sfc/dist/version/download/?oid=00Dt0000000GyZH&ids=068SJ00001MvrYo&d=%2Fa%2FSJ00000C31AL%2F5rwsZML8gS_F7bisslHYmZC_fPLPpcaUIWQ.x3UnJ8s&asPdf=false,TAP Air Portugal SFO,California,0,94128,99886b0066180fd2
33-C-0415,Class C - Exhibitor,Glen Ellyn,0,601,0,2026-07-27,7/27/2026,Forest Preserve District of DuPage County,0,https://aphis.file.force.com/sfc/dist/version/download/?oid=00Dt0000000GyZH&ids=068SJ00001MMvvO&d=%2Fa%2FSJ00000BwH29%2FL27ioBg67chI5WHRb5EGdnPRBoYHHA_60W9BTuKIPQU&asPdf=false,Forest Preserve District of DuPage County,Illinois,0,60137,0a9b471db16d7ff3
74-C-1195,Class C - Exhibitor,McGregor,0,6010013,0,2026-08-13,8/13/2026,Blue Hills Ranch & Resort,0,https://aphis.file.force.com/sfc/dist/version/download/?oid=00Dt0000000GyZH&ids=068SJ00001P4mLo&d=%2Fa%2FSJ00000CNPZt%2FK98DFu8HEUTLAKK0BV.Ov5H28haCidnxl38dHG7YODo&asPdf=false,Blue Hills Ranch & Resort,Texas,0,76657,911795b776e9d040
43-C-0408,Class C - Exhibitor,St. Louis,0,6010046,0,2026-08-10,8/10/2026,Grant's Farm,0,https://aphis.file.force.com/sfc/dist/version/download/?oid=00Dt0000000GyZH&ids=068SJ00001OTgQq&d=%2Fa%2FSJ00000CHvW1%2FYYjHLfvAA5cNaQxvSLGXpi8DQ9STCdyAmXhIsFXmeP0&asPdf=false,Grant's Farm,Missouri,0,63123,ed492e30388d9cb8
88-B-0044,Class B - Dealer,las vegas,0,6010066,0,2026-07-14,7/14/2026,Pet Planet LLC,0,https://aphis.file.force.com/sfc/dist/version/download/?oid=00Dt0000000GyZH&ids=068SJ00001Kg2b0&d=%2Fa%2FSJ00000Bfc9R%2FTC3Qha.U_R_4lFm1Cnif9MfNh9982FnHpkW3cOKi458&asPdf=false,Pet Planet LLC,Nevada,0,89107,c095636c714b89ee
21-C-0489,Class C - Exhibitor,Harpersville,0,6010068,0,2026-08-18,8/18/2026,JP Animal Adventure LLC,0,https://aphis.file.force.com/sfc/dist/version/download/?oid=00Dt0000000GyZH&ids=068SJ00001PfgNt&d=%2Fa%2FSJ00000CTQhl%2F5.eDdI8dWcuI.SgxESDOSj.XVZpYpizFgFIxqqI8uDc&asPdf=false,JP Animal Adventure LLC,New York,0,13787,e7f5f9c2a0b37eb1
21-C-0489,Class C - Exhibitor,Harpursville,0,6010068,0,2026-08-18,8/18/2026,JP Animal Adventure LLC,0,https://aphis.file.force.com/sfc/dist/version/download/?oid=00Dt0000000GyZH&ids=068SJ00001PlY92&d=%2Fa%2FSJ00000CTyUv%2FbhLizJZMoKpAW31FZ076vGnJrpYFuHwE8c3kOTmGncY&asPdf=false,JP Animal Adventure LLC,New York,0,13787,74cc59739fb6fbd3
43-A-6600,Class A - Breeder,Iberia,0,6010136,0,2026-07-07,7/7/2026,William & Monika Barnett,0,https://aphis.file.force.com/sfc/dist/version/download/?oid=00Dt0000000GyZH&ids=068SJ00001Jm8pb&d=%2Fa%2FSJ00000BXWnZ%2FmJcuf4FdgHUzNOG1NmRd3DtSVT5orT7TInfloMexyu8&asPdf=false,William & Monika Barnett,Missouri,0,65486,0cb6604e6bfa7ad3
81-R-0020,Class R - Research Facility,Seeley Lake,0,6010169,0,2026-08-03,8/3/2026,"Remote Medical Training Consultants, LLC",0,https://aphis.file.force.com/sfc/dist/version/download/?oid=00Dt0000000GyZH&ids=068SJ00001NWC2C&d=%2Fa%2FSJ00000Ck8gP%2FuH8KCk_iMZO9HlpCZluqFhtp0Cx5.lDoC_RN87NcUNQ&asPdf=false,"Remote Medical Training Consultants, LLC",Montana,0,59868,8d4f54817c4a24c9
35-A-0500,Class A - Breeder,Hillsboro,0,6010303,0,2026-06-18,6/18/2026,Ervin Miller Marcus Miller Anna May Miller,7,https://aphis.file.force.com/sfc/dist/version/download/?oid=00Dt0000000GyZH&ids=068SJ00001ILr9w&d=%2Fa%2FSJ00000BJtnF%2FIE35UPHdAb.1ZlOxe7W9ZcHlOzDngHsBFZfwMCdOlw8&asPdf=false,Ervin Miller Marcus Miller Anna Mary Miller,Wisconsin,0,54634,fcd547725c7d0216
58-B-0694,Class B - Dealer,Maitland,0,6010357,0,2026-07-06,7/6/2026,World Wide Exotic Animal Talent Agency LLC,0,https://aphis.file.force.com/sfc/dist/version/download/?oid=00Dt0000000GyZH&ids=068SJ00001JxhVP&d=%2Fa%2FSJ00000BZiB7%2Fl_3CEPxb8iaWjnIRwl_piI2wdAKSSTXVWF_In0q8Ok0&asPdf=false,World Wide Exotic Animal Talent Agency,Florida,0,32794,409121cf2a32fe78
43-A-6615,Class A - Breeder,Richland,0,6010374,0,2026-08-24,8/24/2026,Rachel Sien,0,https://aphis.file.force.com/sfc/dist/version/download/?oid=00Dt0000000GyZH&ids=068SJ00001QWAcl&d=%2Fa%2FSJ00000CZfHV%2FQ0GYA42X9eFd6oeC91YQ1ao9ssw9vtanl15q8FKXhPE&asPdf=false,Rachel Sien,Missouri,0,65556,c36e68c1ef389f7b
42-A-1674,Class A - Breeder,Rowley,0,6010383,0,2026-08-19,8/19/2026,Just Jubilant Havanese,0,https://aphis.file.force.com/sfc/dist/version/download/?oid=00Dt0000000GyZH&ids=068SJ00001PTLLX&d=%2Fa%2FSJ00000CRXPB%2FnSHchbIYdL6wcxPRcMOsKxai2Av2krrjf2Zw00OvgW4&asPdf=false,Just Jubilant Havanese,Iowa,0,52329,597b7fa2990adaf3
32-A-0906,Class A - Breeder,Odon,0,6010425,0,2026-08-11,8/11/2026,"Graber Mini Barns, LLC",0,https://aphis.file.force.com/sfc/dist/version/download/?oid=00Dt0000000GyZH&ids=068SJ00001OU0nc&d=%2Fa%2FSJ00000CHlJm%2FSiS_Q1AaqzicKERJkiWs7eN57Y6yKL9MLd7rP0G3cPU&asPdf=false,"Graber Mini Barns, LLC",Indiana,0,47562,c8a56c07834bc6d1
74-C-1127,Class C - Exhibitor,Bonham,0,6010443,0,2026-07-13,7/13/2026,North Texas Safari Park,0,https://aphis.file.force.com/sfc/dist/version/download/?oid=00Dt0000000GyZH&ids=068SJ00001Kajab&d=%2Fa%2FSJ00000BeglN%2FGw3_ZUp4Okxu8pRg24I2rp7JytLIjfdFj8PUnrPLDDI&asPdf=false,North Texas Safari Park,Texas,0,75418,7bcf76e7341ad7e7
43-A-6630,Class A - Breeder,Anderson,0,6010448,0,2026-08-26,8/26/2026,Johnna Gordon,0,https://aphis.file.force.com/sfc/dist/version/download/?oid=00Dt0000000GyZH&ids=068SJ00001QthPw&d=%2Fa%2FSJ00000CdPin%2FtDGjXoFwPARS2Zz3rm3tqRaG5OmzbT1b6E2kHbyBEVU&asPdf=false,Johnna Gordon,Missouri,0,64831,170ffd3e1185e16e
32-A-0917,Class A - Breeder,Walcottville,0,6010548,0,2026-07-15,7/15/2026,Riverbend Pets,0,https://aphis.file.force.com/sfc/dist/version/download/?oid=00Dt0000000GyZH&ids=068SJ00001KdeHw&d=%2Fa%2FSJ00000BfFzF%2FHL9I9aWXQCPmlQb7E0Q4hNC8cKgYpB2rfbjJr1udmzM&asPdf=false,Riverbend Pets,Indiana,0,46795,dac0fc27ae9c7ae7
32-A-0927,Class A - Breeder,Nappanee,0,6010698,0,2026-06-23,6/23/2026,Leon Bontrager,0,https://aphis.file.force.com/sfc/dist/version/download/?oid=00Dt0000000GyZH&ids=068SJ00001HlLV3&d=%2Fa%2FSJ00000BE8SP%2Fj4cYHvm.RxgljrsAORWuN8r8ajZgl0EBXFEpupasgCI&asPdf=false,Leon Bontrager,Indiana,0,46550,c887edf5638b4c1b
73-C-0248,Class C - Exhibitor,Wanette,0,6010714,0,2026-07-20,7/20/2026,Kamryn Rain Grant,0,https://aphis.file.force.com/sfc/dist/version/download/?oid=00Dt0000000GyZH&ids=068SJ00001LLvJt&d=%2Fa%2FSJ00000Bm4xR%2FuFmSjGkJxija6ZmGSP.o34gzuD5mQxccq_DuwsHwkME&asPdf=false,Kamryn Rain Grant,Oklahoma,0,74878,0618c603fadc46e6
73-B-1876,Class B - Dealer,Vici,0,6010717,0,2026-07-15,7/15/2026,"Safari B Ranch, LLC",0,https://aphis.file.force.com/sfc/dist/version/download/?oid=00Dt0000000GyZH&ids=068SJ00001Kyoai&d=%2Fa%2FSJ00000BiQEz%2FCwLCkpYrZMq1r5Qu20XIGexgTOU6JA8Yx8Ci.IxISZc&asPdf=false,Safari B Ranch,Oklahoma,0,73859,8062253e57d1cf33
32-A-0926,Class A - Breeder,Millersburg,0,6010737,0,2026-06-24,6/24/2026,Kamar Pets,0,https://aphis.file.force.com/sfc/dist/version/download/?oid=00Dt0000000GyZH&ids=068SJ00001Hx1pB&d=%2Fa%2FSJ00000BFxkb%2FtLQkbSZZPJqVw6GWl3okhX_3rzBRQbjMIsFY3B_WRYU&asPdf=false,Kamar Pets,Indiana,0,46543,e3dd619a849cc39e
32-A-0914,Class A - Breeder,Fort Wayne,0,6010810,0,2026-08-03,8/3/2026,Marcus Schmucker,0,https://aphis.file.force.com/sfc/dist/version/download/?oid=00Dt0000000GyZH&ids=068SJ00001NJwts&d=%2Fa%2FSJ00000C6ZNZ%2FBRMZkwD.yfz4zBM9noTf9GASDX31C52fpgpmMWXvC1U&asPdf=false,Marcus Schmucker,Indiana,0,46835,13de50c1857f4510
74-A-1569,Class A - Breeder,Bellevue,0,6010857,0,2026-08-13,8/13/2026,African Rhino Protection Initiative,0,https://aphis.file.force.com/sfc/dist/version/download/?oid=00Dt0000000GyZH&ids=068SJ00001OiPhJ&d=%2Fa%2FSJ00000CKQST%2FeyZ3eLwUMvripZWKGAQUUs9zLhQjlBzg7zHJrPoyC8E&asPdf=false,African Rhino Protection Initiative,Texas,0,76228,5ccd02c565bdffc1
43-A-6644,Class A - Breeder,West Plains,0,6010929,0,2026-07-13,7/13/2026,Justin Gailey,0,https://aphis.file.force.com/sfc/dist/version/download/?oid=00Dt0000000GyZH&ids=068SJ00001MClNt&d=%2Fa%2FSJ00000BuUMr%2FGQbSnwppiKxvllnDIGgAnCgareZ_T9f0xM3e4Z9SE64&asPdf=false,Justin Gailey,Missouri,0,65775,10d439d92faf66ad
43-A-6641,Class A - Breeder,Ava,0,6011017,0,2026-07-08,7/8/2026,Reagan Pearce,0,https://aphis.file.force.com/sfc/dist/version/download/?oid=00Dt0000000GyZH&ids=068SJ00001KbXKf&d=%2Fa%2FSJ00000Bepn4%2FlChXLEpgzxERchOhnSUsOc2llgdOCyErUAJmDXIr144&asPdf=false,Reagan Pearce,Missouri,0,65608,ecb7aa452b998aaa
34-A-0240,Class A - Breeder,Rhodes,0,6011038,0,2026-06-10,6/10/2026,"Hickory Way, LLC",0,https://aphis.file.force.com/sfc/dist/version/download/?oid=00Dt0000000GyZH&ids=068SJ00001GbwJS&d=%2Fa%2FSJ00000B2MVx%2F9DSL64onmsfWeN_wiOJhJTVwkP0tKmnFpU9EILD9KfE&asPdf=false,"Hickory Way, LLC",Michigan,0,48650,19a3b54df1c9c314
14-H-0021,Class H - Intermediate Handler,Boston,0,6011041,0,2026-06-10,6/10/2026,ACA International LLC,0,https://aphis.file.force.com/sfc/dist/version/download/?oid=00Dt0000000GyZH&ids=068SJ00001GLY57&d=%2Fa%2FSJ00000B0MIL%2FRIgOO7QoiY1LQ5JJzfGf336.FuB1yPUE.d7YLhVVi1w&asPdf=false,ACA International LLC,Massachusetts,0,02131,071c447cb1179539
74-C-1124,Class C - Exhibitor,SPLENDORA,0,601123,0,2026-07-10,7/10/2026,Jeremy Stepp,1,https://aphis.file.force.com/sfc/dist/version/download/?oid=00Dt0000000GyZH&ids=068SJ00001K1M8w&d=%2Fa%2FSJ00000BaK0H%2FbA.XGVkyk7rRmqEJqZ34koMRPrzCgo9WYArUE07U6R0&asPdf=false,Jeremy Stepp,Texas,0,77372,f00cea75ffe56763
32-A-0956,Class A - Breeder,Middlebury,0,6011325,0,2026-06-23,6/23/2026,"Middleberry Patch, LLC",1,https://aphis.file.force.com/sfc/dist/version/download/?oid=00Dt0000000GyZH&ids=068SJ00001HytKT&d=%2Fa%2FSJ00000BGWNN%2FtJKzgYpaTF0WOlX0nVsRSkipWJyox9eYRxirvqbFUTc&asPdf=false,"Middleberry Patch, LLC",Indiana,0,46540,3c2903065d4ebfa6
58-B-0698,Class B - Dealer,Maitland,0,6011387,0,2026-07-06,7/6/2026,The Q-UE Systems LLC,0,https://aphis.file.force.com/sfc/dist/version/download/?oid=00Dt0000000GyZH&ids=068SJ00001JxdtG&d=%2Fa%2FSJ00000BZi7t%2FTPWcbosOaoTNPxYENpdp.5F1Qqq5cwNs4_ZH0CHnB6M&asPdf=false,"The ""Q""-UE Systems LLC",Florida,0,32794,0c83ff229fd613b5
93-C-1179,Class C - Exhibitor,Torrance,0,6011405,0,2026-06-29,6/29/2026,Puppies and Reptiles For Parties LLC,1,https://aphis.file.force.com/sfc/dist/version/download/?oid=00Dt0000000GyZH&ids=068SJ00001Io03m&d=%2Fa%2FSJ00000BOyuL%2Fc3OmpPEWY5Sk2DVTXXlWh.bec3X5w2Gadf2IuD98Lng&asPdf=false,Puppies and Reptiles For Parties LLC,California,0,90502,394ddbd304c28584
58-A-0408,Class A - Breeder,Valrico,0,6011422,0,2026-07-31,7/31/2026,Latricia Stoddard,0,https://aphis.file.force.com/sfc/dist/version/download/?oid=00Dt0000000GyZH&ids=068SJ00001NGVmz&d=%2Fa%2FSJ00000C6DGb%2Ft10Yveec530vxWbW028.ij2yNoPag1itAggvgDWJi08&asPdf=false,Latricia Stoddard,Florida,0,33594,cd98982c8309be31
31-A-0903,Class A - Breeder,Peebles,0,6011456,0,2026-07-15,7/15/2026,Karen Miller,0,https://aphis.file.force.com/sfc/dist/version/download/?oid=00Dt0000000GyZH&ids=068SJ00001KzM7e&d=%2Fa%2FSJ00000BiSWv%2F6eE9aY56f8Tn9ydduIslgJ_gd3MUD0DUk78nAXkAAR8&asPdf=false,Karen Miller,Ohio,0,45660,61152ae8cce4f71b
32-A-0951,Class A - Breeder,Colon,0,6011496,0,2026-08-04,8/4/2026,"Premier Puppies, LLC",0,https://aphis.file.force.com/sfc/dist/version/download/?oid=00Dt0000000GyZH&ids=068SJ00001NhRGy&d=%2Fa%2FSJ00000CA30w%2FmIIt6T1Lr7vOi1mLyeizCza8fO1wjtJqajEHl_so4nk&asPdf=false,"Premier Puppies, LLC",Michigan,0,49040,57bff2e90360ce2f
31-C-0287,Class C - Exhibitor,Middletown,0,6011517,0,2026-06-22,6/22/2026,Red Riding Hood Rescue Project,0,https://aphis.file.force.com/sfc/dist/version/download/?oid=00Dt0000000GyZH&ids=068SJ00001HaFSv&d=%2Fa%2FSJ00000BC9yr%2Fk8jHpWhXjiyNG859BKGo9H2uT.PLDN3K5neVUfEwkNI&asPdf=false,Red Riding Hood Rescue Project,Ohio,0,45042,9964ceef02462b14
82-C-0085,Class C - Exhibitor,Rexburg,0,6011669,0,2026-08-11,8/11/2026,Yellowstone Safari Park LLC,0,https://aphis.file.force.com/sfc/dist/version/download/?oid=00Dt0000000GyZH&ids=068SJ00001OSNMk&d=%2Fa%2FSJ00000CHRbB%2FBs6IQ.8YQveG.LonBN7IvxW73rG7_N31axqReXStV1E&asPdf=false,Yellowstone Safari Park LLC,Idaho,0,83440,0197e1f4b5049ebe
43-B-3864,Class B - Dealer,Macon,0,6011703,0,2026-07-08,7/8/2026,Lolli Livestock Market Inc,0,https://aphis.file.force.com/sfc/dist/version/download/?oid=00Dt0000000GyZH&ids=068SJ00001Kpfd7&d=%2Fa%2FSJ00000BhBuj%2FZx67wNciv7iZ0GMjU74plIvOtKzBRQl95HPDUIBElyU&asPdf=false,Lolli Livestock Market Inc.,Missouri,0,63552,a3c1c239b0e21b59
43-A-6661,Class A - Breeder,Princeton,0,6011912,0,2026-08-05,8/5/2026,Glen R Otto,0,https://aphis.file.force.com/sfc/dist/version/download/?oid=00Dt0000000GyZH&ids=068SJ00001OCvid&d=%2Fa%2FSJ00000CF3rV%2FIeMKskzfBJT22dQp8.uICcuPGqQo2Dr8cz3jQnoLlEo&asPdf=false,Glen Otto,Missouri,0,64673,1f742196efcbc181
72-A-0195,Class A - Breeder,Jena,0,6012134,0,2026-07-22,7/22/2026,Billie C. Norman,0,https://aphis.file.force.com/sfc/dist/version/download/?oid=00Dt0000000GyZH&ids=068SJ00001LyPC3&d=%2Fa%2FSJ00000BsAfB%2FoWt95EA.xo4XW4HOcK8wfU2LFzTv2OcleQCgGlnJe_M&asPdf=false,Billie C. Norman,Louisiana,0,71342,aad91b4697ae697e
72-C-0249,Class C - Exhibitor,Natchitoches,0,6012155,0,2026-07-22,7/22/2026,Gary Saurage,0,https://aphis.file.force.com/sfc/dist/version/download/?oid=00Dt0000000GyZH&ids=068SJ00001LzZIp&d=%2Fa%2FSJ00000BsNu9%2FmHs2l1JCPpB1C736cKINN1BSwvh.uz5yV1eCvtCgPOE&asPdf=false,Gary Saurage,Louisiana,0,71457,f93106a9aec32bfd
43-A-6664,Class A - Breeder,Clark,0,6012221,0,2026-07-09,7/9/2026,David D. Troyer,0,https://aphis.file.force.com/sfc/dist/version/download/?oid=00Dt0000000GyZH&ids=068SJ00001LyeHg&d=%2Fa%2FSJ00000BsSAf%2FS3xXEsBDmvoOgXASvHnvjQhwOzeAvPn515jY.ikZumw&asPdf=false,David D Troyer,Missouri,0,65243,05f902166e510981
74-C-1133,Class C - Exhibitor,FLORESVILLE,0,6012241,0,2026-06-24,6/24/2026,Home of the Wild Ranch,0,https://aphis.file.force.com/sfc/dist/version/download/?oid=00Dt0000000GyZH&ids=068SJ00001IaZaz&d=%2Fa%2FSJ00000BMYzB%2FFNfvnr_rsNGMVFcVBGRLq6ZrMvZnz9B4l2uZ.PEEQDg&asPdf=false,Home of the Wild Ranch,Texas,0,78114,1bdfda14733d78fd
43-B-3834,Class B - Dealer,Van Buren,0,6012309,0,2026-08-04,8/4/2026,Jake Butler,0,https://aphis.file.force.com/sfc/dist/version/download/?oid=00Dt0000000GyZH&ids=068SJ00001NPOSw&d=%2Fa%2FSJ00000Ck6DB%2FGxifj9zFQa0JhIK3LqUBvmCLLk_Zqp_SgryzskC_8zo&asPdf=false,Jake Butler,Missouri,0,63965,65234774ade7ea68
73-A-2830,Class A - Breeder,KEOTA,0,6012310,0,2026-08-17,8/17/2026,Dan Howard Drummonds,1,https://aphis.file.force.com/sfc/dist/version/download/?oid=00Dt0000000GyZH&ids=068SJ00001P9OKQ&d=%2Fa%2FSJ00000CODI9%2FazlTR7ldXqqDRyAdbTSfHNbFTPz4TI0Rnf15w2C6B1Y&asPdf=false,Dan Howard Drummonds,Oklahoma,0,74941,a21475ddd7c5af16
43-A-6693,Class A - Breeder,Kingsville,0,6012358,0,2026-08-24,8/24/2026,Kimberly Ann Gilmore,0,https://aphis.file.force.com/sfc/dist/version/download/?oid=00Dt0000000GyZH&ids=068SJ00001Qp03M&d=%2Fa%2FSJ00000Ccih3%2FNAgXzeRx1GLCfyGytYuC6tcBCzW5__nPoj4TJUoJNws&asPdf=false,Kimberly Ann Gilmore,Missouri,0,64061,6eaa39a03caa9d39
74-B-0813,Class B - Dealer,Boerne,0,6012406,0,2026-07-01,7/1/2026,JRH Interests LLC,0,https://aphis.file.force.com/sfc/dist/version/download/?oid=00Dt0000000GyZH&ids=068SJ00001ImxhH&d=%2Fa%2FSJ00000BOdLF%2FExUBFpVqL0U4FKZ8Datsl1MjNnw4XpXr77SrL9th.0k&asPdf=false,JRH Exotics,Texas,0,78006,0e6a65bf95018083
74-B-0813,Class B - Dealer,Boerne,0,6012406,0,2026-08-04,8/4/2026,JRH Interests LLC,1,https://aphis.file.force.com/sfc/dist/version/download/?oid=00Dt0000000GyZH&ids=068SJ00001Nlzbr&d=%2Fa%2FSJ00000CB4W1%2FHXUY432cqJ75f9wkuYqTCr_QPInCv5g5K0cLsCwx168&asPdf=false,Sister Creek Ranch,Texas,0,78006,d781832551d8e201
32-A-0959,Class A - Breeder,Montgomery,0,6012411,0,2026-06-16,6/16/2026,Marlin R Knepp,0,https://aphis.file.force.com/sfc/dist/version/download/?oid=00Dt0000000GyZH&ids=068SJ00001Gy0d0&d=%2Fa%2FSJ00000B6YQT%2FhWrntdcisFMAfzd5YE2BsQr3LC.4uV3kw2PDxsI7jc0&asPdf=false,Marlin Knepp,Indiana,0,47558,bd7bfa2814743de2
41-R-0093,Class R - Research Facility,Milaca,0,6012423,0,2026-08-12,8/12/2026,Element Research Group,0,https://aphis.file.force.com/sfc/dist/version/download/?oid=00Dt0000000GyZH&ids=068SJ00001OpmXX&d=%2Fa%2FSJ00000CLXbZ%2FgRiZAChbwmCUzB.ZOnGP6OiVIY.Inilm9Ue.KggwH_s&asPdf=false,Central Minnesota Livestock Sourcing,Minnesota,0,56353,13ece5378b250f26
93-C-1189,Class C - Exhibitor,Orangevale,0,6012493,0,2026-07-27,7/27/2026,Sierra Wildlife Rescue,0,https://aphis.file.force.com/sfc/dist/version/download/?oid=00Dt0000000GyZH&ids=068SJ00001Mu0V9&d=%2Fa%2FSJ00000C2hDF%2FzmFraBzcGwM6AQHMHWSJ6cp0HoOiSfr8lWwfXdiKTTc&asPdf=false,Sierra Wildlife Rescue,California,0,95662,d6a026f793222a5a
93-C-1189,Class C - Exhibitor,Placerville,0,6012493,0,2026-07-29,7/29/2026,Sierra Wildlife Rescue,0,https://aphis.file.force.com/sfc/dist/version/download/?oid=00Dt0000000GyZH&ids=068SJ00001MuCCn&d=%2Fa%2FSJ00000C2hun%2FI.CKnPL_aiK5ONQ0YZB_HzDncZxBAlzNlgLhPdt.2vU&asPdf=false,Sierra Wildlife Rescue,California,0,95667,568037565b18722a
93-C-1189,Class C - Exhibitor,Placerville,0,6012493,0,2026-07-29,7/29/2026,Sierra Wildlife Rescue,1,https://aphis.file.force.com/sfc/dist/version/download/?oid=00Dt0000000GyZH&ids=068SJ00001Oqm4I&d=%2Fa%2FSJ00000CLvE5%2FedI_U0Ig.jVg.fcnxpZkN7W_Ky7w0DppTmHMHSdprjs&asPdf=false,Sierra Wildlife Rescue,California,0,95667,2fabe6cce0dbbfc0
93-C-1189,Class C - Exhibitor,Placerville,0,6012493,0,2026-07-29,7/29/2026,Sierra Wildlife Rescue,1,https://aphis.file.force.com/sfc/dist/version/download/?oid=00Dt0000000GyZH&ids=068SJ00001Orqbe&d=%2Fa%2FSJ00000CLvHJ%2FNrhTd3zSwuaI9G.HQcuUYrjjCVCsrEZpdy5FkaarpsI&asPdf=false,Sierra Wildlife Rescue,California,0,95667,e8fe29f8db5a4f3d
93-C-1189,Class C - Exhibitor,Placerville,0,6012493,0,2026-07-30,7/30/2026,Sierra Wildlife Rescue,0,https://aphis.file.force.com/sfc/dist/version/download/?oid=00Dt0000000GyZH&ids=068SJ00001MuJFv&d=%2Fa%2FSJ00000C2hoL%2FIYpLynzQ3LJgiluYTGQHXakn57BoYJ1m7f8STJzF0aU&asPdf=false,Sierra Wildlife Rescue,California,0,95667,1edd113c014f7876
93-C-1189,Class C - Exhibitor,Placerville,0,6012493,0,2026-08-03,8/3/2026,Sierra Wildlife Rescue,0,https://aphis.file.force.com/sfc/dist/version/download/?oid=00Dt0000000GyZH&ids=068SJ00001OrxwZ&d=%2Fa%2FSJ00000CLxML%2FFCanYs5w8t6n1tf6kRaGNRcXCv6o1FQ.hdf4esjR410&asPdf=false,Sierra Wildlife Rescue,California,0,95667,a90212baaa91d96b
93-C-1189,Class C - Exhibitor,Placerville,0,6012493,0,2026-08-03,8/3/2026,Sierra Wildlife Rescue,0,https://aphis.file.force.com/sfc/dist/version/download/?oid=00Dt0000000GyZH&ids=068SJ00001PF3jh&d=%2Fa%2FSJ00000CPNwz%2FceyCm9Sbhnk7u_wJh1NgbmUt7ygO0Y.P9P3_.eCjHkM&asPdf=false,Sierra Wildlife Rescue,California,0,95667,9e5d4016ad288ee8
93-C-1189,Class C - Exhibitor,Placerville,0,6012493,0,2026-08-14,8/14/2026,Sierra Wildlife Rescue,0,https://aphis.file.force.com/sfc/dist/version/download/?oid=00Dt0000000GyZH&ids=068SJ00001PGkBO&d=%2Fa%2FSJ00000CPKcY%2FFSZEoEYDD..7.awqFoTsnPu_HhiKojj9EWR3qn9fN3k&asPdf=false,Sierra Wildlife Rescue,California,0,95667,fc4bf1e15fef668b
73-A-2831,Class A - Breeder,Laverne,0,6012517,0,2026-06-25,6/25/2026,Zola Price and Taylor Miner,0,https://aphis.file.force.com/sfc/dist/version/download/?oid=00Dt0000000GyZH&ids=068SJ00001HzYnR&d=%2Fa%2FSJ00000BGVhR%2FIBz1dWFNuO.W6WB7InKmN73rj9bchR4JVjFlwsZE2HQ&asPdf=false,"Zola Price, Taylor Miner",Oklahoma,0,73848,7107542c91dfd022
73-C-0265,Class C - Exhibitor,Norman,0,6012553,0,2026-07-08,7/8/2026,Shannan McKinley,0,https://aphis.file.force.com/sfc/dist/version/download/?oid=00Dt0000000GyZH&ids=068SJ00001JrTAF&d=%2Fa%2FSJ00000BYhgv%2Fk7Ylz_Dfex9HsLuvm.EMMdw5VGfr8QlLqAhvOqNbEl4&asPdf=false,Shannan Mckinley,Oklahoma,0,73026,35d3105ede88da41
43-A-6825,Class A - Breeder,Lamar,0,6012555,0,2026-07-01,7/1/2026,Owen Detweiler,0,https://aphis.file.force.com/sfc/dist/version/download/?oid=00Dt0000000GyZH&ids=068SJ00001JFDmL&d=%2Fa%2FSJ00000BSKzx%2FG38Ay2cQkCTBn..touwREeqkPkPbHKr1MI_AIEiQEhs&asPdf=false,Owen Detweiler,Missouri,0,64759,ff6e5d4276486e30
43-A-6817,Class A - Breeder,Lamar,0,6012556,0,2026-06-12,6/12/2026,Chester Lambright,0,https://aphis.file.force.com/sfc/dist/version/download/?oid=00Dt0000000GyZH&ids=068SJ00001GbaED&d=%2Fa%2FSJ00000B2Igr%2FP.1YBAnVEgOcy9nyh6o3xBzq8bomcRZPUXubcLzLhlQ&asPdf=false,Chester Lambright,Missouri,0,64759,9b6303de553db05b
31-A-0917,Class A - Breeder,Sugarcreek,0,6012570,0,2026-07-09,7/9/2026,Roadside Puppies LLC,1,https://aphis.file.force.com/sfc/dist/version/download/?oid=00Dt0000000GyZH&ids=068SJ00001KKKpw&d=%2Fa%2FSJ00000Bbttd%2F1W2J9xRyWWK8NpEH.AweizEPvN2zlsHsD6eF0O75qZ8&asPdf=false,Roadside Puppies LLC,Ohio,0,44681,5eb5fe617b5e8a66
32-A-1164,Class A - Breeder,Shipshewana,0,6012647,0,2026-06-24,6/24/2026,David Lynn Bontrager,0,https://aphis.file.force.com/sfc/dist/version/download/?oid=00Dt0000000GyZH&ids=068SJ00001Hx2A7&d=%2Fa%2FSJ00000BFyyP%2FFaWLnTIG_vHtnmdArLcL2IoANBDHiJF7EAWceTWYXyo&asPdf=false,David Lynn Bontrager,Indiana,0,46565,8ecb09826e888902
35-A-0506,Class A - Breeder,Mineral Point,0,6012650,0,2026-07-20,7/20/2026,Daniel Graber,0,https://aphis.file.force.com/sfc/dist/version/download/?oid=00Dt0000000GyZH&ids=068SJ00001LLR3s&d=%2Fa%2FSJ00000Bm1l3%2F7h5vd5coxJd0rJjpUiYScwcIGsXtgvoKHgcL.xx_Nx0&asPdf=false,Daniel Graber,Wisconsin,0,53565,7cd8eb650b5a9dd9
71-A-1424,Class A - Breeder,Clarksville,0,6012695,0,2026-07-07,7/7/2026,Leeds Prime Puppies,0,https://aphis.file.force.com/sfc/dist/version/download/?oid=00Dt0000000GyZH&ids=068SJ00001Jn6KQ&d=%2Fa%2FSJ00000BXkwz%2FSEMi8jkPzIy10uPU1tb9xDhkB3emW1ul_6o9Jfc3OlU&asPdf=false,Leeds Prime Puppies,Arkansas,0,72830,633e1f651d990d5e
58-C-1267,Class C - Exhibitor,Ocala,0,6012764,0,2026-06-17,6/17/2026,Petting Zoo Ocala LLC,3,https://aphis.file.force.com/sfc/dist/version/download/?oid=00Dt0000000GyZH&ids=068SJ00001HT5N4&d=%2Fa%2FSJ00000BAtbB%2F1dXMxorAE3.CXJD86kVFfxgtyAjXTt2JNnaHKoIpjNE&asPdf=false,Petting Zoo Ocala LLC,Florida,0,34482,102698ff632d8d25
31-A-0930,Class A - Breeder,Dundee,0,6012794,0,2026-06-22,6/22/2026,Duane Miller,0,https://aphis.file.force.com/sfc/dist/version/download/?oid=00Dt0000000GyZH&ids=068SJ00001HbED7&d=%2Fa%2FSJ00000BCN7N%2FQn1NSKXIKvqonjrDmvvWrxElvrK.hwiGvfSFKnweVFg&asPdf=false,Duane Miller,Ohio,0,44624,b976167f3fbb5021
32-A-0974,Class A - Breeder,LaGrange,0,6012852,0,2026-08-26,8/26/2026,Lavon O. Lambright,1,https://aphis.file.force.com/sfc/dist/version/download/?oid=00Dt0000000GyZH&ids=068SJ00001R7OPO&d=%2Fa%2FSJ00000CfCkg%2F.6S4A7j9p4wW_RVyfG3z0OJRp3GVlfIrU9CsCDOHf2o&asPdf=false,Lavon O. Lambright,Indiana,0,46761,994a633628cbeac5
43-A-6681,Class A - Breeder,Jamesport,0,6012872,0,2026-06-24,6/24/2026,Sara N Detweiler,0,https://aphis.file.force.com/sfc/dist/version/download/?oid=00Dt0000000GyZH&ids=068SJ00001IcGds&d=%2Fa%2FSJ00000BMuq1%2FI4PFfGJ1pd66Diaq.k0EnxItNa_DnAhewrvP7gNAGiM&asPdf=false,Sara Detweiler,Missouri,0,64648,3634b080c4bd4abf
43-A-6681,Class A - Breeder,Jamesport,0,6012872,0,2026-08-05,8/5/2026,Sara N Detweiler,0,https://aphis.file.force.com/sfc/dist/version/download/?oid=00Dt0000000GyZH&ids=068SJ00001OCinA&d=%2Fa%2FSJ00000CF2Af%2Fvy1duy.2T5SU5BXlSb9j8q_3SSkN_Z7uKg5j9dkBS6E&asPdf=false,Sara Detweiler,Missouri,0,64648,2b6652430943536e
34-C-0442,Class C - Exhibitor,Newberry,0,6012892,0,2026-07-10,7/10/2026,Oswalds Bear Ranch LLC,0,https://aphis.file.force.com/sfc/dist/version/download/?oid=00Dt0000000GyZH&ids=068SJ00001Kl6pG&d=%2Fa%2FSJ00000BgHR7%2FXghGLkA.EEUA97q9li0ChEY7iB0M5EaLSZ78r3Ti56Y&asPdf=false,Oswalds Bear Ranch LLC,Michigan,0,49868,a1a8cdcb6c118a2e
32-B-0271,Class B - Dealer,Harlan,0,6012922,0,2026-08-25,8/25/2026,Leroy Eicher,1,https://aphis.file.force.com/sfc/dist/version/download/?oid=00Dt0000000GyZH&ids=068SJ00001QbX2T&d=%2Fa%2FSJ00000Caa7i%2FGNnhM07Trpvenz.WEsMC0y0X72w7OUuerB1bWfwdJfo&asPdf=false,Leroy Eicher,Indiana,0,46743,003a43049742d1ee
43-A-6729,Class A - Breeder,Dora,0,6013027,0,2026-07-01,7/1/2026,Jonathan and Lindsay Sellars,0,https://aphis.file.force.com/sfc/dist/version/download/?oid=00Dt0000000GyZH&ids=068SJ00001JDdRu&d=%2Fa%2FSJ00000BSBjl%2FgAUVm.JYNphk5Eu6g5fwN3yRMawuu2DVFdWuuB11fRc&asPdf=false,Jonathan and Lindsay Sellars,Missouri,0,65637,7d5d7e691977488d
34-C-0448,Class C - Exhibitor,Union,0,6013107,0,2026-06-24,6/24/2026,Summit Life Inc.,1,https://aphis.file.force.com/sfc/dist/version/download/?oid=00Dt0000000GyZH&ids=068SJ00001JBFGT&d=%2Fa%2FSJ00000BRonB%2F5N6TscAOKZr6N1GVtwxstxuckFswluCUnlryAsRpVGo&asPdf=false,Summit Life Inc.,Michigan,0,46514,d2eb5a2d608939a8
32-A-0972,Class A - Breeder,Spencerville,0,6013171,0,2026-08-25,8/25/2026,Timothy Wagler,0,https://aphis.file.force.com/sfc/dist/version/download/?oid=00Dt0000000GyZH&ids=068SJ00001QcH6o&d=%2Fa%2FSJ00000Cahp7%2FFIDyVasM.DmcWHLXX2jvG9gXLmbQC2BoGyRDk97Y9og&asPdf=false,Timothy Wagler,Indiana,0,46788,e09303b2d3170cf5
73-C-0252,Class C - Exhibitor,Claremore,0,6013173,0,2026-06-23,6/23/2026,Rocky Meadow LLC,0,https://aphis.file.force.com/sfc/dist/version/download/?oid=00Dt0000000GyZH&ids=068SJ00001HeJbF&d=%2Fa%2FSJ00000BDARR%2FbjE4GCyaPEFKq_bAxnm87wPLaT9yM5o_RCiC6lmQp3Y&asPdf=false,"Rocky Meadow, LLC",Oklahoma,0,74019,b1b7ab284984794e
34-B-0245,Class B - Dealer,Washington,0,6013210,0,2026-07-06,7/6/2026,Palladium BioLabs,0,https://aphis.file.force.com/sfc/dist/version/download/?oid=00Dt0000000GyZH&ids=068SJ00001KL7nF&d=%2Fa%2FSJ00000BbwRh%2Fjerpa9O7tJ7gnL5FRzoMKAabH1cAd1oPILSXcdKD3lE&asPdf=false,Palladium BioLabs,Michigan,0,48095,086746bf30b3d7a6
43-A-6700,Class A - Breeder,Green Castle,0,6013221,0,2026-06-22,6/22/2026,Sierra Green,1,https://aphis.file.force.com/sfc/dist/version/download/?oid=00Dt0000000GyZH&ids=068SJ00001Hg7B6&d=%2Fa%2FSJ00000BDZUf%2FczqiD8cCSyMNKpbKbE0F4Op3gRrwPWMM8tOr83I2_ok&asPdf=false,Sierra Green,Missouri,0,63544,61703a77b050765f
43-A-6700,Class A - Breeder,Green Castle,0,6013221,0,2026-08-20,8/20/2026,Sierra Green,0,https://aphis.file.force.com/sfc/dist/version/download/?oid=00Dt0000000GyZH&ids=068SJ00001PmMh3&d=%2Fa%2FSJ00000CU2dN%2FXxVGNvmAuzXUVDjLLHar.rvOckZztvIlcP_Nx5dlE3M&asPdf=false,Sierra Green,Missouri,0,63544,5593ebb5c4d1bc9e
58-B-0712,Class B - Dealer,Holiday,0,6013238,0,2026-08-12,8/12/2026,Deborah L Vincent,0,https://aphis.file.force.com/sfc/dist/version/download/?oid=00Dt0000000GyZH&ids=068SJ00001OhB6p&d=%2Fa%2FSJ00000CK3R3%2F2BaKv9O.VZBPA9EoSFxm1KCOMfsuKBOU92Ro10SgY8s&asPdf=false,Deborah L Vincent,Florida,0,34690,408fe0816ee4d5a9
43-A-6696,Class A - Breeder,Neosho,0,6013273,0,2026-07-14,7/14/2026,Nathan Fleming,0,https://aphis.file.force.com/sfc/dist/version/download/?oid=00Dt0000000GyZH&ids=068SJ00001Kz5NO&d=%2Fa%2FSJ00000BidQj%2FLFJVLKJxqmtVFe7TVtroY8fnFIh4RZezM6jXGuo6mPA&asPdf=false,Nathan Fleming,Missouri,0,64850,9aa2fd3a344ab0fc
74-H-0304,Class H - Intermediate Handler,San Francisco,0,6013327,0,2026-07-28,7/28/2026,Mercury Air Cargo LLC,0,https://aphis.file.force.com/sfc/dist/version/download/?oid=00Dt0000000GyZH&ids=068SJ00001Mv4Gh&d=%2Fa%2FSJ00000C31gb%2FjLH411pTtS4XeaQAYI5Eu9cZ8iSTeiKd_MfkUzT8MQk&asPdf=false,Mercury Air Cargo LLC - SFO - San Francisco International Airport,California,0,94128,7bbe8d6e18453477
43-A-6699,Class A - Breeder,Sheldon,0,6013366,0,2026-06-23,6/23/2026,Henry Reiff Jr & Dorothy L Reiff,0,https://aphis.file.force.com/sfc/dist/version/download/?oid=00Dt0000000GyZH&ids=068SJ00001HdOI0&d=%2Fa%2FSJ00000BCvNa%2FbzIFIEL7WoLg6xedV.siOj6Q.LvWN6XUGOGRp8zKNF8&asPdf=false,Henry Reiff Jr & Dorothy L Reiff,Missouri,0,64784,d07c5a9e56fe7cc6
73-C-0251,Class C - Exhibitor,Broken Bow,0,6013384,0,2026-08-26,8/26/2026,Tammy Virgin,0,https://aphis.file.force.com/sfc/dist/version/download/?oid=00Dt0000000GyZH&ids=068SJ00001QsD15&d=%2Fa%2FSJ00000Cd7nV%2F5Xs0A1Ea8lpxc1D4qUHMghv._nw4iliGL1aygmXo2nE&asPdf=false,Tammy Virgin,Oklahoma,0,74728,40be91f10de386c4
58-C-1349,Class C - Exhibitor,Delray Beach,0,6013461,0,2026-07-28,7/28/2026,The Girl's Strawberry U-Pick,0,https://aphis.file.force.com/sfc/dist/version/download/?oid=00Dt0000000GyZH&ids=068SJ00001MuDk0&d=%2Fa%2FSJ00000C2S4Y%2F9lQofBbak1F0ffwEM4rZaIZ5RkTIXxAa3ccbB1kq9zk&asPdf=false,The Girl's Strawberry U-Pick,Florida,0,33484,81b484f613eb2ba8
56-C-0280,Class C - Exhibitor,Myrtle Beach,0,6013483,0,2026-08-20,8/20/2026,Sugriva Co LLC,0,https://aphis.file.force.com/sfc/dist/version/download/?oid=00Dt0000000GyZH&ids=068SJ00001Pq7he&d=%2Fa%2FSJ00000CUksv%2F2XfrirqW_TAyfBs0r5UPI2NNUyRRCAlkyu1XnOnn.Vk&asPdf=false,Sugriva Co LLC,South Carolina,0,29588,00e28130c5486157
91-C-0167,Class C - Exhibitor,Oak Harbor,0,6013499,0,2026-08-19,8/19/2026,Alpha Encounters LLC,0,https://aphis.file.force.com/sfc/dist/version/download/?oid=00Dt0000000GyZH&ids=068SJ00001PSquc&d=%2Fa%2FSJ00000CRYMr%2FE3CMBLpdzAWRt_Av.RE3dYSF0g8GJlTWVfP6yTLfXow&asPdf=false,Alpha Encounters LLC,Washington,0,98221,b8139be55774f475
21-C-0499,Class C - Exhibitor,Chittenango,0,6013507,0,2026-06-17,6/17/2026,"Taylor's Wild Enterprises, LLC",0,https://aphis.file.force.com/sfc/dist/version/download/?oid=00Dt0000000GyZH&ids=068SJ00001H7mya&d=%2Fa%2FSJ00000B8akj%2Fbiu1Z6KlI3ZW1o9RbyGPZ1CJmdPzNF2aLhsOEElImjY&asPdf=false,"Taylor's Wild Enterprises, LLC",New York,0,13037,9743ae531dc391fc
21-C-0499,Class C - Exhibitor,Chittenango,0,6013507,0,2026-06-18,6/18/2026,"Taylor's Wild Enterprises, LLC",0,https://aphis.file.force.com/sfc/dist/version/download/?oid=00Dt0000000GyZH&ids=068SJ00001H8q3x&d=%2Fa%2FSJ00000B8Za9%2FcEf.W1MyihqNep.FEZlaTooXAwOjuUzsFZyEJML3lmY&asPdf=false,Taylor's Wilderness Safari,New York,0,13037,9503ae0d9e3fe73e
63-C-0300,Class C - Exhibitor,Yuma,0,6013508,0,2026-07-01,7/1/2026,Southland Safari,0,https://aphis.file.force.com/sfc/dist/version/download/?oid=00Dt0000000GyZH&ids=068SJ00001IwW85&d=%2Fa%2FSJ00000BQRB7%2Fx2EeZljNTBYev1KVopXkxqIm8A3bwmEFw8SksRwnxrA&asPdf=false,Southland Safari,Tennessee,0,38390,92e693bdacd02978
43-A-6752,Class A - Breeder,Seymour,0,6013529,0,2026-08-21,8/21/2026,Andrew HP Hilty,0,https://aphis.file.force.com/sfc/dist/version/download/?oid=00Dt0000000GyZH&ids=068SJ00001PoPdz&d=%2Fa%2FSJ00000CUVc9%2F8TuKKIkTx8yuZpNoZKmX5da8CSavnNwlW3mhEEn_ADc&asPdf=false,Andrew HP Hilty,Missouri,0,65746,8703695be3780030
23-R-0190,Class R - Research Facility,HOUSTON,0,6013565,0,2026-06-11,6/11/2026,Vet Tech Institute of Indiana,0,https://aphis.file.force.com/sfc/dist/version/download/?oid=00Dt0000000GyZH&ids=068SJ00001HcxWD&d=%2Fa%2FSJ00000BClUf%2F3RUMWVh.mKJbDysIf8HxJvrEM2BFzsT6iLE5o9WJ_Oc&asPdf=false,VET TECH INSTITUTE OF HOUSTON,Texas,0,77027,eee1d58cc54f4de4
43-A-6736,Class A - Breeder,Baring,0,6013578,0,2026-07-20,7/20/2026,"Anita Burkholder, Curvin Burkholder",0,https://aphis.file.force.com/sfc/dist/version/download/?oid=00Dt0000000GyZH&ids=068SJ00001LhNJl&d=%2Fa%2FSJ00000Bpkk1%2FF3loVVvZ9foWT3ku8dgBh4CTpF2l3OVB1H.GhaLMwHg&asPdf=false,Anita Burkholder Curvin Burkholder,Missouri,0,63531,588383399894c207
32-A-0989,Class A - Breeder,Wolcottville,0,6013594,0,2026-07-16,7/16/2026,Dallas Park Pets LLC,0,https://aphis.file.force.com/sfc/dist/version/download/?oid=00Dt0000000GyZH&ids=068SJ00001LHP3u&d=%2Fa%2FSJ00000Bl4pp%2FZr1iLSOYsDF8m8XS8PMpoYbEVCpTaj18sJDpthJbqR4&asPdf=false,Dallas Park Pets LLC,Indiana,0,46795,f070fd6049d26c17
74-R-0243,Class R - Research Facility,Waco,0,6013631,0,2026-06-11,6/11/2026,Baylor University - Research,0,https://aphis.file.force.com/sfc/dist/version/download/?oid=00Dt0000000GyZH&ids=068SJ00001GKR0t&d=%2Fa%2FSJ00000B028M%2FwJUPYJRCD5g.iL_tvegEfXw_H27LBCDtp5BcyFtLFFg&asPdf=false,Baylor Science Building,Texas,0,76706,a3f7039a4d7d8859
35-A-0523,Class A - Breeder,Augusta,0,6013663,0,2026-08-20,8/20/2026,Samuel J Yoder,0,https://aphis.file.force.com/sfc/dist/version/download/?oid=00Dt0000000GyZH&ids=068SJ00001PliOi&d=%2Fa%2FSJ00000CU1EH%2FgB7ZpSDQWHzTf.ljCpYZ680l.hO1Y.Djm7mTw3TVWtU&asPdf=false,Samuel J Yoder,Wisconsin,0,54722,62e50ce3da7c2833
32-B-0275,Class B - Dealer,Spencerville,0,6013778,0,2026-08-25,8/25/2026,Elite Pets and Supplies,0,https://aphis.file.force.com/sfc/dist/version/download/?oid=00Dt0000000GyZH&ids=068SJ00001QbmBE&d=%2Fa%2FSJ00000CaYDz%2F.TShptgWpBlLPPFyIBEE5JWI2JWtBAlIEOKQcLyM5mQ&asPdf=false,Elite Pets and Supplies,Indiana,0,46788,7d9d055410fbe2e9
43-B-3837,Class B - Dealer,Clark,0,6013794,0,2026-07-13,7/13/2026,Wayne Manly,0,https://aphis.file.force.com/sfc/dist/version/download/?oid=00Dt0000000GyZH&ids=068SJ00001LzJhN&d=%2Fa%2FSJ00000BsTwL%2FYETcSsWCq_0JE.gAqsxuSB.ai1QVC_DteCit8IsMESk&asPdf=false,Wayne Manly,Missouri,0,65243,f3d94c5fc16f5f2f
31-A-0956,Class A - Breeder,Homesville,0,6013797,0,2026-07-14,7/14/2026,Jacob Miller,2,https://aphis.file.force.com/sfc/dist/version/download/?oid=00Dt0000000GyZH&ids=068SJ00001KttJG&d=%2Fa%2FSJ00000Bhnwn%2FPQAXxYUv9WQTzm6gsHtdPrvEgxCBpPd_zgie_iPjv0g&asPdf=false,Jacob Miller,Ohio,0,44633,8f42068e258b4551
48-A-2254,Class A - Breeder,La Harpe,0,6013820,0,2026-08-03,8/3/2026,Joseph H and Bernita M Berntsen Living Trust,0,https://aphis.file.force.com/sfc/dist/version/download/?oid=00Dt0000000GyZH&ids=068SJ00001NaVpF&d=%2Fa%2FSJ00000CjuGr%2Fj_45r9nmI2kpa1b.NiBdUK3XHoK0_TMdTCGgQLr5_Lg&asPdf=false,Joseph H and Bernita M Berntsen Living Trust,Kansas,0,66751,da0a3a73b91e7f6a
43-A-6716,Class A - Breeder,Trenton,0,6013829,0,2026-07-23,7/23/2026,Awesome Paws Of Missouri,0,https://aphis.file.force.com/sfc/dist/version/download/?oid=00Dt0000000GyZH&ids=068SJ00001Mjr4t&d=%2Fa%2FSJ00000C0g3Z%2F2MAEDH0ytNfgM4zqj6mGYS0hVklnUp16.7CDbhwKXpw&asPdf=false,Awesome Paws Of Missouri,Missouri,0,64683,d3f11ff20706520d
32-A-1022,Class A - Breeder,MIDDLEBURY,0,6013879,0,2026-07-21,7/21/2026,Bluebird Meadow Puppies,0,https://aphis.file.force.com/sfc/dist/version/download/?oid=00Dt0000000GyZH&ids=068SJ00001LXAH8&d=%2Fa%2FSJ00000BnvbV%2FpjD6.ELwlqcI3xMizfrQDt3LqTjt7jy93YK6hRjinPc&asPdf=false,Bluebird Meadow Puppies,Indiana,0,46540,d067e8432865d573
23-A-0780,Class A - Breeder,New Albany,0,6013970,0,2026-08-14,8/14/2026,Kelly Hoyt,0,https://aphis.file.force.com/sfc/dist/version/download/?oid=00Dt0000000GyZH&ids=068SJ00001Q9x9W&d=%2Fa%2FSJ00000CWo1B%2FIlN7MSk7BF_4AzEsnVWGhAAktmUXI6FadGE7RGqo0Ig&asPdf=false,Kelly Hoyt,Pennsylvania,0,18833,52f8ed2d12220e9c
63-B-0203,Class B - Dealer,Columbia,0,6014068,1,2026-07-23,7/23/2026,Brian and Jessica Lentz,0,https://aphis.file.force.com/sfc/dist/version/download/?oid=00Dt0000000GyZH&ids=068SJ00001M2U4v&d=%2Fa%2FSJ00000Bt3jh%2FJMcqFNn7fegLJoe8ry6VR0I7CiZiOOGwyO4upoD09X4&asPdf=false,Brian and Jessica Lentz,Tennessee,0,38401,cead20934a634db5
63-B-0203,Class B - Dealer,Columbia,0,6014068,0,2026-07-29,7/29/2026,Brian and Jessica Lentz,0,https://aphis.file.force.com/sfc/dist/version/download/?oid=00Dt0000000GyZH&ids=068SJ00001MjGWi&d=%2Fa%2FSJ00000C0hin%2FmHrK2n8FETqTF35i93RPccncIAqB82qjSKxDceI60yA&asPdf=false,Brian and Jessica Lentz,Tennessee,0,38401,45f1f84aa501181a
43-A-6738,Class A - Breeder,Keytesville,0,6014071,0,2026-07-29,7/29/2026,John E Schrock,1,https://aphis.file.force.com/sfc/dist/version/download/?oid=00Dt0000000GyZH&ids=068SJ00001OHrJQ&d=%2Fa%2FSJ00000CFZjJ%2Fa22K7a5sK9Ms0jz6l9DDaE9.V1ODQSl9H0LXHmSrFPs&asPdf=false,John E Schrock,Missouri,0,65261,f527cd8a1ac89473
73-A-2849,Class A - Breeder,Stillwell,0,6014092,0,2026-07-20,7/20/2026,Clint Wilson,0,https://aphis.file.force.com/sfc/dist/version/download/?oid=00Dt0000000GyZH&ids=068SJ00001LW6XL&d=%2Fa%2FSJ00000BnlHB%2FQNDsqkjieID12MlViPdT7HTb7yphXu8oP1aBb_Iza_0&asPdf=false,Clint Wilson,Oklahoma,0,74960,7ff4b6fad8574345
63-C-0306,Class C - Exhibitor,Sharon,0,6014143,0,2026-08-05,8/5/2026,Teala Nooner,0,https://aphis.file.force.com/sfc/dist/version/download/?oid=00Dt0000000GyZH&ids=068SJ00001NamlE&d=%2Fa%2FSJ00000Cjte9%2FGE6gr1bvtCX1upR2JF3x_hysyyaxitxIpRDb8XhHX9k&asPdf=false,Teala Nooner,Tennessee,0,38255,26a53798724c2c4b
21-C-0502,Class C - Exhibitor,Cortland,0,6014186,0,2026-08-19,8/19/2026,Natalie J Muka,0,https://aphis.file.force.com/sfc/dist/version/download/?oid=00Dt0000000GyZH&ids=068SJ00001Pffht&d=%2Fa%2FSJ00000CTJQ9%2FR0bZWFWc7Bs0L.7DlPhr.EgMoCpL2rCryUpm4XysqHM&asPdf=false,Natalie Joy Muka,New York,0,13045,c3a1b6742cd00432
35-A-0546,Class A - Breeder,Platteville,0,6014208,0,2026-08-04,8/4/2026,Ben and Malinda Beiler,1,https://aphis.file.force.com/sfc/dist/version/download/?oid=00Dt0000000GyZH&ids=068SJ00001OBe3p&d=%2Fa%2FSJ00000CEfij%2FkwJd._plFjMrCFYdvGJpDlsg7p9hIiUBGaOFQbBpbj8&asPdf=false,Ben and Malinda Beiler,Wisconsin,0,53818,41d1275ce3cb9afa
43-A-6807,Class A - Breeder,Latham,0,6014240,0,2026-07-22,7/22/2026,Dusty Lane Kennel LLC,0,https://aphis.file.force.com/sfc/dist/version/download/?oid=00Dt0000000GyZH&ids=068SJ00001LgAo9&d=%2Fa%2FSJ00000BpObR%2Ffv_lX_lyz59BwDqIqp9aMcWwVCJId4m_KUKYklWFRsw&asPdf=false,Dusty Lane Kennel LLC,Missouri,0,65050,2f0db2e9a2a3e6a8
23-A-0784,Class A - Breeder,Sunbury,0,6014303,0,2026-06-25,6/25/2026,Raymond Z Lapp,0,https://aphis.file.force.com/sfc/dist/version/download/?oid=00Dt0000000GyZH&ids=068SJ00001I04wu&d=%2Fa%2FSJ00000BGVmI%2FRIuFVrVfVZK_uCEoEBIe3Pl7tWvh_IP5YThN7uDVS24&asPdf=false,Raymond Z Lapp,Pennsylvania,0,17801,2c11780fb94f2b79
32-A-1008,Class A - Breeder,New Paris,0,6014304,0,2026-06-25,6/25/2026,Stoney Acres Kennel,0,https://aphis.file.force.com/sfc/dist/version/download/?oid=00Dt0000000GyZH&ids=068SJ00001I3I40&d=%2Fa%2FSJ00000BHE8I%2FY68D8.I0JvX6qShlH0FGX.L4HcNhiJmB8hK7dae6AWg&asPdf=false,Stoney Acres Kennel,Indiana,0,46553,648c73c93b04a8b2
35-A-0518,Class A - Breeder,Stitzer,0,6014372,0,2026-06-23,6/23/2026,Moses S Glick,5,https://aphis.file.force.com/sfc/dist/version/download/?oid=00Dt0000000GyZH&ids=068SJ00001Hz70f&d=%2Fa%2FSJ00000BGKsT%2FLq3wrHSgW7GLARMuMxn9f1soOmQAlU8NcbBZTIffLJ8&asPdf=false,Moses S Glick,Wisconsin,0,53825,17f420ef1ace78d6
32-A-1012,Class A - Breeder,Millersburg,0,6014443,0,2026-07-22,7/22/2026,Milestone Enterprise LLC,0,https://aphis.file.force.com/sfc/dist/version/download/?oid=00Dt0000000GyZH&ids=068SJ00001LhmuW&d=%2Fa%2FSJ00000Bpkld%2FGS3WCyh15sfJIDPzuLRt2k402mjPo7esA6VModiGom4&asPdf=false,Milestone Enterprise LLC,Indiana,0,46543,d0dc8805b120e73c
55-B-0235,Class B - Dealer,Inglewood,0,6014444,0,2026-06-10,6/10/2026,China Rescue Dogs,0,https://aphis.file.force.com/sfc/dist/version/download/?oid=00Dt0000000GyZH&ids=068SJ00001GMwF3&d=%2Fa%2FSJ00000B0Yhh%2FEDh8qc2why2J4lQ6CrgFL1bAtG8qRGCdhkcLzMwN8gg&asPdf=false,China Rescue Dogs,California,0,90302,55319383a48744a0
32-A-1024,Class A - Breeder,Middlebury,0,6014454,0,2026-06-23,6/23/2026,Leon and LuAnn Yoder,0,https://aphis.file.force.com/sfc/dist/version/download/?oid=00Dt0000000GyZH&ids=068SJ00001HlRU5&d=%2Fa%2FSJ00000BECB3%2Fm6CDfEFEfmgVYJ9Rxrpb9KlmLPxleMoq.O5aIZ.oUxU&asPdf=false,Leon Yoder LuAnn Yoder,Indiana,0,46540,59207d3e4f5ad5a8
58-C-1268,Class C - Exhibitor,Panama City Beach,0,6014513,0,2026-08-19,8/19/2026,ZooWorld Zoological LLC,0,https://aphis.file.force.com/sfc/dist/version/download/?oid=00Dt0000000GyZH&ids=068SJ00001PWcmR&d=%2Fa%2FSJ00000CS1ez%2FlmM8nuCgA6kNW1yTylD_Lsu4Y3W0MBVN8flD7k5FI_Q&asPdf=false,ZooWorld Zoological Park LLC,Florida,0,32407,1d8f748c96691f8b
74-C-1179,Class C - Exhibitor,Burleson,0,6014560,0,2026-08-11,8/11/2026,The Dunham Farm LLC,3,https://aphis.file.force.com/sfc/dist/version/download/?oid=00Dt0000000GyZH&ids=068SJ00001OoIGY&d=%2Fa%2FSJ00000CLGvh%2F6UPAlr6NWmp_wHb4mnUd_MOKIaoCq71KfM.IBH_OuPQ&asPdf=false,The Dunham Farm LLC,Texas,0,76028,180beb23cf742db2
34-A-0247,Class A - Breeder,Remus,0,6014568,0,2026-08-03,8/3/2026,Albert Mast,0,https://aphis.file.force.com/sfc/dist/version/download/?oid=00Dt0000000GyZH&ids=068SJ00001NEdv6&d=%2Fa%2FSJ00000C5snF%2F7ge9u9iqQzv7Y5Fbl.2vURDBMbaUqM1XCHNhzVk485w&asPdf=false,Albert Mast,Michigan,0,49340,289f755c9aa6e388
43-A-6747,Class A - Breeder,Knox,0,6014654,0,2026-07-21,7/21/2026,Tammy Harsell,0,https://aphis.file.force.com/sfc/dist/version/download/?oid=00Dt0000000GyZH&ids=068SJ00001LmNR2&d=%2Fa%2FSJ00000BqBFZ%2F9DZtknf_Q3CrhvSsVK6hExXogR2jLFI8XDqSx4oyAYk&asPdf=false,Tammy Harsell,Missouri,0,63531,c7663438c71e9fbc
23-A-0782,Class A - Breeder,Paxinos,0,6014658,0,2026-07-13,7/13/2026,Pond View Puppies LLC,0,https://aphis.file.force.com/sfc/dist/version/download/?oid=00Dt0000000GyZH&ids=068SJ00001KHaxe&d=%2Fa%2FSJ00000BbGPF%2Ff67a8eR6zZ8H9ZYv4cNpsmOANiHQs0rwoeF2v0A6W7w&asPdf=false,Pond View Puppies LLC,Pennsylvania,0,17860,a80c43cdf7f6208b
43-A-6915,Class A - Breeder,Caulfield,0,6014661,0,2026-07-22,7/22/2026,Renee L. Scarcelli,0,https://aphis.file.force.com/sfc/dist/version/download/?oid=00Dt0000000GyZH&ids=068SJ00001MCce6&d=%2Fa%2FSJ00000BuVkL%2F6UTJ9lIofWBzzSgBAnh6AAuFVVgS2bGrPl3ogh2B8eM&asPdf=false,Renee L. Scarcelli,Missouri,0,65626,3831df9215fd44c8
42-A-1746,Class A - Breeder,Hazelton,0,6014663,0,2026-07-15,7/15/2026,Sunset Grove Kennels LLC,0,https://aphis.file.force.com/sfc/dist/version/download/?oid=00Dt0000000GyZH&ids=068SJ00001Ke6yx&d=%2Fa%2FSJ00000BfJLJ%2F5kmfcQNklK79k.Apb4s_.WoCDUcWyzWhvQjCWgN3Mvo&asPdf=false,Sunset Grove Kennels,Iowa,0,50641,cbd620d9091234a8
63-B-0201,Class B - Dealer,Dyersburg,0,6014736,0,2026-08-06,8/6/2026,Christopher Tittle,0,https://aphis.file.force.com/sfc/dist/version/download/?oid=00Dt0000000GyZH&ids=068SJ00001NjOVQ&d=%2Fa%2FSJ00000CAOyE%2Fb9bP0eqad5tEhBhvOi3KFaNvdTgMXqlpRKGJHTLOYdU&asPdf=false,Christopher Tittle,Tennessee,0,38024,31cb6d5f8a71216a
43-A-6803,Class A - Breeder,Ludlow,0,6014740,0,2026-08-12,8/12/2026,Jacey Burnett,0,https://aphis.file.force.com/sfc/dist/version/download/?oid=00Dt0000000GyZH&ids=068SJ00001P8Z1h&d=%2Fa%2FSJ00000CO1FN%2FAx9phkaXhkoEAzTUH.SPXJeWn_RoML1kumEm1NUhIlE&asPdf=false,Jacey Mohr,Missouri,0,64656,e182898e482b9d1f
32-A-1023,Class A - Breeder,Millersburg,0,6014760,0,2026-06-24,6/24/2026,Justin Bontrager,0,https://aphis.file.force.com/sfc/dist/version/download/?oid=00Dt0000000GyZH&ids=068SJ00001Hwsyg&d=%2Fa%2FSJ00000BFxB7%2FKtxLoS3afU09bkPktOaTEaTdMXqamSJFRygf2OH8Glo&asPdf=false,Justin Bontrager,Indiana,0,46543,249bb5c1c1bab07a
31-A-0954,Class A - Breeder,Applecreek,0,6014882,0,2026-06-30,6/30/2026,Rebecca Troyer,0,https://aphis.file.force.com/sfc/dist/version/download/?oid=00Dt0000000GyZH&ids=068SJ00001IcrlJ&d=%2Fa%2FSJ00000BMzHp%2Fmr8mLzCmIdcI4QF2tdwuZ4kwxZz1uxQTzLbdp5BwbME&asPdf=false,Rebecca Troyer,Ohio,0,44606,5d3581b3fcc88c5e
74-C-1146,Class C - Exhibitor,Johnson City,0,6014899,0,2026-06-25,6/25/2026,"Exotic Resort Zoo, Inc",0,https://aphis.file.force.com/sfc/dist/version/download/?oid=00Dt0000000GyZH&ids=068SJ00001IBzbg&d=%2Fa%2FSJ00000BIq3R%2FKlEf.SBKifaZ17jd_51a1M24Gevl8g2eIIRCMzEq0v4&asPdf=false,"Exotic Resort Zoo, Inc",Texas,0,78636,12123b5ef75f105c
91-C-0159,Class C - Exhibitor,Rochester,0,6014916,0,2026-07-23,7/23/2026,Twisted Holly Reindeer Ranch LLC,0,https://aphis.file.force.com/sfc/dist/version/download/?oid=00Dt0000000GyZH&ids=068SJ00001Lqzxe&d=%2Fa%2FSJ00000BrGDB%2FbWegvDvNoplkSvpbvShWf09qYYLM29uJdKYfr.kPKdc&asPdf=false,Twisted Holly Ranch LLC,Washington,0,98579,2bd7f79c03119ff5
22-B-0092,Class B - Dealer,Audubon,0,6014943,0,2026-08-26,8/26/2026,Garden State Pet Center,0,https://aphis.file.force.com/sfc/dist/version/download/?oid=00Dt0000000GyZH&ids=068SJ00001Qgqqw&d=%2Fa%2FSJ00000CbL09%2FEAi_aU3JgF7N1gE_meQEAg9Do7J0aXuzzE7EE9F0oBY&asPdf=false,Garden State Pet Center,New Jersey,0,08106,94a2ed1a46e4d99c
43-A-6762,Class A - Breeder,Conway,0,6014980,0,2026-07-21,7/21/2026,Simon K Brenneman,0,https://aphis.file.force.com/sfc/dist/version/download/?oid=00Dt0000000GyZH&ids=068SJ00001LTOGs&d=%2Fa%2FSJ00000Bn6Ir%2FBYRdFkeWvqsTCypG7yTGLFmN3I624PBEO6UBieMrr8I&asPdf=false,Simon K Brenneman,Missouri,0,65632,b779b5196d6d724b
67-C-0013,Class C - Exhibitor,Guyton,0,6014995,0,2026-06-29,6/29/2026,Hope Ranch GVS Inc.,0,https://aphis.file.force.com/sfc/dist/version/download/?oid=00Dt0000000GyZH&ids=068SJ00001IigvL&d=%2Fa%2FSJ00000BNmlZ%2Fi5DxMWapxJ3KZqhHd5lfYBnap4GGuGYWDvYsAJvKzCU&asPdf=false,Hope Ranch GVS Inc.,Georgia,0,31312,6f1e277f20d4914a
35-A-0519,Class A - Breeder,Stratford,0,6015008,0,2026-07-21,7/21/2026,Jay L Oberholtzer,0,https://aphis.file.force.com/sfc/dist/version/download/?oid=00Dt0000000GyZH&ids=068SJ00001M3O5R&d=%2Fa%2FSJ00000BtFGD%2FYEqTjjij8TvvJqnc2qJ8DGu0KGF7nRdvJFpYxemz6Mk&asPdf=false,Jay L Oberholtzer,Wisconsin,0,54484,79fa30de7bb918d7
71-A-1434,Class A - Breeder,Green Forest,0,6015049,0,2026-08-05,8/5/2026,Horseshoe Drive Kennel LLC,0,https://aphis.file.force.com/sfc/dist/version/download/?oid=00Dt0000000GyZH&ids=068SJ00001NZpRs&d=%2Fa%2FSJ00000CjvEY%2FK4thz2NFEiKf87IBPzuk_NP9C9Ct9TtSaQvh34WEGIo&asPdf=false,Horseshoe Drive Kennel LLC,Arkansas,0,72638,d18a2c1f6ac6c1e6
31-A-0957,Class A - Breeder,Millersburg,0,6015069,0,2026-06-15,6/15/2026,Pet My Puppy,1,https://aphis.file.force.com/sfc/dist/version/download/?oid=00Dt0000000GyZH&ids=068SJ00001GoxGF&d=%2Fa%2FSJ00000B50tu%2FvBtLOBpqzKB_Ybms5ZFupugOE45QEpwu7X9SUrPiltw&asPdf=false,Pet My Puppy,Ohio,0,44654,ddd3be01a53540d4
67-C-0012,Class C - Exhibitor,Commerce,0,6015081,0,2026-07-14,7/14/2026,Atlanta Safari Park,0,https://aphis.file.force.com/sfc/dist/version/download/?oid=00Dt0000000GyZH&ids=068SJ00001KW5qK&d=%2Fa%2FSJ00000Be765%2FpG1r7x_rnEFJVw0pWKaccNjY19322PfGKXrcMohgtD8&asPdf=false,Atlanta Safari Park,Georgia,0,30530,ba19e02ba11bb2fb
67-C-0012,Class C - Exhibitor,Commerce,0,6015081,0,2026-08-06,8/6/2026,Atlanta Safari Park,0,https://aphis.file.force.com/sfc/dist/version/download/?oid=00Dt0000000GyZH&ids=068SJ00001NquBu&d=%2Fa%2FSJ00000CBoAf%2FRpYzbcyfTs9c.Xq7VtVNyN9v5QNG9Yf.YirCQ0bTGzc&asPdf=false,Atlanta Safari Park,Georgia,0,30530,05390b8d473df179
43-A-6796,Class A - Breeder,Dora,0,6015191,0,2026-08-20,8/20/2026,PK Pups LLC,0,https://aphis.file.force.com/sfc/dist/version/download/?oid=00Dt0000000GyZH&ids=068SJ00001SKDbZ&d=%2Fa%2FSJ00000CpTdl%2FYq6toc5tLrriT6PePlL1MeBPc0ZcctmCC66DjJLwi7c&asPdf=false,PK Pups LLC,Missouri,0,65637,4ab71b10c602798e
23-A-0794,Class A - Breeder,Mount Pleasant Mills,0,6015609,0,2026-07-08,7/8/2026,Franklin H Stauffer,0,https://aphis.file.force.com/sfc/dist/version/download/?oid=00Dt0000000GyZH&ids=068SJ00001JblJJ&d=%2Fa%2FSJ00000BWGL3%2Fw48gpYZGOD96.PJXpGdLOxdwgZkKWzHu6RZEKJ2T.Go&asPdf=false,Franklin H Stauffer,Pennsylvania,0,17853,4f8b310a84a9a2b8
32-A-1029,Class A - Breeder,Syracuse,0,6015611,0,2026-06-25,6/25/2026,Luke and Waneta Miller,0,https://aphis.file.force.com/sfc/dist/version/download/?oid=00Dt0000000GyZH&ids=068SJ00001I3BaQ&d=%2Fa%2FSJ00000BHMLx%2FYZYPKw2n5oWxuCjZtKRDLPt9VxO0Y6ALLbwaUxhuz8s&asPdf=false,Luke and Waneta Miller,Indiana,0,46567,e030592e211e3992
32-A-1068,Class A - Breeder,Shipshewana,0,6015644,0,2026-08-04,8/4/2026,Jeremiah G Yoder,0,https://aphis.file.force.com/sfc/dist/version/download/?oid=00Dt0000000GyZH&ids=068SJ00001NMzNd&d=%2Fa%2FSJ00000Ck4o5%2FqqF5R3VGuhK9A1I5ieOcyX.ZHLaomDUO4gPdZiJLN_Q&asPdf=false,Jeremiah G Yoder,Indiana,0,46565,6653f1eb99dab25f
42-A-1716,Class A - Breeder,Kalona,0,6015645,0,2026-07-14,7/14/2026,Duane Bontrager,0,https://aphis.file.force.com/sfc/dist/version/download/?oid=00Dt0000000GyZH&ids=068SJ00001KUl7I&d=%2Fa%2FSJ00000Bdl8n%2FvKNtYxSCpYMPE0fBz8GIr0D7h2Uayor9wB13UlkjWrg&asPdf=false,Duane Bontrager,Iowa,0,52247,1d68791c085b0c73
43-A-6776,Class A - Breeder,Chillicothe,0,6015729,0,2026-08-17,8/17/2026,Karen Jones,0,https://aphis.file.force.com/sfc/dist/version/download/?oid=00Dt0000000GyZH&ids=068SJ00001PHa6o&d=%2Fa%2FSJ00000CPoab%2FqWdNIxoVdV4tK0tSnNLw8TQiP7zpDmRkJp5lv.49TMQ&asPdf=false,Karen Jones,Missouri,0,64601,b1d284177d804411
33-A-0624,Class A - Breeder,Arthur,0,6015753,0,2026-08-04,8/4/2026,Merlin J Yoder,0,https://aphis.file.force.com/sfc/dist/version/download/?oid=00Dt0000000GyZH&ids=068SJ00001NXcyQ&d=%2Fa%2FSJ00000Ck1v3%2FuFXnjnWpwtcQeTZxjTm0sRPQno.kOyOmw5HxnszPF.E&asPdf=false,Merlin J Yoder,Illinois,0,61911,fa8cdc4bb3ea1a6f
84-C-0173,Class C - Exhibitor,Sedalia,1,6015764,0,2026-06-10,6/10/2026,Mattersville,0,https://aphis.file.force.com/sfc/dist/version/download/?oid=00Dt0000000GyZH&ids=068SJ00001GbDcV&d=%2Fa%2FSJ00000B2AHt%2FlLHDBET9QBV66skmpYpoC8VJNf1rdbK68mjG34x9YpU&asPdf=false,Mattersville,Colorado,0,80135,54152f9e15435eb1
74-A-1582,Class A - Breeder,AVERY,0,6015807,0,2026-06-30,6/30/2026,Salty Dawgs Ranch,0,https://aphis.file.force.com/sfc/dist/version/download/?oid=00Dt0000000GyZH&ids=068SJ00001IbhjE&d=%2Fa%2FSJ00000BMn8b%2F1F33AcBrFErVBPfq4CAVcRV3ChK3KvvSO_F.DDEeLu4&asPdf=false,Salty Dawgs Ranch,Texas,0,75554,e5face7a36a5ef3e
74-A-1582,Class A - Breeder,AVERY,0,6015807,0,2026-08-10,8/10/2026,Salty Dawgs Ranch,0,https://aphis.file.force.com/sfc/dist/version/download/?oid=00Dt0000000GyZH&ids=068SJ00001OH0a9&d=%2Fa%2FSJ00000CFdq9%2F5jj6X8sZIC7qmlgKNQ9EcMiUtlLNHsYtLs7GXbUeglg&asPdf=false,Salty Dawgs Ranch,Texas,0,75554,dff9cecb9ca2cba5
74-C-1164,Class C - Exhibitor,Caddo mills,0,6015832,0,2026-08-05,8/5/2026,Home for Angels Rescue and Ranch,0,https://aphis.file.force.com/sfc/dist/version/download/?oid=00Dt0000000GyZH&ids=068SJ00001NfAx9&d=%2Fa%2FSJ00000C9rHV%2Fe5AFWqLRCBfrlynKBhDcHyNzSSmXExrJmtGgCFx9kdE&asPdf=false,Home for Angels Rescue and Ranch,Texas,0,75135,474ba25489611732
71-A-1452,Class A - Breeder,Saint Joe,0,6015898,0,2026-08-25,8/25/2026,"Ozark Mtn Corgis, Shepherds and Bernese LLC",0,https://aphis.file.force.com/sfc/dist/version/download/?oid=00Dt0000000GyZH&ids=068SJ00001QWoFR&d=%2Fa%2FSJ00000CZqXt%2F_979DRWFGeUdc3uPv69wdcaW_3bmpC9m91bLabCfmEM&asPdf=false,"Ozark Mtn Corgis, Shepherds, Bernese LLC",Arkansas,0,72675,a4afedd41ce4904b
31-A-0974,Class A - Breeder,Coshocton,0,6015923,0,2026-08-17,8/17/2026,Matthew A Miller,1,https://aphis.file.force.com/sfc/dist/version/download/?oid=00Dt0000000GyZH&ids=068SJ00001PGFH8&d=%2Fa%2FSJ00000CPBiv%2FZ2MPuZrGIabyaPp1OkEybmGwS6JhtpjYesViPTLf2hU&asPdf=false,Matthew A Miller,Ohio,0,43812,a8fa8bbc12999602
67-R-0004,Class R - Research Facility,Kennesaw,0,6015932,0,2026-08-17,8/17/2026,Kennesaw State University,0,https://aphis.file.force.com/sfc/dist/version/download/?oid=00Dt0000000GyZH&ids=068SJ00001PPV51&d=%2Fa%2FSJ00000CQodN%2FedWl5WfFtHFzq2eBl_etiM5TzhW0gGjkkKbPSuObqhU&asPdf=false,Kennesaw State University,Georgia,0,30144,fa1a68ebaf93526b
74-A-1584,Class A - Breeder,Brenham,0,6016076,0,2026-08-06,8/6/2026,HTCN Investments LLC,0,https://aphis.file.force.com/sfc/dist/version/download/?oid=00Dt0000000GyZH&ids=068SJ00001OM2d4&d=%2Fa%2FSJ00000CGefM%2FQDVk88UaB6HrJLKvwHKBGdYE0TCzq9U3U7rivp4IDps&asPdf=false,HTCN Investments LLC,Texas,0,77833,05f9b003cbc6ba4d
74-C-1163,Class C - Exhibitor,ROCKPORT,0,6016122,0,2026-07-28,7/28/2026,Tracy Morris,0,https://aphis.file.force.com/sfc/dist/version/download/?oid=00Dt0000000GyZH&ids=068SJ00001NCbVv&d=%2Fa%2FSJ00000C5FAn%2FbqVagLMQ2gA3LOi7aM8jqJPEKotY7kTd71P4mDgjM1I&asPdf=false,Tracy morris,Texas,0,78382,557d559b44b30543
32-C-0290,Class C - Exhibitor,Roanoke,0,6016171,0,2026-08-05,8/5/2026,LC Nature Park,0,https://aphis.file.force.com/sfc/dist/version/download/?oid=00Dt0000000GyZH&ids=068SJ00001NZywf&d=%2Fa%2FSJ00000CjwnJ%2F4EZ56UMCT4d3MStU1OdjD5v8AyYLgQ80AhKWcBL_n8k&asPdf=false,LC Nature Park,Indiana,0,46783,58647f7e3452bb14
73-C-0257,Class C - Exhibitor,Broken Bow,0,6016260,0,2026-06-25,6/25/2026,Beavers Bend Safari Park LLC,9,https://aphis.file.force.com/sfc/dist/version/download/?oid=00Dt0000000GyZH&ids=068SJ00001Ie1qY&d=%2Fa%2FSJ00000BNBNp%2F3yn8t3Xnv0Mve7tcq_g4Q3g_ADpLlRBZZQBrNxbmXf4&asPdf=false,"Beavers Bend Safari Park, LLC",Oklahoma,0,74728,5675d6309a326374
58-C-1283,Class C - Exhibitor,MORRISTON,0,6016298,0,2026-07-21,7/21/2026,Mayhem Ranch LLC,1,https://aphis.file.force.com/sfc/dist/version/download/?oid=00Dt0000000GyZH&ids=068SJ00001LgWBt&d=%2Fa%2FSJ00000BpSn7%2FIvE5sWY3z_z9fz3P1PSDqrptz6tRZ81WAN2lMP6BhGw&asPdf=false,Mayhem Ranch LLC,Florida,0,32668,96b4077df352c9f8
,,Delhi,0,6016311,0,2026-08-27,8/27/2026,Amanda Quatrochi,1,https://aphis.file.force.com/sfc/dist/version/download/?oid=00Dt0000000GyZH&ids=068SJ00001Qm2Pv&d=%2Fa%2FSJ00000CcN4j%2FBv9twu1Gh933tp7J2ge4A6akvW.vHt3u90VnFu9.joI&asPdf=false,Amanda Quatrochi,Iowa,0,522323,ae80d1eda3ff1e5f
73-A-2851,Class A - Breeder,Atoka,0,6016424,0,2026-07-01,7/1/2026,Perfect Pocket Beagles,0,https://aphis.file.force.com/sfc/dist/version/download/?oid=00Dt0000000GyZH&ids=068SJ00001IsEeO&d=%2Fa%2FSJ00000BPNW9%2FVM3frEyT3pPTlHYjiKEsBsb5kCkUAeeQ06s.LpE0OPY&asPdf=false,Perfect Pocket Beagles,Oklahoma,0,74525,6db9f45d16f78bf3
23-A-0793,Class A - Breeder,Quarryville,0,6016478,0,2026-08-06,8/6/2026,Malinda King,0,https://aphis.file.force.com/sfc/dist/version/download/?oid=00Dt0000000GyZH&ids=068SJ00001O6b6e&d=%2Fa%2FSJ00000CDjwT%2F0JOT2lGxlIgyKMg84Q.Isz2fcC9eFQM0nZAKvOnT68U&asPdf=false,Malinda King,Pennsylvania,0,17566,e2d4db058e882dd7
93-A-0260,Class A - Breeder,Rensselaer,0,6016479,0,2026-08-25,8/25/2026,Premier BioSource Inc.,0,https://aphis.file.force.com/sfc/dist/version/download/?oid=00Dt0000000GyZH&ids=068SJ00001QhNJg&d=%2Fa%2FSJ00000CbKSH%2F2lapBWcA_.lJuReZYa2tY3eqY8Oc9qcRvJEllGYM2DA&asPdf=false,Premier BioSource Inc.,Indiana,0,47978,298b82de9a6be977
43-A-6804,Class A - Breeder,Creighton,0,6016544,0,2026-08-25,8/25/2026,Rambling Rose Acres,0,https://aphis.file.force.com/sfc/dist/version/download/?oid=00Dt0000000GyZH&ids=068SJ00001QcOI3&d=%2Fa%2FSJ00000CamqP%2FB0IQM9XKrqLT_BncXqlwSu1FpmhA2tuGobZhNIiNbHM&asPdf=false,Rambling Rose Acres,Missouri,0,64739,567f098c012a6025
58-C-1290,Class C - Exhibitor,Oxford,0,6016552,0,2026-08-25,8/25/2026,Kanat Tchalabaev,0,https://aphis.file.force.com/sfc/dist/version/download/?oid=00Dt0000000GyZH&ids=068SJ00001QPFm8&d=%2Fa%2FSJ00000CYugn%2FFZV2jakICDHBD6RTQK.w6HJZX7gim4rq1WYk4YhrF1E&asPdf=false,Kanat Tchalabaev,Florida,0,34484,c8dd41d896bd394f
21-C-0515,Class C - Exhibitor,Smithfield,0,6016571,0,2026-08-06,8/6/2026,Rosemary Irish,0,https://aphis.file.force.com/sfc/dist/version/download/?oid=00Dt0000000GyZH&ids=068SJ00001No520&d=%2Fa%2FSJ00000CBIQv%2FqWRS9EGMLHyCXRdvfwQXIEYCv8Ly7sIbfDFbWaGaB7c&asPdf=false,Rosemary Irish,Virginia,0,23430,ba08819c175f37d5
35-A-0526,Class A - Breeder,Augusta,0,6016627,0,2026-06-11,6/11/2026,Amos A Borntreger Jr,0,https://aphis.file.force.com/sfc/dist/version/download/?oid=00Dt0000000GyZH&ids=068SJ00001GEo1o&d=%2Fa%2FSJ00000AzPtN%2F9sxh7OwZjnVgDdUFfaTHSL1uwZbYvybxgRDVYggGxZo&asPdf=false,Amos A Borntreger Jr,Wisconsin,0,54722,fd45c8a79bc1a195
74-C-1155,Class C - Exhibitor,Grand Saline,0,6016637,0,2026-08-12,8/12/2026,Mystic Misfits,1,https://aphis.file.force.com/sfc/dist/version/download/?oid=00Dt0000000GyZH&ids=068SJ00001Ooxcw&d=%2Fa%2FSJ00000CLQ3p%2FpYb8ZOuhGUPgO7Ivji2uFBPp4Suuk4znNdoWdi945Lg&asPdf=false,Mystic Misfits,Texas,0,75140,1cbe8cce92180f38
73-A-2852,Class A - Breeder,Adair,0,6016644,0,2026-07-21,7/21/2026,Patricia Phillips,0,https://aphis.file.force.com/sfc/dist/version/download/?oid=00Dt0000000GyZH&ids=068SJ00001LVTEP&d=%2Fa%2FSJ00000BnmEr%2FC8E_d..duNzZqJzFT.46vlu6_69nWuEQZRey_Zvj9DQ&asPdf=false,Patricia Phillips,Oklahoma,0,74330,8c980df89d81003b
74-C-1158,Class C - Exhibitor,San Angelo,0,6016660,0,2026-07-02,7/2/2026,Angie Conrad,0,https://aphis.file.force.com/sfc/dist/version/download/?oid=00Dt0000000GyZH&ids=068SJ00001JFGc6&d=%2Fa%2FSJ00000BSKiD%2F7KsBgRN7nJI4hm9Ksm5v9hJc743l_VbYzHXk2ykwUjk&asPdf=false,Angie Conrad,Texas,0,76904,4ae8132d46940d8d
21-C-0514,Class C - Exhibitor,Quogue,0,6016708,0,2026-06-17,6/17/2026,Quogue Wildlife Refuge,0,https://aphis.file.force.com/sfc/dist/version/download/?oid=00Dt0000000GyZH&ids=068SJ00001GyqIV&d=%2Fa%2FSJ00000B6pcb%2F4_fc171.R367lUKatwIz8TUFp5dRoRdphx5k5zo0qOY&asPdf=false,Quogue Wildlife Refuge,New York,0,11959,1f6dc628aed1d7bc
21-C-0514,Class C - Exhibitor,Quogue,0,6016708,0,2026-07-09,7/9/2026,Quogue Wildlife Refuge,0,https://aphis.file.force.com/sfc/dist/version/download/?oid=00Dt0000000GyZH&ids=068SJ00001KDcbV&d=%2Fa%2FSJ00000BaxPp%2Fnn_oxMKa1JYaRB436muL_WpvHQyU9DbzuLE3AUqLJm8&asPdf=false,Quogue Wildlife Refuge,New York,0,11959,e0e89c4accc06b24
93-C-1185,Class C - Exhibitor,Leona Valley,0,6016710,0,2026-08-06,8/6/2026,Guin's Movie Menagerie,0,https://aphis.file.force.com/sfc/dist/version/download/?oid=00Dt0000000GyZH&ids=068SJ00001OD8w0&d=%2Fa%2FSJ00000CF4Z3%2Fhy_8ViL2IODtszbZ22AIjlblnsXfacJDV6CpvqhMBIc&asPdf=false,GMM - Guin Dill,California,0,91344,e5ce1bf8403ee651
43-A-6802,Class A - Breeder,Jamesport,0,6016721,0,2026-06-25,6/25/2026,Rachel Detweiler,0,https://aphis.file.force.com/sfc/dist/version/download/?oid=00Dt0000000GyZH&ids=068SJ00001I4ZSk&d=%2Fa%2FSJ00000BHVXJ%2FfUrkOubEYHeM1vlsKndatjx8nb3Alt8Z8GhpaYSWHng&asPdf=false,Rachel Detweiler,Missouri,0,64648,effe5025e528764e
43-A-6802,Class A - Breeder,Jamesport,0,6016721,0,2026-08-05,8/5/2026,Rachel Detweiler,0,https://aphis.file.force.com/sfc/dist/version/download/?oid=00Dt0000000GyZH&ids=068SJ00001OB32s&d=%2Fa%2FSJ00000CF1T7%2Fhdzw7Q54cJBe.ryot5HJ3JyOvdSq06pNHCqrlpw9nYo&asPdf=false,Rachel Detweiler,Missouri,0,64648,def28555a43fc72a
43-B-3847,Class B - Dealer,West Plains,0,6016740,0,2026-06-11,6/11/2026,Leah Tidwell,0,https://aphis.file.force.com/sfc/dist/version/download/?oid=00Dt0000000GyZH&ids=068SJ00001LQY9d&d=%2Fa%2FSJ00000BmWgn%2FUjp1NupfrbcIODlKMAtyg9wMVHJUm1b46nY5VrEps7M&asPdf=false,Leah Tidwell,Missouri,0,65775,b3614ee0da0e7901
34-C-0444,Class C - Exhibitor,Naubinway,0,6016749,0,2026-07-10,7/10/2026,GarLyn Zoo Wildlife Park,0,https://aphis.file.force.com/sfc/dist/version/download/?oid=00Dt0000000GyZH&ids=068SJ00001Kksj0&d=%2Fa%2FSJ00000BgHkT%2FEJyWL5Fr8m3F_W77XgByktEttxnt0G3WxHe.xIInpf0&asPdf=false,GarLyn Zoo Wildlife Park,Michigan,0,49762,0cdcb8f226050eb9
73-A-2882,Class A - Breeder,Big Cabin,0,601675,0,2026-08-27,8/27/2026,Amy K Hess,1,https://aphis.file.force.com/sfc/dist/version/download/?oid=00Dt0000000GyZH&ids=068SJ00001QmEdz&d=%2Fa%2FSJ00000CcL69%2FKWIhwMUSWbyOhU_.8.4xIGKEv8Y.ptoeyeBKXg2vUPk&asPdf=false,Amy K Hess,Oklahoma,0,74332,00d5eb25a66519bb
74-C-1166,Class C - Exhibitor,Fredericksburg,0,6016770,0,2026-08-04,8/4/2026,Blackstone Bankersmith LLC,0,https://aphis.file.force.com/sfc/dist/version/download/?oid=00Dt0000000GyZH&ids=068SJ00001OCXlK&d=%2Fa%2FSJ00000CEyWr%2Fnw9A9Z_WS.NkfisBTLt.wG8viiNLw9Ov.rkbjd0pNSE&asPdf=false,Blackstone Bankersmith LLC,Texas,0,78624,8f9674199449b98b
74-C-1156,Class C - Exhibitor,Fabens,0,6016771,0,2026-07-27,7/27/2026,"Ranch Restaurants, LLC",0,https://aphis.file.force.com/sfc/dist/version/download/?oid=00Dt0000000GyZH&ids=068SJ00001MQALT&d=%2Fa%2FSJ00000Bx4nd%2Fpx1kLAoEF_RRpXFVCrV8I3Jb3qMrbfQMQOvfhyxfEVo&asPdf=false,"Ranch Restaurants, LLC",Texas,0,79838,b0d72c1af7f56470
58-C-1277,Class C - Exhibitor,Fort Myers,0,6016923,0,2026-06-18,6/18/2026,Lee County Sheriff's Office,0,https://aphis.file.force.com/sfc/dist/version/download/?oid=00Dt0000000GyZH&ids=068SJ00001H89Aa&d=%2Fa%2FSJ00000B8G2s%2F_Fop._TWaG0ije_3W9D3uXyKcZ.cHcxGAA2QG.uL9so&asPdf=false,Nan's Ranch,Florida,0,33912,7599d41b3a1df331
58-R-0171,Class R - Research Facility,PORT SAINT LUCIE,0,601693,0,2026-08-03,8/3/2026,Cleveland Clinic Florida,0,https://aphis.file.force.com/sfc/dist/version/download/?oid=00Dt0000000GyZH&ids=068SJ00001NgNFR&d=%2Fa%2FSJ00000C9uti%2Fv4t4A21o523oJh.pGyGtGX8LIqUXyrXDWAt3bXtzfWA&asPdf=false,Cleveland Clinic Florida,Florida,0,34987,2711f833443a7c1b
87-C-0078,Class C - Exhibitor,MOAB,0,6016930,0,2026-07-09,7/9/2026,"Desert Bloom Investment, LLC",0,https://aphis.file.force.com/sfc/dist/version/download/?oid=00Dt0000000GyZH&ids=068SJ00001KE8cn&d=%2Fa%2FSJ00000BaxEX%2FEq4W8OaUjzHz0PjKVoR2xJKBzYQZn0YOMR.Pm6u0x7o&asPdf=false,"Desert Bloom Investment, LLC",Utah,0,84532,122ee51295134b52
32-A-1066,Class A - Breeder,Odon,0,6016983,0,2026-07-06,7/6/2026,Joseph Knepp Krista Knepp,0,https://aphis.file.force.com/sfc/dist/version/download/?oid=00Dt0000000GyZH&ids=068SJ00001JPzZk&d=%2Fa%2FSJ00000BUUn7%2F5b8JLh2wN0wFSVJhFBPtEEUJb8BSgOfIyriomMyvEUs&asPdf=false,Joseph and Krista Knepp,Indiana,0,47562,b3a5b5483a8b3e21
34-A-0249,Class A - Breeder,Clare,0,6016998,0,2026-08-18,8/18/2026,Friends For Life Pets,0,https://aphis.file.force.com/sfc/dist/version/download/?oid=00Dt0000000GyZH&ids=068SJ00001PJfK1&d=%2Fa%2FSJ00000CQ4Nd%2FOQrBXhAg9KktWyKdyCM.Nd_LxcRwJ9vkENznMNe_odE&asPdf=false,Friends For Life Pets,Michigan,0,48617,6af49c8de5bd76e2
31-C-0291,Class C - Exhibitor,Shelby,0,6017011,0,2026-07-27,7/27/2026,Westmeister Farm LLC,0,https://aphis.file.force.com/sfc/dist/version/download/?oid=00Dt0000000GyZH&ids=068SJ00001MrjoI&d=%2Fa%2FSJ00000C28tp%2F0s50aT8iJtH3knX2Whtgj1LjuyLVHDUhYuOUC8YgwA8&asPdf=false,Westmeister Farm LLC,Ohio,0,44875,a42940d2f45988ba
73-B-1883,Class B - Dealer,Afton,0,6017027,0,2026-06-11,6/11/2026,Andrea Baker,0,https://aphis.file.force.com/sfc/dist/version/download/?oid=00Dt0000000GyZH&ids=068SJ00001GK4sK&d=%2Fa%2FSJ00000Azzoo%2FqObLwN_5cX5iB6aqKlu5mj82I2NJBzjn8vlqVPCrh.k&asPdf=false,Andrea Baker - Forever Friends Okie Pets,Oklahoma,0,74349,be256477cbfaf1b8
65-C-0578,Class C - Exhibitor,Hattiesburg,0,6017153,0,2026-06-10,6/10/2026,"Triple R Farms Hattiesburg, LLC",0,https://aphis.file.force.com/sfc/dist/version/download/?oid=00Dt0000000GyZH&ids=068SJ00001GBEsZ&d=%2Fa%2FSJ00000AyaKb%2FceUmvwdLE.bl1vZDqV9jUGRdT5TAN_wnbFHHtNSreek&asPdf=false,"Triple R Farms Hattiesburg, LLC Carmen & Miles Smith",Mississippi,0,39402,f1d3757b925283f3
42-A-1715,Class A - Breeder,Orange City,0,6017158,0,2026-06-17,6/17/2026,JMK Kennels LLC,0,https://aphis.file.force.com/sfc/dist/version/download/?oid=00Dt0000000GyZH&ids=068SJ00001HUaTn&d=%2Fa%2FSJ00000BBH41%2FKi_FlbK8GCcV.qmdZUUukgaNC8Ig4rUDfZd96zNoHqw&asPdf=false,JMK Kennels LLC,Iowa,0,51041,b1be40fb9b13ee0f
74-C-1161,Class C - Exhibitor,Caddo Mills,0,6017200,0,2026-08-27,8/27/2026,"Window To The Wild, Inc.",0,https://aphis.file.force.com/sfc/dist/version/download/?oid=00Dt0000000GyZH&ids=068SJ00001QmxUe&d=%2Fa%2FSJ00000CcX8v%2F2iHGpY98xf5fTojNSIzn4wQdEeMhTwZN2MaMrNy9oFo&asPdf=false,"Window To The Wild, Inc.",Texas,0,75135,6b585cab1a84aeec
42-B-0339,Class B - Dealer,Mount Vernon,0,6017219,0,2026-06-16,6/16/2026,Logical Sovereignty LLC,0,https://aphis.file.force.com/sfc/dist/version/download/?oid=00Dt0000000GyZH&ids=068SJ00001HStfU&d=%2Fa%2FSJ00000BAu7R%2FRjIIRWZfNF61lRrra3m8owaBo9wvzfJQ4S6_5syTFHM&asPdf=false,Logical Sovereignty LLC,Iowa,0,52314,028ffdcd6b5b8892
21-C-0510,Class C - Exhibitor,Sandborn,0,6017244,0,2026-06-25,6/25/2026,Niagara Down Under Inc,0,https://aphis.file.force.com/sfc/dist/version/download/?oid=00Dt0000000GyZH&ids=068SJ00001I1uN7&d=%2Fa%2FSJ00000BH5L7%2FMWA8IpPP68tNXF33GSHFSEMc0hGhypozBQ.T0ejhlv0&asPdf=false,Niagara Down Under Inc,New York,0,14132,62d0a68cd59cf797
93-C-1186,Class C - Exhibitor,Glendale,0,6017249,0,2026-06-16,6/16/2026,Camp Bob Waldorf,0,https://aphis.file.force.com/sfc/dist/version/download/?oid=00Dt0000000GyZH&ids=068SJ00001H91Ci&d=%2Fa%2FSJ00000B8j4r%2F14TW_KitHput98pyiDDJH_H7NjR7D0U1vMRZdvea2MM&asPdf=false,Camp Bob Waldorf,California,0,91208,ab46d6002aab9f62
93-C-1186,Class C - Exhibitor,Glendale,0,6017249,0,2026-07-29,7/29/2026,Camp Bob Waldorf,0,https://aphis.file.force.com/sfc/dist/version/download/?oid=00Dt0000000GyZH&ids=068SJ00001Meyd0&d=%2Fa%2FSJ00000Bzvkb%2FGFtQQwiEH9SZkypKap9tS_Kb4.gFJ2kAl_J7tbRJ30M&asPdf=false,Camp Bob Waldorf,California,0,91208,27a4ed106a7b9243
43-A-6818,Class A - Breeder,Clark,0,6017322,0,2026-07-23,7/23/2026,Benedict Troyer,0,https://aphis.file.force.com/sfc/dist/version/download/?oid=00Dt0000000GyZH&ids=068SJ00001ML4Mn&d=%2Fa%2FSJ00000Bw1qD%2FE9.H7SfJA4UqstUByR8lCJLwngV4LlgRx_Ck9XI5K.4&asPdf=false,Benedict Troyer,Missouri,0,65243,4ec3d20b23446b44
12-C-0063,Class C - Exhibitor,Wilmot,0,6017336,0,2026-06-16,6/16/2026,Bark and Bray Farm and Animal Sanctuary Inc,0,https://aphis.file.force.com/sfc/dist/version/download/?oid=00Dt0000000GyZH&ids=068SJ00001HgtDt&d=%2Fa%2FSJ00000BDccD%2F3XkHygVW2WzWhhScHv.nl2k4lKDZajvrySUITb8T1ac&asPdf=false,Bark and Bray Farm and Animal Sanctuary Inc,New Hampshire,0,03287,44daaae4f797b775
42-A-1714,Class A - Breeder,Rock Valley,0,6017346,0,2026-06-18,6/18/2026,Alanda and Chad Koenen,0,https://aphis.file.force.com/sfc/dist/version/download/?oid=00Dt0000000GyZH&ids=068SJ00001HkFA5&d=%2Fa%2FSJ00000BE6f7%2F_Tz0nKeCniqNeSPYxsxXgoSISzorep4ics2jKV4SDSc&asPdf=false,Alanda and Chad Koenen,Iowa,0,51247,57be43aabe9f8133
56-C-0286,Class C - Exhibitor,Greer,0,6017357,0,2026-08-11,8/11/2026,Naomi Searle,0,https://aphis.file.force.com/sfc/dist/version/download/?oid=00Dt0000000GyZH&ids=068SJ00001ObiaH&d=%2Fa%2FSJ00000CJ45p%2FpvO.vbFcJpyW5spfGyoahrMliUU6OANTrSH0YXEJBkI&asPdf=false,Naomi Searle,South Carolina,0,29651,4c75645d7fc1c638
43-C-0413,Class C - Exhibitor,Elkland,0,6017382,0,2026-07-09,7/9/2026,Brady Spain,0,https://aphis.file.force.com/sfc/dist/version/download/?oid=00Dt0000000GyZH&ids=068SJ00001JwLDj&d=%2Fa%2FSJ00000BZQXZ%2Fbigx9xXyrVI.OiGoChR_x5gULJMKNU3yAiDC.ojcpBQ&asPdf=false,Brady Spain,Missouri,0,65644,886d1aa790c15f40
93-T-0511,Class T - Carrier,SAN FRANCISCO,0,601740,0,2026-07-28,7/28/2026,Air Premia Airlines,0,https://aphis.file.force.com/sfc/dist/version/download/?oid=00Dt0000000GyZH&ids=068SJ00001Mw49J&d=%2Fa%2FSJ00000C30Ft%2FLxp_3qaR6nE2wgjBvsH2G8ANyR1FKVsOBY6O9l_3V8c&asPdf=false,Air Premia San Francisco,California,0,94128,db02bf1bed9e5709
42-B-0340,Class B - Dealer,Farmington,0,6017421,2,2026-06-26,6/26/2026,Wuanita Swedlund,1,https://aphis.file.force.com/sfc/dist/version/download/?oid=00Dt0000000GyZH&ids=068SJ00001ISB5y&d=%2Fa%2FSJ00000BLDrx%2FPFniaQu73VKYWqwGh6mNNnQxN_fK4W0sJ6yx_npZ1HQ&asPdf=false,Wuanita Swedlund,Iowa,0,52626,421fb31e4b9518d4
42-B-0340,Class B - Dealer,Farmington,1,6017421,0,2026-06-26,6/26/2026,Wuanita Swedlund,21,https://aphis.file.force.com/sfc/dist/version/download/?oid=00Dt0000000GyZH&ids=068SJ00001Iapih&d=%2Fa%2FSJ00000BMQtZ%2FuwdijzFnZ1_oqo1fmOum_DvjfcITxzQQfBTO.k7U5uc&asPdf=false,Wuanita Swedlund,Iowa,0,52626,777a305e8b188333
42-B-0340,Class B - Dealer,Farmington,0,6017421,1,2026-06-29,6/29/2026,Wuanita Swedlund,2,https://aphis.file.force.com/sfc/dist/version/download/?oid=00Dt0000000GyZH&ids=068SJ00001IiUe2&d=%2Fa%2FSJ00000BNkJx%2F0L9LyH4DE9cBt0BTpzvTCpK2sRYvEQC5NQejjTjDnc0&asPdf=false,Wuanita Swedlund,Iowa,0,52626,be896be644494def
31-C-0290,Class C - Exhibitor,Minford,0,6017430,0,2026-08-26,8/26/2026,Rose Valley Animal Park LLC,0,https://aphis.file.force.com/sfc/dist/version/download/?oid=00Dt0000000GyZH&ids=068SJ00001QcqxR&d=%2Fa%2FSJ00000Cap8L%2FGxEYuhizxr_7KvfoUENupuVH_GxBuXJS_3vuZueMHpI&asPdf=false,Rose Valley Animal Park LLC,Ohio,0,45653,8326fd9ef00c975c
55-T-0407,Class T - Carrier,Inglewood,0,6017452,0,2026-06-10,6/10/2026,Rue's Kennels At LAX,0,https://aphis.file.force.com/sfc/dist/version/download/?oid=00Dt0000000GyZH&ids=068SJ00001GfP4K&d=%2Fa%2FSJ00000B3M7J%2FqkpoJF2aA2xwZ.7K_drC.XOydLYpFpD9KMAn.Taxr1E&asPdf=false,Rue's Kennels At LAX,California,0,90302,02c1afc07fc02d34
58-C-1350,Class C - Exhibitor,Hope Hull,0,6017475,0,2026-07-31,7/31/2026,Alabama Safari Park,0,https://aphis.file.force.com/sfc/dist/version/download/?oid=00Dt0000000GyZH&ids=068SJ00001NWrhq&d=%2Fa%2FSJ00000Ck4Pt%2F1no4.jWXhN_2Eojs46gJQjdA6Bb.7CESVx6G9OX5U6s&asPdf=false,Alabama Safari Park,Alabama,0,36043,56c201fdd50e8782
31-A-0984,Class A - Breeder,DUNDEE,0,6017499,0,2026-07-09,7/9/2026,Trail Creek Puppies,0,https://aphis.file.force.com/sfc/dist/version/download/?oid=00Dt0000000GyZH&ids=068SJ00001KmvCz&d=%2Fa%2FSJ00000BgT7J%2FXEo3tIvbzXYni010C5_PQjA2TEdN7EnNW5QUfzJthJA&asPdf=false,Trail Creek Puppies,Ohio,0,44624,6fc68ee26adb78ee
31-A-0984,Class A - Breeder,DUNDEE,0,6017499,0,2026-08-04,8/4/2026,Trail Creek Puppies,0,https://aphis.file.force.com/sfc/dist/version/download/?oid=00Dt0000000GyZH&ids=068SJ00001NqPmC&d=%2Fa%2FSJ00000CBUtV%2F6Rn7F7hFBMgI8vsCRFsLAfAao9l.Dy7OWcRuyuFj86k&asPdf=false,Trail Creek Puppies,Ohio,0,44624,78994a41ec6217e3
21-C-0516,Class C - Exhibitor,West Hampstead,0,6017527,0,2026-06-17,6/17/2026,"Allman's Animals, Inc.",1,https://aphis.file.force.com/sfc/dist/version/download/?oid=00Dt0000000GyZH&ids=068SJ00001HRhN9&d=%2Fa%2FSJ00000BAgIz%2FpoXAMfMuk_qrRFKxBpnsKBScf_qaS4vHU5mgYq0r_.A&asPdf=false,"Allman's Animals, Inc.",New York,0,11552,6248636e2ff7feb8
43-A-6822,Class A - Breeder,Pottersville,0,6017540,0,2026-07-07,7/7/2026,William Bonham,0,https://aphis.file.force.com/sfc/dist/version/download/?oid=00Dt0000000GyZH&ids=068SJ00001Jnr9n&d=%2Fa%2FSJ00000BXvlx%2FtjZqRZ_m6CM0VkB9OLuE09HyLQ.dT8lg4f7jIHJnMzc&asPdf=false,William Bradley Bonham,Missouri,0,65790,0316a549d3927823
31-A-0983,Class A - Breeder,Fredericktown,0,6017547,0,2026-06-29,6/29/2026,County Line Kennel LLC,0,https://aphis.file.force.com/sfc/dist/version/download/?oid=00Dt0000000GyZH&ids=068SJ00001IR4j9&d=%2Fa%2FSJ00000BLF7N%2FSyT.v7iCbd3q2jPEJ1MreC3gBkSpbhYoAgbpd7xJYN4&asPdf=false,County Line Kennel LLC,Ohio,0,43019,bfef4d91fad0f5bb
94-C-0130,Class C - Exhibitor,Toa Alta,0,6017598,0,2026-08-24,8/24/2026,Christian Ayala Rodriguez,0,https://aphis.file.force.com/sfc/dist/version/download/?oid=00Dt0000000GyZH&ids=068SJ00001QkgBM&d=%2Fa%2FSJ00000Cc0Pt%2FcqKz.VkJWhngXNCNzfYVj1UOKumsv7hbUkw3Kse600Y&asPdf=false,Christian Janiel Ayala Rodriguez,Puerto Rico,0,00954,4c07676130d9391f
41-C-0315,Class C - Exhibitor,Freeport,0,6017622,0,2026-06-16,6/16/2026,Hemker Park & Zoo LLC,0,https://aphis.file.force.com/sfc/dist/version/download/?oid=00Dt0000000GyZH&ids=068SJ00001GoRN3&d=%2Fa%2FSJ00000B50HB%2FiFMsUtFCFxDTXzM6MYWrnzVeMybgJ53V7K6VQo6MxLQ&asPdf=false,Hemker Park Zoo LLC,Minnesota,0,56331,0c535c0f0d89192b
58-C-1285,Class C - Exhibitor,Southwest ranches,0,6017669,0,2026-06-10,6/10/2026,HL's Menagerie LLC,11,https://aphis.file.force.com/sfc/dist/version/download/?oid=00Dt0000000GyZH&ids=068SJ00001JmO4z&d=%2Fa%2FSJ00000BXbC9%2F30BHs9daVdrRhkv7ZxNMh3sWhgn75zFYNgSB2vQGYrk&asPdf=false,HL's Menagerie,Florida,0,33330,536b0040f93cca5d
34-C-0447,Class C - Exhibitor,Gaylord,0,6017679,0,2026-07-08,7/8/2026,Kent Family Farm LLC,0,https://aphis.file.force.com/sfc/dist/version/download/?oid=00Dt0000000GyZH&ids=068SJ00001JgYt9&d=%2Fa%2FSJ00000BX0nh%2FHtHoXImAEA9x5G75n3.Mn5NPL0vtvguLjm21IgvEcVE&asPdf=false,Kent Family Farm LLC,Michigan,0,49735,973c82f075633f4a
43-A-6811,Class A - Breeder,Buffalo,0,6017683,0,2026-08-18,8/18/2026,Shawn Evans,0,https://aphis.file.force.com/sfc/dist/version/download/?oid=00Dt0000000GyZH&ids=068SJ00001PT6b7&d=%2Fa%2FSJ00000CRY6j%2FDdCdljVYkdEZ2Eby.14CLTCUEsk2WsFpYeFG0yes228&asPdf=false,Shawn Evans,Missouri,0,65662,ee87cdd3d14507e3
74-B-0831,Class B - Dealer,Lubbock,0,6017687,0,2026-08-05,8/5/2026,Brandon Hise,1,https://aphis.file.force.com/sfc/dist/version/download/?oid=00Dt0000000GyZH&ids=068SJ00001OHkrO&d=%2Fa%2FSJ00000CFYqT%2FNB9S_bGcW2IM6DcmU41eQY2fCJyhXtQ5xkG6eBTjFCU&asPdf=false,Brandon Hise,Texas,0,79410,6c8f0e8c80073c05
74-A-1583,Class A - Breeder,Bells,0,6017695,0,2026-06-16,6/16/2026,Maudie Annette Ramsey,0,https://aphis.file.force.com/sfc/dist/version/download/?oid=00Dt0000000GyZH&ids=068SJ00001Gqcm5&d=%2Fa%2FSJ00000B5JQH%2F_Bcnh.Cw7z9kr9Bb.hTViJ52HRlTmleUlq8atmGZLgQ&asPdf=false,Maudie Annette Ramsey,Texas,0,75414,1d32e5b1dad9213b
63-C-0307,Class C - Exhibitor,Columbia,0,6017714,0,2026-08-14,8/14/2026,Blake and Erica Osborne,0,https://aphis.file.force.com/sfc/dist/version/download/?oid=00Dt0000000GyZH&ids=068SJ00001PAxzT&d=%2Fa%2FSJ00000COQGz%2Fwp1jVQG0fVuipkCKBa1E1WAkuChZIjzBYiqQkMcN4C0&asPdf=false,Blake and Erica Osborne,Tennessee,0,38401,f792377fb1ce89e8
55-B-0234,Class B - Dealer,Monroe,0,6017717,0,2026-07-07,7/7/2026,Phil Simpson,0,https://aphis.file.force.com/sfc/dist/version/download/?oid=00Dt0000000GyZH&ids=068SJ00001JdROa&d=%2Fa%2FSJ00000BWbqv%2Fq6WirWPgcb46TFwaw49q2Jewy7V78j4QFlbeLq3oRr8&asPdf=false,Phil Simpson,North Carolina,0,28110,61ad9a76d9be55f6
41-A-0514,Class A - Breeder,Utica,0,6017745,0,2026-07-13,7/13/2026,LaVern and Anna Mast,0,https://aphis.file.force.com/sfc/dist/version/download/?oid=00Dt0000000GyZH&ids=068SJ00001KJSg5&d=%2Fa%2FSJ00000BbovZ%2Fh1YtVuR9wqJWaEMq5AYO.dRGP1qaNkbGaNPZPkMO8jI&asPdf=false,LaVern and Anna Mast,Minnesota,0,55979,e7c5977cc6de247b
74-C-1162,Class C - Exhibitor,Burleson,0,6017767,0,2026-08-04,8/4/2026,Dwan Perrin Johns,3,https://aphis.file.force.com/sfc/dist/version/download/?oid=00Dt0000000GyZH&ids=068SJ00001OVzgo&d=%2Fa%2FSJ00000CIGKL%2FGj4QDSdDU1KGmyupBDs7zQGl9aJ8GHxYWeaQSuOFs.M&asPdf=false,Dwan Perrin Johns,Texas,0,76028,1ca3a449e719c1d4
74-C-1162,Class C - Exhibitor,Burleson,0,6017767,0,2026-08-05,8/5/2026,Dwan Perrin Johns,0,https://aphis.file.force.com/sfc/dist/version/download/?oid=00Dt0000000GyZH&ids=068SJ00001NZ32A&d=%2Fa%2FSJ00000Ck5Dt%2FTiWddSMNg4hMnKC.Gl1xPbI3i68AIY25aKZTLUQXu4Y&asPdf=false,Dwan Perrin Johns,Texas,0,76028,2047a13a7d12885c
43-A-6820,Class A - Breeder,Montrose,0,6017777,0,2026-06-16,6/16/2026,Travis McNeely,0,https://aphis.file.force.com/sfc/dist/version/download/?oid=00Dt0000000GyZH&ids=068SJ00001GvCPS&d=%2Fa%2FSJ00000B5xFd%2FVK5jxkWKjgrYjYoY0kKYQhlxRlN5MBAlaycgQ4Q.Rqw&asPdf=false,Travis McNeely,Missouri,0,64770,c5c65aea62b854ef
12-C-0064,Class C - Exhibitor,Milton,0,6017856,0,2026-06-16,6/16/2026,New England Party Animals,0,https://aphis.file.force.com/sfc/dist/version/download/?oid=00Dt0000000GyZH&ids=068SJ00001Hglug&d=%2Fa%2FSJ00000BDc9B%2FstAEaodWqy9NwG96uLpYr5BghLgHYv.HwWJdcsC8_Ao&asPdf=false,Garland Farm and Stables,New Hampshire,0,03851,0b7c19d0d59cb69c
31-A-0986,Class A - Breeder,Baltic,0,6017876,0,2026-06-22,6/22/2026,Ammon Yoder,0,https://aphis.file.force.com/sfc/dist/version/download/?oid=00Dt0000000GyZH&ids=068SJ00001HbLXs&d=%2Fa%2FSJ00000BCN49%2F3npFVUFlyIMxSv0sjg9sO86z9s8OdIVhffITglZ7jHI&asPdf=false,Ammon Yoder,Ohio,0,43804,4bbf5329527b844f
63-C-0313,Class C - Exhibitor,Kodak,0,6017882,0,2026-08-03,8/3/2026,American Eagle Foundation,0,https://aphis.file.force.com/sfc/dist/version/download/?oid=00Dt0000000GyZH&ids=068SJ00001NVFLG&d=%2Fa%2FSJ00000Ck4g3%2FZTR7kwT743e8htaN0UQGFkEOfNjGU0DGTL0_qBz3PxA&asPdf=false,American Eagle Foundation,Tennessee,0,37764,893a4ca7ada07e84
35-C-0420,Class C - Exhibitor,Westboro,0,6017950,0,2026-08-19,8/19/2026,Anne Keller,0,https://aphis.file.force.com/sfc/dist/version/download/?oid=00Dt0000000GyZH&ids=068SJ00001PeULY&d=%2Fa%2FSJ00000CT3wT%2FQ_sVknzW9omnVLzCl0DSpq9D2FYRFEK9JcodZMCDMhU&asPdf=false,Anne Keller,Wisconsin,0,54490,d500b7811ab7cf15
35-C-0418,Class C - Exhibitor,Coleman,0,6017968,0,2026-07-16,7/16/2026,The Aurora Acres LLC,0,https://aphis.file.force.com/sfc/dist/version/download/?oid=00Dt0000000GyZH&ids=068SJ00001LfXI2&d=%2Fa%2FSJ00000Bp5s9%2F_usP7oFslw5.6wmDyKz_.lCWYvG9E8iQux_vVJC3Y0c&asPdf=false,The Aurora Acres LLC,Wisconsin,0,54112,c6df85b6a16d1a72
42-A-1718,Class A - Breeder,Donnellson,0,6018008,0,2026-08-13,8/13/2026,Big Pond LLC,0,https://aphis.file.force.com/sfc/dist/version/download/?oid=00Dt0000000GyZH&ids=068SJ00001Q4C1Y&d=%2Fa%2FSJ00000CWDfx%2FAckvhuDMDE0GWrQIDAHM0rlJ_ad4CAT0cv.XpxBdPno&asPdf=false,Big Pond LLC,Iowa,0,52625,6634cd85bbb25adf
32-A-1060,Class A - Breeder,Odon,0,6018072,0,2026-07-21,7/21/2026,D'Awesome K9 LLC,0,https://aphis.file.force.com/sfc/dist/version/download/?oid=00Dt0000000GyZH&ids=068SJ00001Le0Md&d=%2Fa%2FSJ00000BommH%2FwvaJkDpDoZv.iLhexyCjWPM2n4YGyIxU10cWLbnHneI&asPdf=false,D'Awesome K9 LLC,Indiana,0,47562,106420713d0c5672
48-A-2259,Class A - Breeder,Neodesha,0,6018280,0,2026-06-17,6/17/2026,Jessica Cody,0,https://aphis.file.force.com/sfc/dist/version/download/?oid=00Dt0000000GyZH&ids=068SJ00001Gvd81&d=%2Fa%2FSJ00000B68cT%2FNegEI45AzsI0WhtVpcv9ux2YzQ4zQum2WRSK2oa2.zE&asPdf=false,Jessica Cody,Kansas,0,66757,8a72acea47f5c9cf
67-C-0014,Class C - Exhibitor,Powersville,0,6018344,0,2026-06-25,6/25/2026,Sharron Cornacchione,0,https://aphis.file.force.com/sfc/dist/version/download/?oid=00Dt0000000GyZH&ids=068SJ00001I1Pt5&d=%2Fa%2FSJ00000BH7GT%2F0Ku9x3.TmQtVDDmNwKluw.ybOVl52oNWKmtaK8EGFV0&asPdf=false,Sharron Cornacchione,Georgia,0,31008,554115827028d8d0
73-A-2855,Class A - Breeder,Red Oak,0,6018391,0,2026-08-12,8/12/2026,Dustin Beyer,1,https://aphis.file.force.com/sfc/dist/version/download/?oid=00Dt0000000GyZH&ids=068SJ00001OY5q9&d=%2Fa%2FSJ00000CIgeb%2FGLbqz3DvaWpsglZ6Z2fuPDc_ARFUhQ9Cvw_nBRqrGQM&asPdf=false,Dustin Beyer,Oklahoma,0,74563,1b612ec7d8b4e3a2
32-B-0284,Class B - Dealer,Bourbon,0,6018437,0,2026-07-22,7/22/2026,Marion Schwartz,0,https://aphis.file.force.com/sfc/dist/version/download/?oid=00Dt0000000GyZH&ids=068SJ00001LmtFb&d=%2Fa%2FSJ00000Bq9Gz%2Fpwxusjqc7IwZOuOHwufyXdfVEeiIrgbeIfuP6zX1D4o&asPdf=false,Marion Schwartz,Indiana,0,46504,7c2a31e645b835df
32-B-0284,Class B - Dealer,Bourbon,0,6018437,0,2026-08-24,8/24/2026,Marion Schwartz,0,https://aphis.file.force.com/sfc/dist/version/download/?oid=00Dt0000000GyZH&ids=068SJ00001QI3JO&d=%2Fa%2FSJ00000CXatp%2FUmUmmCffQ6pOP5bKs_cJFCF9KKIrtjxYE4zOrDgQgKw&asPdf=false,Marion Schwartz,Indiana,0,46504,96e9ab0ea4fe19b9
32-A-1063,Class A - Breeder,Loogootee,0,6018439,0,2026-07-09,7/9/2026,Joanna Lengacher,0,https://aphis.file.force.com/sfc/dist/version/download/?oid=00Dt0000000GyZH&ids=068SJ00001JwTW4&d=%2Fa%2FSJ00000BZNbJ%2FMorTOjELuvV3Q2spqFbBcGYOzG9n8KvaQtFTsqsRKKI&asPdf=false,Joanna Lengacher,Indiana,0,47553,c17946bcc96fed51
43-A-6829,Class A - Breeder,Fortuna,0,6018457,0,2026-08-25,8/25/2026,E. Marie Martin,0,https://aphis.file.force.com/sfc/dist/version/download/?oid=00Dt0000000GyZH&ids=068SJ00001RRaNV&d=%2Fa%2FSJ00000CidUz%2Fe8t.6ttI7fC9bO5ySah.dDJHp9bwnHOJ4K5PY0Jgq4A&asPdf=false,E. Marie Martin,Missouri,0,65034,53c77a725b96b17b
23-B-0252,Class B - Dealer,Christiana,0,6018543,0,2026-08-13,8/13/2026,Henry S Esh,0,https://aphis.file.force.com/sfc/dist/version/download/?oid=00Dt0000000GyZH&ids=068SJ00001OlZNa&d=%2Fa%2FSJ00000CKqtB%2FhPqYN7DtXWJJFvHp2G.OyhR5ZoeucPp8xdEp2xFjAtY&asPdf=false,Henry S Esh,Pennsylvania,0,17509,e7eec29d87243722
82-C-0087,Class C - Exhibitor,Baton Rouge,0,601858,0,2026-07-06,7/6/2026,Tiger Family Entertainment,1,https://aphis.file.force.com/sfc/dist/version/download/?oid=00Dt0000000GyZH&ids=068SJ00001JSSm2&d=%2Fa%2FSJ00000BV47R%2F.ugq9Va.y2lqkmN7m2.EDz5kqIGfDKeQ.04hAGJAAlE&asPdf=false,Blue Zoo--Baton Rouge,Louisiana,0,70836,4c6606e7e8955441
82-C-0087,Class C - Exhibitor,Baton Rouge,0,601858,0,2026-07-30,7/30/2026,Tiger Family Entertainment,0,https://aphis.file.force.com/sfc/dist/version/download/?oid=00Dt0000000GyZH&ids=068SJ00001Mza7s&d=%2Fa%2FSJ00000C3glN%2F7qyxy7iGFwx3RHaiLNHD0G5MQpDUptB9eC.kMBBGW_A&asPdf=false,Blue Zoo--Baton Rouge,Louisiana,0,70836,69d4fe48b34e37c1
82-C-0087,Class C - Exhibitor,OKLAHOMA CITY,0,601858,0,2026-08-25,8/25/2026,Tiger Family Entertainment,0,https://aphis.file.force.com/sfc/dist/version/download/?oid=00Dt0000000GyZH&ids=068SJ00001QZw6i&d=%2Fa%2FSJ00000CaYDx%2FTg3CCfdn0033g859zThYBBxz6RBc4FVwATXu9ZfH.6U&asPdf=false,Blue Zoo--OKC,Oklahoma,0,73134,8a6b252b9bb0eb0f
33-C-0533,Class C - Exhibitor,New Lenox,0,6018587,0,2026-07-29,7/29/2026,Incredible Bats Inc,0,https://aphis.file.force.com/sfc/dist/version/download/?oid=00Dt0000000GyZH&ids=068SJ00001N9pqs&d=%2Fa%2FSJ00000Cjwtl%2Frn6GgyGB0fQ7luWLwuKezbE5LOwd6w2C3Y5n3OMOjx4&asPdf=false,Incredible Bats Inc,Illinois,0,60451,c0dac272e0adbba3
43-A-6827,Class A - Breeder,Elkland,0,6018612,0,2026-06-17,6/17/2026,Porter Puppies,0,https://aphis.file.force.com/sfc/dist/version/download/?oid=00Dt0000000GyZH&ids=068SJ00001HTcE8&d=%2Fa%2FSJ00000BAyar%2FFWi3J_4ruXz.FvRJXoIeKz.aTpca5yWpQpFfn40_mLc&asPdf=false,Porter Puppies,Missouri,0,65644,74515ac7ba5d4a07
43-A-6827,Class A - Breeder,Elkland,0,6018612,0,2026-07-23,7/23/2026,Porter Puppies,0,https://aphis.file.force.com/sfc/dist/version/download/?oid=00Dt0000000GyZH&ids=068SJ00001LyxiK&d=%2Fa%2FSJ00000BsTI1%2Fx6J6_KImgbeFmzTFcxJibFR40jZ6ptaBLenEHiX8ce4&asPdf=false,Porter Puppies,Missouri,0,65644,93113b20a3a87eef
41-C-0323,Class C - Exhibitor,Alborn,0,6018681,0,2026-08-15,8/15/2026,Elizabeth Schlander,0,https://aphis.file.force.com/sfc/dist/version/download/?oid=00Dt0000000GyZH&ids=068SJ00001PLwDS&d=%2Fa%2FSJ00000CQJeP%2F5YhW4QfDjjJtQCWgyVqP_Ksf1Lo6scDF1CefafRheO8&asPdf=false,Elizabeth Schlander,Minnesota,0,55702,1b9a3e620cb230df
32-A-1064,Class A - Breeder,Middlebury,0,6018713,0,2026-06-25,6/25/2026,Albert Miller,0,https://aphis.file.force.com/sfc/dist/version/download/?oid=00Dt0000000GyZH&ids=068SJ00001IPXsP&d=%2Fa%2FSJ00000BKLwP%2FcvNpIjzBiXanYzEwBkzkLr1i9mqxd8y7SnmTY7eXTdM&asPdf=false,Albert Miller,Indiana,0,46540,b63a45a5b2b6bf70
58-C-1315,Class C - Exhibitor,St. Petersburg,0,6018724,0,2026-07-22,7/22/2026,Stephanie Angel,0,https://aphis.file.force.com/sfc/dist/version/download/?oid=00Dt0000000GyZH&ids=068SJ00001LxGKV&d=%2Fa%2FSJ00000Bry7l%2FDqEP5t65II_.D.WCYv_GmXY3_cUMxHxMwwpiLkNBeJo&asPdf=false,Stephanie Angel,Florida,0,33709,fd1f1cbc07363612
74-B-0830,Class B - Dealer,Rosebud,0,6018740,0,2026-07-09,7/9/2026,Richard Kauffman,0,https://aphis.file.force.com/sfc/dist/version/download/?oid=00Dt0000000GyZH&ids=068SJ00001JvzMo&d=%2Fa%2FSJ00000BZH66%2F9VlUmonWnk0Nkikj.dEL0p3neF9BZcYWJ3nX_FqJjDI&asPdf=false,Richard Kauffman,Texas,0,76570,631dcf99bdc399cc
43-A-6823,Class A - Breeder,Jamesport,0,6018742,0,2026-08-18,8/18/2026,Rose Troyer,0,https://aphis.file.force.com/sfc/dist/version/download/?oid=00Dt0000000GyZH&ids=068SJ00001PM0Dq&d=%2Fa%2FSJ00000CQK2b%2FnHJvmMDYOVZKW5fyepedotHWxu5T7DUQooUq8mhP9AU&asPdf=false,Rose Troyer,Missouri,0,64648,608e408625202d5e
58-C-1289,Class C - Exhibitor,Land O Lakes,0,6018785,0,2026-08-27,8/27/2026,Elysian Management,0,https://aphis.file.force.com/sfc/dist/version/download/?oid=00Dt0000000GyZH&ids=068SJ00001QmDa5&d=%2Fa%2FSJ00000CcPg2%2FsHbznhwjrkxeCtban3QSxvjve82.xFr9lD43BsfsIgY&asPdf=false,Elysian Management,Florida,0,34638,a9f81a68e1857d32
74-C-1165,Class C - Exhibitor,Robstown,0,6018889,0,2026-06-23,6/23/2026,Brandy Tislow,0,https://aphis.file.force.com/sfc/dist/version/download/?oid=00Dt0000000GyZH&ids=068SJ00001QZcW2&d=%2Fa%2FSJ00000CaInV%2Fl3tNw_WN3yb2t7Zfi6pdx9Ck78XRPkcD8PFT3IYkzAU&asPdf=false,Brandy Tislow,Texas,0,78380,f5291f5927cd17c8
43-A-6856,Class A - Breeder,Madison,0,6018926,0,2026-07-30,7/30/2026,Edwin V. Shetler,0,https://aphis.file.force.com/sfc/dist/version/download/?oid=00Dt0000000GyZH&ids=068SJ00001PA4Y7&d=%2Fa%2FSJ00000COJiX%2FSYnkCHvNfD2dh18PUqBB5aeDV9kYh5P_3Cgoqx6oWqM&asPdf=false,Edwin V. Shetler,Missouri,0,65263,3dca7408cb48f741
32-A-1071,Class A - Breeder,LaGrange,0,6018958,0,2026-06-24,6/24/2026,Larry Hochstetler,0,https://aphis.file.force.com/sfc/dist/version/download/?oid=00Dt0000000GyZH&ids=068SJ00001Hp6fZ&d=%2Fa%2FSJ00000BF29d%2FaYh6xQUzahX1DZYE2RPfr8XdGh4WDH6MLMQ3vpqMCCM&asPdf=false,Larry Hochstetler,Indiana,0,46761,33429f314945c56d
32-A-1071,Class A - Breeder,LaGrange,0,6018958,0,2026-08-25,8/25/2026,Larry Hochstetler,1,https://aphis.file.force.com/sfc/dist/version/download/?oid=00Dt0000000GyZH&ids=068SJ00001R7KlQ&d=%2Fa%2FSJ00000CfD7F%2FJK5B7oJKKXtkEzCKhF_i8MXKBqG4OQzqbq.1naQ3mtU&asPdf=false,Larry Hochstetler,Indiana,0,46761,1aed50cad69a9a0e
33-C-0534,Class C - Exhibitor,Knoxville,0,6018969,0,2026-07-16,7/16/2026,Miranda Karban,0,https://aphis.file.force.com/sfc/dist/version/download/?oid=00Dt0000000GyZH&ids=068SJ00001Kynd6&d=%2Fa%2FSJ00000BiRXd%2F_Hk.Ttj9o0zlmPNDIK8cK66dcmE2fDJbQrYFeH5VwuE&asPdf=false,Miranda Karban,Illinois,0,61448,246e8a98244ae9cf
73-B-1886,Class B - Dealer,Lone Grove,0,6018975,0,2026-08-11,8/11/2026,Gaylon Taylor,0,https://aphis.file.force.com/sfc/dist/version/download/?oid=00Dt0000000GyZH&ids=068SJ00001OMNUh&d=%2Fa%2FSJ00000CGn2f%2F_NFDgOHgAVkxILQjTeiKg3zguvdFc0Q5CgUG7tatIFA&asPdf=false,Gaylon Taylor,Oklahoma,0,73443,4c81989863789512
73-B-1889,Class B - Dealer,Newcastle,0,6019032,0,2026-07-14,7/14/2026,"OK Birds, LLC",1,https://aphis.file.force.com/sfc/dist/version/download/?oid=00Dt0000000GyZH&ids=068SJ00001LPUuf&d=%2Fa%2FSJ00000BmUa9%2F7tmx9LvFRquZGm2pptWDmugVPYZWa6cJ1vOMvDp74F0&asPdf=false,OK Birds LLC,Oklahoma,0,73065,d2aeb4b278a7e820
94-C-0131,Class C - Exhibitor,Luquillo,0,6019051,0,2026-08-17,8/17/2026,Ridgardo Suárez Mattei,0,https://aphis.file.force.com/sfc/dist/version/download/?oid=00Dt0000000GyZH&ids=068SJ00001PIHOa&d=%2Fa%2FSJ00000CPnbJ%2FBOveRvFpErWQXcqyg7XgpqeW1CZz.MQ9iR5h3Fp88cQ&asPdf=false,Ridgardo Suarez,Puerto Rico,0,00773,7fbe56c209b23716
35-A-0529,Class A - Breeder,Lublin,0,6019092,0,2026-08-04,8/4/2026,Earl Ray Nolt and Elaine Nolt,0,https://aphis.file.force.com/sfc/dist/version/download/?oid=00Dt0000000GyZH&ids=068SJ00001NYmfu&d=%2Fa%2FSJ00000Ck657%2Fp57TBpojrUeQLI07yvIKoFXqOGKnwkIY9P0qv3MJhRo&asPdf=false,Earl Ray Nolt and Elaine Nolt,Wisconsin,0,54447,af0bd640fc11db78
32-A-1070,Class A - Breeder,LaGrange,0,6019093,0,2026-06-22,6/22/2026,Family Fun Canine LLC,0,https://aphis.file.force.com/sfc/dist/version/download/?oid=00Dt0000000GyZH&ids=068SJ00001HUKog&d=%2Fa%2FSJ00000BB9fx%2F3lQcL8NkXyrZEQK8f_bYejE_47sObVdBQI8zdn1QQBA&asPdf=false,Family Fun Canine LLC,Indiana,0,46761,d1cf4e7ee3523ef0
58-A-0389,Class A - Breeder,Miami,0,6019108,0,2026-08-06,8/6/2026,Viader-Garcia USA Corp,0,https://aphis.file.force.com/sfc/dist/version/download/?oid=00Dt0000000GyZH&ids=068SJ00001O3dBb&d=%2Fa%2FSJ00000CDU2z%2FbKjzSjQbYihtlPeAHqBtKvcLjKFTIvosPVm5ENpViU4&asPdf=false,Viader-Garcia USA Corp,Florida,0,33187,781a56a59c79f768
43-B-3854,Class B - Dealer,Piqua,0,6019110,0,2026-06-16,6/16/2026,Kirk Michaels,1,https://aphis.file.force.com/sfc/dist/version/download/?oid=00Dt0000000GyZH&ids=068SJ00001Gp8l4&d=%2Fa%2FSJ00000B52Aw%2FmzrQM.1N1_hlF1pE9SkKWY.Np3qPVmL2GrU1my9N.UI&asPdf=false,Standout Serpents,Ohio,0,45356,bd6eda6d51822290
34-A-0250,Class A - Breeder,Centreville,0,6019119,0,2026-07-09,7/9/2026,Woodside Pets LLC,0,https://aphis.file.force.com/sfc/dist/version/download/?oid=00Dt0000000GyZH&ids=068SJ00001JzStZ&d=%2Fa%2FSJ00000BZwdt%2F7fpBSUeHIzar5dZNqU35lD0RfwJ6Rj0.OgmlyVOboQk&asPdf=false,Woodside Pets LLC,Michigan,0,49032,677b55b43da99d50
87-C-0081,Class C - Exhibitor,Salt Lake,0,6019140,0,2026-06-25,6/25/2026,Tracy Aviary,0,https://aphis.file.force.com/sfc/dist/version/download/?oid=00Dt0000000GyZH&ids=068SJ00001IL3w6&d=%2Fa%2FSJ00000BJkFJ%2FbWxF7o5q9I9eZGIrgDW.r2yjZvaMgvR30pWghtZz9bQ&asPdf=false,Tracy Aviary,Utah,0,84105,df712186b7afe1e9
32-A-1080,Class A - Breeder,Williamsburg,0,6019183,0,2026-06-11,6/11/2026,Mark Glick,0,https://aphis.file.force.com/sfc/dist/version/download/?oid=00Dt0000000GyZH&ids=068SJ00001GCoHM&d=%2Fa%2FSJ00000Az4yb%2FUtnDlgfGSZ9sCWIXOBNeF7RQfzYqVIPX_ofOD2lBe.g&asPdf=false,Mark Glick,Indiana,0,47393,215b0e6b001cc92c
23-A-0797,Class A - Breeder,Jersey Shore,0,6019184,0,2026-08-20,8/20/2026,Barbie G. Beiler,0,https://aphis.file.force.com/sfc/dist/version/download/?oid=00Dt0000000GyZH&ids=068SJ00001QAmAO&d=%2Fa%2FSJ00000CWoIv%2FbmbrZZmwZtolk05l3MTYDK1p8sB7ULaNGP7ZzgbZFZo&asPdf=false,Barbie G. Beiler,Pennsylvania,0,17740,f518065e399148a8
71-C-0200,Class C - Exhibitor,Fayetteville,0,6019240,0,2026-08-27,8/27/2026,Christina Castro,0,https://aphis.file.force.com/sfc/dist/version/download/?oid=00Dt0000000GyZH&ids=068SJ00001QsUcp&d=%2Fa%2FSJ00000Cd9Nt%2Fq3u9jFIrOqt7z8SuiEzI0Lwo11PjW2WdaZQ1n1ZxxeY&asPdf=false,Christina Castro,Arkansas,0,72704,d2344b565101d803
43-A-6947,Class A - Breeder,Seymour,0,6019258,0,2026-06-15,6/15/2026,Menno F. M. Schwartz,0,https://aphis.file.force.com/sfc/dist/version/download/?oid=00Dt0000000GyZH&ids=068SJ00001GdoMg&d=%2Fa%2FSJ00000B2p89%2Fuzt8PiR1EbolgjRF.lqf1HdWLPyHseaBtB.EaW2Wdng&asPdf=false,Meno F.M. Schwartz,Missouri,0,65746,8315d22b7b431a38
91-C-0160,Class C - Exhibitor,Tacoma,0,6019295,0,2026-07-28,7/28/2026,Exotic Animal Encounter DBA Debbie Dolittle's Petting Zoo,2,https://aphis.file.force.com/sfc/dist/version/download/?oid=00Dt0000000GyZH&ids=068SJ00001QIWgN&d=%2Fa%2FSJ00000CXden%2F7Fy7LKU4GTwUIycuDaBxfDeHyb_eGaQMp9xX2FTpBmQ&asPdf=false,Exotic Animal Encounter DBA Debbie Dolittle's Petting Zoo,Washington,0,98444,4fc3c80e811f4258
58-C-1287,Class C - Exhibitor,Winter Haven,0,6019301,0,2026-07-29,7/29/2026,"Steve Martin's Natural Encounters, Inc.",0,https://aphis.file.force.com/sfc/dist/version/download/?oid=00Dt0000000GyZH&ids=068SJ00001Mt2HJ&d=%2Fa%2FSJ00000C2Tev%2FtHbasmsCFlQc5YTvl1XvEQOmUSNORaIb210WL3Jxm4s&asPdf=false,"Steve Martin's Natural Encounters, Inc. - TRA",Florida,0,33884,efe83f0bc4dad7df
58-C-1287,Class C - Exhibitor,Bay Lake,0,6019301,0,2026-08-19,8/19/2026,"Steve Martin's Natural Encounters, Inc.",0,https://aphis.file.force.com/sfc/dist/version/download/?oid=00Dt0000000GyZH&ids=068SJ00001PcAM8&d=%2Fa%2FSJ00000CSc3R%2FmP1qHV3Le6jf7YOyNFSbgvAYEqC8rIMY4G31Em0.TS0&asPdf=false,"Steve Martin's Natural Encounters, Inc./Site B at Disney's Animal Kingdom",Florida,0,32830,9d229092cfda7634
43-A-6884,Class A - Breeder,El Dorado Springs,0,6019311,0,2026-07-06,7/6/2026,Jessica Guilliams,1,https://aphis.file.force.com/sfc/dist/version/download/?oid=00Dt0000000GyZH&ids=068SJ00001JIRzI&d=%2Fa%2FSJ00000BT8YX%2FKZPNdluWVaMQ_8UGyJnRTr1IjpD8iiZ8l6ulSUEkG.c&asPdf=false,Jessica Guilliams,Missouri,0,64744,5d909b75c67b19bb
55-B-0239,Class B - Dealer,ALEXANDER,0,6019314,0,2026-08-18,8/18/2026,Phoenix Landing Foundation,0,https://aphis.file.force.com/sfc/dist/version/download/?oid=00Dt0000000GyZH&ids=068SJ00001PgBWU&d=%2Fa%2FSJ00000CTM37%2F_PU96ErCFGx4v0cGY6HSDmLo2HKL0gqQs8pQN0R_IaA&asPdf=false,Phoenix Landing Foundation,North Carolina,0,28701,a31244025b51a37d
64-T-0187,Class T - Carrier,Toney,0,6019392,0,2026-06-22,6/22/2026,Megan Saeger,0,https://aphis.file.force.com/sfc/dist/version/download/?oid=00Dt0000000GyZH&ids=068SJ00001HTBve&d=%2Fa%2FSJ00000BAvI1%2Fl_8tZNeEYspEK0_VdzNR4Oi2N.onlH997oNUEQ6cE_c&asPdf=false,Door2Door Transport LLC,Alabama,0,35773,216c5970808d1858
93-C-1197,Class C - Exhibitor,Oak View,0,6019443,0,2026-07-14,7/14/2026,Ojai Raptor Center,0,https://aphis.file.force.com/sfc/dist/version/download/?oid=00Dt0000000GyZH&ids=068SJ00001Kiz2A&d=%2Fa%2FSJ00000BgAnp%2F0HWSEusj1e9HtbjoI0W1NuodU6zp9mcGoODF3Vs95CE&asPdf=false,Ojai Raptor Center,California,0,93022,6e1dcfe5eaf4f0ca
32-T-0230,Class T - Carrier,Elkhart,0,6019463,0,2026-08-06,8/6/2026,Shawna Dean Crawford,2,https://aphis.file.force.com/sfc/dist/version/download/?oid=00Dt0000000GyZH&ids=068SJ00001NqGRW&d=%2Fa%2FSJ00000CBdqL%2FlTkSmzCHR4MdfiUSxp8y8rQEd8Nqrqjt5t6OntsZxQo&asPdf=false,Shawna Dean Mullaney,Indiana,0,46517,9b3eda06199e2084
43-A-6864,Class A - Breeder,Keytesville,0,6019484,0,2026-07-29,7/29/2026,Jacob J Schrock,0,https://aphis.file.force.com/sfc/dist/version/download/?oid=00Dt0000000GyZH&ids=068SJ00001O4s8N&d=%2Fa%2FSJ00000CDYY1%2F8sFgcQsaWv_elcmhSnz19fr0nttGuGEgMj6zpPwnB8w&asPdf=false,Jacob Schrock,Missouri,0,65261,52d1a489a0585f95
48-A-2263,Class A - Breeder,Mulberry,0,6019509,0,2026-06-22,6/22/2026,Stacy Hutson,0,https://aphis.file.force.com/sfc/dist/version/download/?oid=00Dt0000000GyZH&ids=068SJ00001HdcmP&d=%2Fa%2FSJ00000BD36b%2FHMGUNyy8jqNsJUKi.fmIaQzD8EeAA4gopzUSlQ2X37M&asPdf=false,Stacy Hutson,Kansas,0,66756,45c98689799de4d3
94-C-0129,Class C - Exhibitor,Caguas,0,6019584,0,2026-08-24,8/24/2026,Eugenio Gomez Llera,0,https://aphis.file.force.com/sfc/dist/version/download/?oid=00Dt0000000GyZH&ids=068SJ00001QkdTm&d=%2Fa%2FSJ00000Cc1tp%2Fu1RUcNabMyPDXaSzQLDAnn6Bmp8mWcMI3ClJwXNX9DU&asPdf=false,Eugenio Gomez Llera,Puerto Rico,0,00725,731ced6efdbcd797
32-A-1075,Class A - Breeder,Spencerville,0,6019596,0,2026-08-07,8/7/2026,Allan E Lengacher,0,https://aphis.file.force.com/sfc/dist/version/download/?oid=00Dt0000000GyZH&ids=068SJ00001NuzmS&d=%2Fa%2FSJ00000CCcAg%2Fq.jf4YXPTGFIBUW7hi_2jTyEc5bDRE0fcqq03QKYFpY&asPdf=false,Allan E Lengacher,Indiana,0,46788,93034d42c209495b
43-A-6845,Class A - Breeder,Kirksville,0,6019643,0,2026-07-21,7/21/2026,"Jackies Happy Tails, LLC",0,https://aphis.file.force.com/sfc/dist/version/download/?oid=00Dt0000000GyZH&ids=068SJ00001LhIoY&d=%2Fa%2FSJ00000BpknF%2F6BPQGoY1KCgSd4vJuWaCNWYrnoXp4W712YiUFkNpJj4&asPdf=false,Jackies Happy Tails LLC,Missouri,0,63501,8031d52643f1740c
32-A-1076,Class A - Breeder,Loogootee,0,6019653,0,2026-06-16,6/16/2026,Marlin E Wagler,0,https://aphis.file.force.com/sfc/dist/version/download/?oid=00Dt0000000GyZH&ids=068SJ00001GmvWv&d=%2Fa%2FSJ00000B4RMf%2FUCbyBM3oFTX8_zCBcP4kBM_UMYlVKQi2BZhjtlqopzg&asPdf=false,Marlin Wagler,Indiana,0,47553,ce4bf8a671366b39
58-C-1293,Class C - Exhibitor,Sarasota,0,6019713,0,2026-08-14,8/14/2026,Save Our Seabirds,0,https://aphis.file.force.com/sfc/dist/version/download/?oid=00Dt0000000GyZH&ids=068SJ00001PHajg&d=%2Fa%2FSJ00000CPjcX%2FFDP.LDzl53H5Ja7pZFs31Hg9e6hz1J6xR9NmdgvJuPU&asPdf=false,Save Our Seabirds,Florida,0,34236,8cb137c4f77ca315
43-A-6842,Class A - Breeder,Jamesport,0,6019836,0,2026-07-16,7/16/2026,Sara G Detweiler,0,https://aphis.file.force.com/sfc/dist/version/download/?oid=00Dt0000000GyZH&ids=068SJ00001LU3os&d=%2Fa%2FSJ00000BnLeU%2FD12cSANLqKecbbQTYVsd8e.whiC9pz3bYE6C8_mdA5Y&asPdf=false,Sara G Detweiler,Missouri,0,64648,b23aea81ef340b28
32-C-0295,Class C - Exhibitor,Greencastle,0,6019886,0,2026-08-18,8/18/2026,Cheryl Battson,0,https://aphis.file.force.com/sfc/dist/version/download/?oid=00Dt0000000GyZH&ids=068SJ00001PG7ul&d=%2Fa%2FSJ00000CPEk1%2Fk9Pz5BMyEzJm.79fHrFRoWRx3VtNF_I0tzXApGeqCXU&asPdf=false,Cheryl Battson,Indiana,0,46135,733a31f8e8ea69ae
67-C-0021,Class C - Exhibitor,MANSFIELD,0,6019889,0,2026-08-14,8/14/2026,Charlie Elliott Wildlife Center,0,https://aphis.file.force.com/sfc/dist/version/download/?oid=00Dt0000000GyZH&ids=068SJ00001OpNR7&d=%2Fa%2FSJ00000CLVwL%2FR3K1O8NucqbrZjvJ8OXWe9OSig3lY.dFBglXZok7MtY&asPdf=false,Charlie Elliott Wildlife Center,Georgia,0,30055,8e0adfed0bb2a823
31-A-0992,Class A - Breeder,Millersburg,0,6019891,0,2026-06-30,6/30/2026,Deer Hollow Kennel LLC,0,https://aphis.file.force.com/sfc/dist/version/download/?oid=00Dt0000000GyZH&ids=068SJ00001InXwK&d=%2Fa%2FSJ00000BOllp%2FSvcbT0WaJeNectItUjTi_wqjOZNxlTXJqql2vPBj5yU&asPdf=false,Deer Hollow Kennel LLC,Ohio,0,44654,a87126bce3e958bb
96-C-0047,Class C - Exhibitor,Sitka,0,6019942,0,2026-07-30,7/30/2026,Alaska Raptor Center,0,https://aphis.file.force.com/sfc/dist/version/download/?oid=00Dt0000000GyZH&ids=068SJ00001Mnr35&d=%2Fa%2FSJ00000C1iGD%2FKttPwUz7ekDTuV9rJwdph7i3VtWBfalzWCgOZL7hApM&asPdf=false,Alaska Raptor Center,Alaska,0,99835,54451fe003122e0e
67-B-0004,Class B - Dealer,Norcross,0,6019975,0,2026-08-04,8/4/2026,Fancy Feathers LLC,0,https://aphis.file.force.com/sfc/dist/version/download/?oid=00Dt0000000GyZH&ids=068SJ00001Rb18W&d=%2Fa%2FSJ00000CkB1Z%2Fy4ogLxhDxdqBfzFOBy6W_SDnpxKsPkBe4rm.LhCvocc&asPdf=false,Fancy Feathers LLC,Georgia,0,30071,a9b7ff008c9bcfab
34-C-0452,Class C - Exhibitor,Shepherd,0,6019991,0,2026-06-11,6/11/2026,Wildlife Recovery Association,1,https://aphis.file.force.com/sfc/dist/version/download/?oid=00Dt0000000GyZH&ids=068SJ00001GeMTC&d=%2Fa%2FSJ00000B2y1l%2FLpMsErHnVdpnA35dV1r_4v_m8tC5ZpSsgbHTDG5Pyi4&asPdf=false,Wildlife Recovery Association,Michigan,0,48883,ee8fc800c60c6fcf
34-C-0452,Class C - Exhibitor,Shepherd,0,6019991,0,2026-08-03,8/3/2026,Wildlife Recovery Association,0,https://aphis.file.force.com/sfc/dist/version/download/?oid=00Dt0000000GyZH&ids=068SJ00001NhhX4&d=%2Fa%2FSJ00000CA7XZ%2FKfGwD9W348s7UJr_DEXxZ.Hh9I5VmG14ItCgvpBEmlw&asPdf=false,Wildlife Recovery Association,Michigan,0,48883,a386f282c43209aa
74-B-0832,Class B - Dealer,Lott,0,6019993,1,2026-07-28,7/28/2026,David Wade Miller,0,https://aphis.file.force.com/sfc/dist/version/download/?oid=00Dt0000000GyZH&ids=068SJ00001MbhiV&d=%2Fa%2FSJ00000BzMy9%2FJjDcdVA1S9ExHsIr_wMeud5FCLYM6R071i8h5BG54aY&asPdf=false,David Wade Miller,Texas,0,76656,8f1120a4c8108f39
74-B-0832,Class B - Dealer,Lott,0,6019993,1,2026-08-05,8/5/2026,David Wade Miller,0,https://aphis.file.force.com/sfc/dist/version/download/?oid=00Dt0000000GyZH&ids=068SJ00001NltZq&d=%2Fa%2FSJ00000CB6Cr%2F5RonREf25hzdjy_ozlZOLOsUhvquZMPDezdeKLQ9BoE&asPdf=false,David Wade Miller,Texas,0,76656,31743b4f3000ef78
74-B-0832,Class B - Dealer,Lott,0,6019993,0,2026-08-12,8/12/2026,David Wade Miller,0,https://aphis.file.force.com/sfc/dist/version/download/?oid=00Dt0000000GyZH&ids=068SJ00001P7Ikj&d=%2Fa%2FSJ00000CNv8L%2F475DQ.SrMNfj7emhMCH22JaX71.g.l68DzCR_OccQmM&asPdf=false,David Wade Miller,Texas,0,76656,5d324a0949fbc5a4
34-C-0456,Class C - Exhibitor,Benton Harbor,0,6019994,0,2026-08-07,8/7/2026,Sarett Nature Center,0,https://aphis.file.force.com/sfc/dist/version/download/?oid=00Dt0000000GyZH&ids=068SJ00001O94zC&d=%2Fa%2FSJ00000CECYg%2F8Zu318rsjp_2fuOttIdAbsTnEb3P827lKVmzXynfhxM&asPdf=false,Sarett Nature Center,Michigan,0,49022,ea0915e170fb2a05
58-A-0384,Class A - Breeder,Miami,0,6020000,0,2026-07-08,7/8/2026,Tropical Birds Inc,2,https://aphis.file.force.com/sfc/dist/version/download/?oid=00Dt0000000GyZH&ids=068SJ00001JwUyM&d=%2Fa%2FSJ00000BZJnp%2F3FC3C.9E6ktcbIj_28nlM6XzRD9iP_eOFxnXe8DWC_c&asPdf=false,Tropical Birds Inc,Florida,0,33187,69bba71dd4a4bf5a
58-A-0397,Class A - Breeder,Spring Hill,0,6020007,0,2026-08-26,8/26/2026,Heart Beak City Inc,2,https://aphis.file.force.com/sfc/dist/version/download/?oid=00Dt0000000GyZH&ids=068SJ00001RhyAf&d=%2Fa%2FSJ00000CkpJx%2FXsCDt6KUlVEOf858zCn6Krc3g8_.5B0XCvHVxj9BCCk&asPdf=false,Heart Break City Inc,Florida,0,34610,4cd106f4020ac8f6
63-C-0321,Class C - Exhibitor,Pigeon Forge,0,6020019,0,2026-08-06,8/6/2026,Hollingsworth Enterprises Inc,0,https://aphis.file.force.com/sfc/dist/version/download/?oid=00Dt0000000GyZH&ids=068SJ00001O8LIf&d=%2Fa%2FSJ00000CDyp3%2FmBLGV3T45fug48YlYjbXa6Kw2e6I5QzXCqc.qHQWW7c&asPdf=false,Parrot Mountain and Gardens,Tennessee,0,37862,2606ce4d035fcbf1
34-C-0449,Class C - Exhibitor,Saint Helen,0,6020035,0,2026-08-13,8/13/2026,Association to Rescue Kritters (A.R.K),0,https://aphis.file.force.com/sfc/dist/version/download/?oid=00Dt0000000GyZH&ids=068SJ00001PphKG&d=%2Fa%2FSJ00000CUn2n%2Fao4dlAVvM8f9E6SqueMC5n6sRBqE9ErP9cxmMowpfxI&asPdf=false,Association to Rescue Kritters (A.R.K),Michigan,0,48656,349620ce61410bb8
43-A-6861,Class A - Breeder,Madison,0,6020078,0,2026-07-27,7/27/2026,Barbara Borntreger,0,https://aphis.file.force.com/sfc/dist/version/download/?oid=00Dt0000000GyZH&ids=068SJ00001O4r10&d=%2Fa%2FSJ00000CDYUn%2FgsT42mg_XZJZTg9AWllWpjp9f0uKN2iWeNYKIkuFM_c&asPdf=false,Barbara Borntreger,Missouri,0,65263,148e1ec5a956d34e
43-A-6846,Class A - Breeder,Sheldon,0,6020114,0,2026-06-23,6/23/2026,Warren Martin,0,https://aphis.file.force.com/sfc/dist/version/download/?oid=00Dt0000000GyZH&ids=068SJ00001Hf8E9&d=%2Fa%2FSJ00000BDZo1%2FfOLk3XrXiX0kgH7f3X4peOwhKtYfDJgy.32p8gHDxjY&asPdf=false,Warren Martin,Missouri,0,64784,1bfab0a5fc3f27e2
93-C-1198,Class C - Exhibitor,Cameron Park,0,6020126,0,2026-08-13,8/13/2026,Hawks Honkers and Hoots,0,https://aphis.file.force.com/sfc/dist/version/download/?oid=00Dt0000000GyZH&ids=068SJ00001PozzM&d=%2Fa%2FSJ00000CUhS2%2FJdCRgzX7wKlk6JMbjxU9PZFmQ09_jPxqcVgNVlhOZQs&asPdf=false,Hawks Honkers and Hoots,California,0,95682,a3353c9a734552b2
67-A-0011,Class A - Breeder,Loganville,0,6020171,0,2026-07-07,7/7/2026,French West Frenchies LLC,3,https://aphis.file.force.com/sfc/dist/version/download/?oid=00Dt0000000GyZH&ids=068SJ00001KTbQM&d=%2Fa%2FSJ00000BdthR%2FLu6TcZpThSQqCt1WfJgwXKXfJYjjZT_NTa8TtCi06vk&asPdf=false,French West Frenchies LLC,Georgia,0,30052,d097f44e4e9ba1a8
43-A-6860,Class A - Breeder,Brighton,0,6020185,0,2026-07-22,7/22/2026,Brandy Hough,0,https://aphis.file.force.com/sfc/dist/version/download/?oid=00Dt0000000GyZH&ids=068SJ00001M01wt&d=%2Fa%2FSJ00000Bsakw%2F6iSZK0q8ByAo2BGUVooTaogYNk.AT8Not8lEqMBfYLs&asPdf=false,Brandy Hough,Missouri,0,65617,eb6602ff9284e145
82-C-0088,Class C - Exhibitor,Saint Maries,0,6020210,0,2026-07-07,7/7/2026,Raptor Chapter Inc,0,https://aphis.file.force.com/sfc/dist/version/download/?oid=00Dt0000000GyZH&ids=068SJ00001JfHxv&d=%2Fa%2FSJ00000BWvBJ%2FEztsg93e.LT1ZFy0XDMDtmkLEub92ZZNu.dkqEU7uMI&asPdf=false,"Raptor Chapter, Inc",Idaho,0,83816,09306d83c4fc747c
83-C-0008,Class C - Exhibitor,Wilson,0,6020211,0,2026-08-06,8/6/2026,Teton Raptor Center,0,https://aphis.file.force.com/sfc/dist/version/download/?oid=00Dt0000000GyZH&ids=068SJ00001Nql8Z&d=%2Fa%2FSJ00000CBjED%2FOBWwKUNGcsU2Swby7y6d6V9lOi0OGDsw.NoelePeeSs&asPdf=false,Teton Raptor Center,Wyoming,0,83014,e3e2fef957b8205e
73-A-2872,Class A - Breeder,Boley,0,6020236,0,2026-06-30,6/30/2026,Aaron Kennell,0,https://aphis.file.force.com/sfc/dist/version/download/?oid=00Dt0000000GyZH&ids=068SJ00001ImLCJ&d=%2Fa%2FSJ00000BOruT%2FduTCYAqJzGlLqfHKLgOLYhYBogjSVaE6LjLDaPdKrSw&asPdf=false,Aaron Kennell,Oklahoma,0,74829,c656b19b722669b8
71-C-0201,Class C - Exhibitor,Fort Smith,0,6020243,0,2026-07-23,7/23/2026,AR Game & Fish,0,https://aphis.file.force.com/sfc/dist/version/download/?oid=00Dt0000000GyZH&ids=068SJ00001LzcSI&d=%2Fa%2FSJ00000BsXIP%2F8ARFMYtCM.AX2xzb7.Zz8dbWXAZOZHD5TeTF_1jWFGk&asPdf=false,AR River Valley Nature Center,Arkansas,0,72916,7b090cbee4ff1fe6
73-A-2871,Class A - Breeder,Boley,0,6020266,0,2026-06-30,6/30/2026,Randy Loewen,2,https://aphis.file.force.com/sfc/dist/version/download/?oid=00Dt0000000GyZH&ids=068SJ00001JDnXL&d=%2Fa%2FSJ00000BS5BJ%2FLVnYpamWaBPjxpWMDvC9Wjjj_2a1iUnRPcLBzjG00SY&asPdf=false,Randy Loewen,Oklahoma,0,74829,4ef7a0efd7ec68a1
73-A-2871,Class A - Breeder,Boley,0,6020266,0,2026-08-13,8/13/2026,Randy Loewen,0,https://aphis.file.force.com/sfc/dist/version/download/?oid=00Dt0000000GyZH&ids=068SJ00001P3DEu&d=%2Fa%2FSJ00000CNDX7%2FBAFaQU7KB.Elt6JyszDjEhtJnv.Yawl7R0viYn9cFZI&asPdf=false,Randy Loewen,Oklahoma,0,74829,c7c11624aaee52b4
74-C-1187,Class C - Exhibitor,Groesbeck,0,6020309,0,2026-08-11,8/11/2026,Chari Ranch,2,https://aphis.file.force.com/sfc/dist/version/download/?oid=00Dt0000000GyZH&ids=068SJ00001PInGK&d=%2Fa%2FSJ00000CPpgL%2F097iOuOfn4vLt_49ZyB1lOKFeJjVKkZIv9WlD2.rOmM&asPdf=false,Chari Ranch,Texas,0,76642,f2e49a44713a7de1
73-A-2861,Class A - Breeder,Checotah,0,6020363,0,2026-07-30,7/30/2026,Janessa Froese,2,https://aphis.file.force.com/sfc/dist/version/download/?oid=00Dt0000000GyZH&ids=068SJ00001OWUmW&d=%2Fa%2FSJ00000CIXeX%2FU81HOLEIZZfj2.d3qQfgai.nEHcLN88.r_00dTGhkEk&asPdf=false,Janessa Plett,Oklahoma,0,74426,40f56cbf7d1909c4
73-A-2860,Class A - Breeder,Checotah,0,6020365,0,2026-07-30,7/30/2026,Arden and Carol Plett,2,https://aphis.file.force.com/sfc/dist/version/download/?oid=00Dt0000000GyZH&ids=068SJ00001MzJ0X&d=%2Fa%2FSJ00000C3gAH%2FY9siu1r5wki35TNKfCkwss.P7_K0tZiyyOuMHGvNQzY&asPdf=false,Arden and Carol Plett,Oklahoma,0,74426,bd409fe608758068
71-A-1453,Class A - Breeder,Mountain View,0,6020375,0,2026-07-21,7/21/2026,Kelly Armour,0,https://aphis.file.force.com/sfc/dist/version/download/?oid=00Dt0000000GyZH&ids=068SJ00001MDOLx&d=%2Fa%2FSJ00000BuV4P%2FLwhXCyZNUMr1HSccZwA50msSt6Pox8Atx5vZrrPLbKU&asPdf=false,Kelly Armour,Arkansas,0,72560,900063eaf58aeb3a
33-C-0537,Class C - Exhibitor,Jerseyville,0,6020448,0,2026-07-09,7/9/2026,Cynthia Ray,0,https://aphis.file.force.com/sfc/dist/version/download/?oid=00Dt0000000GyZH&ids=068SJ00001JpamF&d=%2Fa%2FSJ00000BYPfB%2FpoCK3_t1rknmwkiDKZ3e2sd9GCNdrwp5otYcIE5wLLQ&asPdf=false,Cynthia Ray,Illinois,0,62052,af04d4e762fc7542
,,Niles,0,6020516,0,2026-06-23,6/23/2026,Work 6 Inc.,1,https://aphis.file.force.com/sfc/dist/version/download/?oid=00Dt0000000GyZH&ids=068SJ00001Hg6tG&d=%2Fa%2FSJ00000BDas9%2FHrd5Jh1HLuBRvbRow.d0ZyZxUHhXJw.kPengIDBmtRg&asPdf=false,Work 6 Inc.,Illinois,0,60016,62703f98bd53dab0
32-C-0297,Class C - Exhibitor,Huntertown,0,6020523,0,2026-06-30,6/30/2026,"Soarin' Hawk Raptor Rehabilitation, Inc",0,https://aphis.file.force.com/sfc/dist/version/download/?oid=00Dt0000000GyZH&ids=068SJ00001IuVco&d=%2Fa%2FSJ00000BPuVJ%2F8UQcVRJih_vRjzpkKi5nByzkrt0cKGnDX9ybfTxSWjo&asPdf=false,"Soarin' Hawk Raptor Rehabilitation, Inc",Indiana,0,46748,37d520c02e67204b
32-A-1088,Class A - Breeder,Shipshewana,0,6020534,0,2026-06-25,6/25/2026,Adorable Pups LLC,0,https://aphis.file.force.com/sfc/dist/version/download/?oid=00Dt0000000GyZH&ids=068SJ00001IRTxd&d=%2Fa%2FSJ00000BKlfa%2FSip6EDa80LPI.tpY7IgLia_ynBvMOma0VOgCKgytnCw&asPdf=false,Adorable Pups LLC,Indiana,0,46565,3353c8d1a27821d8
63-C-0314,Class C - Exhibitor,SILVER POINT,0,6020556,0,2026-06-11,6/11/2026,Tennessee Department of Environment and Conservation,0,https://aphis.file.force.com/sfc/dist/version/download/?oid=00Dt0000000GyZH&ids=068SJ00001GKWTU&d=%2Fa%2FSJ00000B01qb%2FXUSiL6JkuEC2U_AXjyevVsW_bxscDWhm5XK6iTcwX2k&asPdf=false,Edgar Evins State Park,Tennessee,0,38582,6a9af7421c4f9ef8
63-C-0314,Class C - Exhibitor,LAWRENCEBURG,0,6020556,0,2026-07-24,7/24/2026,Tennessee Department of Environment and Conservation,1,https://aphis.file.force.com/sfc/dist/version/download/?oid=00Dt0000000GyZH&ids=068SJ00001Mo3P2&d=%2Fa%2FSJ00000C1kTJ%2F.FSXLEXXfAODAugVKuZ3ls7yNoHL6f4UOdy4Rv.OcSU&asPdf=false,David Crockett State Park,Tennessee,0,38464,ad7e89f477499d79
63-C-0314,Class C - Exhibitor,Kodak,0,6020556,0,2026-08-03,8/3/2026,Tennessee Department of Environment and Conservation,0,https://aphis.file.force.com/sfc/dist/version/download/?oid=00Dt0000000GyZH&ids=068SJ00001NUriu&d=%2Fa%2FSJ00000Ck8y9%2FD_vAv5g4KeMyErQqzwr8Z2BoWJBjblGBdAhzxDRD41Y&asPdf=false,Seven Islands State Birding Park,Tennessee,0,37764,28861da416089ed5
63-C-0314,Class C - Exhibitor,HENDERSON,0,6020556,0,2026-08-07,8/7/2026,Tennessee Department of Environment and Conservation,0,https://aphis.file.force.com/sfc/dist/version/download/?oid=00Dt0000000GyZH&ids=068SJ00001NxoXi&d=%2Fa%2FSJ00000CCsNV%2FJO3iBU95LfbEdln7J.n7Nuq5vJw4xm5BjmAZpD_C920&asPdf=false,Chickasaw State Park,Tennessee,0,38340,a665027a7e100bc3
63-C-0314,Class C - Exhibitor,ROAN MOUNTAIN,0,6020556,0,2026-08-18,8/18/2026,Tennessee Department of Environment and Conservation,0,https://aphis.file.force.com/sfc/dist/version/download/?oid=00Dt0000000GyZH&ids=068SJ00001PgHwt&d=%2Fa%2FSJ00000CTQBV%2F_.F4O_HuXEX73HMsj6oxqV1jQzEDIfRI5IQDkSdUCrw&asPdf=false,Roan Mountain State Park,Tennessee,0,37687,d4754afae3c1b97b
63-C-0314,Class C - Exhibitor,MORRISTOWN,0,6020556,0,2026-08-20,8/20/2026,Tennessee Department of Environment and Conservation,0,https://aphis.file.force.com/sfc/dist/version/download/?oid=00Dt0000000GyZH&ids=068SJ00001PcfN6&d=%2Fa%2FSJ00000CT6xZ%2FMAIaIN_kGdNTOWLEqI1Pc7AtNH_hwR8UTHwbAXbK4G0&asPdf=false,Panther Creek State Park,Tennessee,0,37814,29f1e76035042b0f
93-C-1203,Class C - Exhibitor,Acton,0,6020595,0,2026-07-02,7/2/2026,Mark Schwaiger,0,https://aphis.file.force.com/sfc/dist/version/download/?oid=00Dt0000000GyZH&ids=068SJ00001JaeOq&d=%2Fa%2FSJ00000BW2I5%2F321DfQ5rmH8RQVjLzAx50lYA4iEw6I4rYOaleHvRc8s&asPdf=false,Mark Schwaiger,California,0,93510,fd72a0cc2115bf43
73-A-2870,Class A - Breeder,Boley,0,6020626,0,2026-07-02,7/2/2026,Jacobo Kauenhofen,2,https://aphis.file.force.com/sfc/dist/version/download/?oid=00Dt0000000GyZH&ids=068SJ00001Jdvay&d=%2Fa%2FSJ00000BWbAz%2FeLtBB1vzTNkioaxnp_cLXp2KrNgqBCGxFfJZUM.aZFg&asPdf=false,Jacobo Kauenhofen,Oklahoma,0,74829,14ef207bdf06a3e8
73-A-2870,Class A - Breeder,Boley,0,6020626,0,2026-07-23,7/23/2026,Jacobo Kauenhofen,0,https://aphis.file.force.com/sfc/dist/version/download/?oid=00Dt0000000GyZH&ids=068SJ00001LyBDj&d=%2Fa%2FSJ00000Bs4TJ%2FSi3bxWE3W4F5bg8bApDW49cyu.7L.guqGqB.x_H5rWM&asPdf=false,Jacobo Kauenhofen,Oklahoma,0,74829,5a5ee6ef29caade8
84-C-0176,Class C - Exhibitor,Elizabeth,0,6020632,0,2026-08-25,8/25/2026,Gabriel Foundation,1,https://aphis.file.force.com/sfc/dist/version/download/?oid=00Dt0000000GyZH&ids=068SJ00001QlflK&d=%2Fa%2FSJ00000CcOqP%2FBkCM0669hP.oLtMW9N9PlA96jaxnVKuFpU7Y2Tyj5vQ&asPdf=false,Gabriel Foundation,Colorado,0,80107,2de1dd9df006f037
58-C-1301,Class C - Exhibitor,Winterhaven,0,6020642,0,2026-08-10,8/10/2026,J2 Animal Productions,0,https://aphis.file.force.com/sfc/dist/version/download/?oid=00Dt0000000GyZH&ids=068SJ00001PJVlz&d=%2Fa%2FSJ00000CPwoH%2F4VVfGFhWdrh7luOP.wI7aY9ha7tbSi.d6kLJu35X0kc&asPdf=false,J2 Animal Productions,Florida,0,33881,cd3d724e74300873
73-B-1890,Class B - Dealer,Norman,0,6020662,0,2026-08-04,8/4/2026,Cats Critters,0,https://aphis.file.force.com/sfc/dist/version/download/?oid=00Dt0000000GyZH&ids=068SJ00001NZZ3z&d=%2Fa%2FSJ00000Ck7af%2FkXgui2JLYWMMCx8aBv26xJip0128_sccd82yKdQ8YgI&asPdf=false,Cats Critters,Oklahoma,0,73069,0eb208526d778db3
86-C-0135,Class C - Exhibitor,Littlerock,0,6020710,0,2026-08-13,8/13/2026,Amazon Wonders LLC,0,https://aphis.file.force.com/sfc/dist/version/download/?oid=00Dt0000000GyZH&ids=068SJ00001PAGeB&d=%2Fa%2FSJ00000COLUD%2FkPCrYU0UKb5JR9rLzYVsvFyxXbFwRS8lvUifsY65PqI&asPdf=false,Amazon Wonders LLC,California,0,93543,6ee24d5b204011e7
58-B-0727,Class B - Dealer,Pembroke Pines,0,6020782,0,2026-07-01,7/1/2026,Happy Paws LLC,0,https://aphis.file.force.com/sfc/dist/version/download/?oid=00Dt0000000GyZH&ids=068SJ00001JQCol&d=%2Fa%2FSJ00000BUZgL%2F.C0FNAaOjxqdt6bW0dx7ZX32VPtIpOkkGlcT8_Iigo8&asPdf=false,Happy Paws LLC,Florida,0,33024,420a3151f79b53fd
74-C-1186,Class C - Exhibitor,Lucas,0,6020795,0,2026-08-25,8/25/2026,BP Raptor Center,0,https://aphis.file.force.com/sfc/dist/version/download/?oid=00Dt0000000GyZH&ids=068SJ00001QQXXI&d=%2Fa%2FSJ00000CZ6I9%2FKULMgJRoyedzQShFu1k1Jf3_buC72_8l7WeFrZoEXMg&asPdf=false,BP Raptor Center,Texas,0,75002,8bb37e90009a3f88
22-C-0168,Class C - Exhibitor,Wantage,0,6020799,0,2026-08-04,8/4/2026,Avian Wildlife Center,0,https://aphis.file.force.com/sfc/dist/version/download/?oid=00Dt0000000GyZH&ids=068SJ00001NXhWr&d=%2Fa%2FSJ00000Ck2Hd%2FozUprYBVLWmZXPHobMXOkGkBRDjYB_O.9mXL7a9kYeQ&asPdf=false,Avian Wildlife Center,New Jersey,0,07461,7b5d72828139e028
16-C-0182,Class C - Exhibitor,Ashford,0,6020812,0,2026-07-08,7/8/2026,Horizon Wings Inc,0,https://aphis.file.force.com/sfc/dist/version/download/?oid=00Dt0000000GyZH&ids=068SJ00001JlPsZ&d=%2Fa%2FSJ00000BXHzp%2FkKItJQ5GvS0NWR4h7PNyYb4jzK.qqztr4Q6mcM18EvY&asPdf=false,Horizon Wings Inc,Connecticut,0,06278,86147b79a4ff1bcd
32-A-1096,Class A - Breeder,Etna Green,0,6020818,0,2026-07-14,7/14/2026,Pine View Pets LLC,0,https://aphis.file.force.com/sfc/dist/version/download/?oid=00Dt0000000GyZH&ids=068SJ00001L1Enc&d=%2Fa%2FSJ00000Bj16T%2FZ6oVCaTeoWEsswuM2YPP7ZiulvYKHi0JL.Pt.QpjWUc&asPdf=false,Pine View Pets LLC,Indiana,0,46524,4e72e08f614fb2c8
74-C-1173,Class C - Exhibitor,Murchison,0,6020932,0,2026-07-20,7/20/2026,Black Beauty Ranch,0,https://aphis.file.force.com/sfc/dist/version/download/?oid=00Dt0000000GyZH&ids=068SJ00001LX8aC&d=%2Fa%2FSJ00000Bns7O%2FnLURvV5Te84aqJCz14u84RAddx1mtaSfxL7y08qSEAk&asPdf=false,Humane Society of the United States,Texas,0,75778,7067aa381a150bdc
43-A-6865,Class A - Breeder,Brashear,0,6021002,0,2026-06-25,6/25/2026,Alvin Borntrager,0,https://aphis.file.force.com/sfc/dist/version/download/?oid=00Dt0000000GyZH&ids=068SJ00001JwsBK&d=%2Fa%2FSJ00000BZaLe%2F0j8Pa4S78pq23nwwDant1OUx2BSnVAzvnqjQPl9crLk&asPdf=false,Alvin N Borntrager,Missouri,0,63533,37333d9b21853988
43-A-6873,Class A - Breeder,Greentop,0,6021015,0,2026-07-09,7/9/2026,Daniel Blaine,2,https://aphis.file.force.com/sfc/dist/version/download/?oid=00Dt0000000GyZH&ids=068SJ00001OJDt8&d=%2Fa%2FSJ00000CG0l7%2FYmicgRl79xkxP9c9YqGZEJCSVCKOUpCy2PYF5ku0PfI&asPdf=false,Daniel Blaine,Missouri,0,63546,dd9db94d3a808550
55-C-0331,Class C - Exhibitor,Parkton,0,6021057,0,2026-08-12,8/12/2026,Gibbs Unlimited LLC,1,https://aphis.file.force.com/sfc/dist/version/download/?oid=00Dt0000000GyZH&ids=068SJ00001P2qNC&d=%2Fa%2FSJ00000CND5h%2Fy6wmn3xa1xIXDKKXFAN6Dde4nSi.tXjsMZ1iOZie4nM&asPdf=false,"Gibbs Unlimited, LLC",North Carolina,0,28371,4d62b84ad6d17f05
58-H-0309,Class H - Intermediate Handler,Lake City,0,6021071,0,2026-08-03,8/3/2026,Harmony Kennels and Transport LLC,1,https://aphis.file.force.com/sfc/dist/version/download/?oid=00Dt0000000GyZH&ids=068SJ00001NDWFo&d=%2Fa%2FSJ00000C5XKb%2FWXImMCrI_CQVdDfYtiC3kQNZGnkwzEzIq9qnfMIv6Ak&asPdf=false,Harmony Kennels and Transport LLC,Florida,0,32055,cb22b6fd8c2f5840
34-B-0253,Class B - Dealer,Oakland,0,6021109,0,2026-07-09,7/9/2026,Todd Cotterman,0,https://aphis.file.force.com/sfc/dist/version/download/?oid=00Dt0000000GyZH&ids=068SJ00001JoGvo&d=%2Fa%2FSJ00000BXvXR%2FP1bKk.nJv1ruwQ3mHJvWF6tjS6GOTjzjiQLKwYCeJ0c&asPdf=false,Todd Cotterman,Michigan,0,48430,2ee3398c1b85c460
43-C-0418,Class C - Exhibitor,Branson,0,6021303,0,2026-07-15,7/15/2026,Hamner Barber LLC,0,https://aphis.file.force.com/sfc/dist/version/download/?oid=00Dt0000000GyZH&ids=068SJ00001KzjcG&d=%2Fa%2FSJ00000BigOb%2Fzn6Y9uOEYZFPMC5j7y2LheWI4BtYnftZYWx67kNWpd0&asPdf=false,Hamner Barber LLC,Missouri,0,65616,92b50faf324014a7
73-C-0269,Class C - Exhibitor,Wynnewood,0,6021315,0,2026-07-20,7/20/2026,Candys Country Critters Exotic Rescue Inc,1,https://aphis.file.force.com/sfc/dist/version/download/?oid=00Dt0000000GyZH&ids=068SJ00001Lpcml&d=%2Fa%2FSJ00000Bqsh7%2Fz1fa7ZFlPD.SBo39DLLchrf3VFN0W2sC3p5cW_Pteo8&asPdf=false,Candys Country Critters Exotic Rescue Inc,Oklahoma,0,73098,03c1606c3a773329
73-C-0269,Class C - Exhibitor,Wynnewood,0,6021315,0,2026-08-10,8/10/2026,Candys Country Critters Exotic Rescue Inc,0,https://aphis.file.force.com/sfc/dist/version/download/?oid=00Dt0000000GyZH&ids=068SJ00001OBxgS&d=%2Fa%2FSJ00000CExJ3%2FPHN0rJ_3R0qWHKL3yvLajS4I0cvu.eSeIB8lT7aPbj4&asPdf=false,Candys Country Critters Exotic Rescue Inc,Oklahoma,0,73098,24dd0715e6c16efb
32-A-1094,Class A - Breeder,Goshen,0,6021335,0,2026-06-24,6/24/2026,Clinton Companions,0,https://aphis.file.force.com/sfc/dist/version/download/?oid=00Dt0000000GyZH&ids=068SJ00001I2z4m&d=%2Fa%2FSJ00000BHMSP%2FEsQ5wsowPLCKV7zDT99ALb8imeswJdjJxh4GbyECDmg&asPdf=false,Clinton Companions,Indiana,0,46528,35dbe201589c0b8b
21-C-0528,Class C - Exhibitor,Manorville,0,6021360,0,2026-07-08,7/8/2026,Waterdrinker LLC,0,https://aphis.file.force.com/sfc/dist/version/download/?oid=00Dt0000000GyZH&ids=068SJ00001JeyWj&d=%2Fa%2FSJ00000BWoBR%2F7bwkxDrlqOWBPdDt9WJibtb3BhEkJvsTKxxdjJP5LBI&asPdf=false,Waterdinker LLC,New York,0,11949,fdccce5b7cdb6cf3
32-A-1095,Class A - Breeder,Shipshewana,0,6021413,0,2026-06-23,6/23/2026,Thousand Hills Canine,0,https://aphis.file.force.com/sfc/dist/version/download/?oid=00Dt0000000GyZH&ids=068SJ00001HjyP7&d=%2Fa%2FSJ00000BDzk5%2Fju22gHfIhAeZiCht6fzStxCSSoevUtuyScZBe.djGBs&asPdf=false,Thousand Hills Canine,Indiana,0,46565,da8960c85b9508db
32-C-0301,Class C - Exhibitor,Muncie,0,6021494,0,2026-07-29,7/29/2026,Christopher Crigger,1,https://aphis.file.force.com/sfc/dist/version/download/?oid=00Dt0000000GyZH&ids=068SJ00001Mvq3T&d=%2Fa%2FSJ00000C35Vi%2F7.wYulDoGSpDMb0u_m7xRModHgLHk5EHRbCj6aiZyB4&asPdf=false,Christopher Crigger,Indiana,0,47304,571fd14d1b91b0c9
32-A-1102,Class A - Breeder,Millersburg,0,6021608,0,2026-06-24,6/24/2026,D and R's Kennel,1,https://aphis.file.force.com/sfc/dist/version/download/?oid=00Dt0000000GyZH&ids=068SJ00001IPYa1&d=%2Fa%2FSJ00000BKRKH%2FMZ8Um.n8RA6gbGMrF366CcXfnNoPuzGBKngy83X6AfI&asPdf=false,D and R's Kennel,Indiana,0,46543,fa04185560070903
58-B-0721,Class B - Dealer,Holiday,0,6021610,0,2026-08-24,8/24/2026,Pasco County Reptiles and Exotics LLC,0,https://aphis.file.force.com/sfc/dist/version/download/?oid=00Dt0000000GyZH&ids=068SJ00001QLP7O&d=%2Fa%2FSJ00000CXwzB%2Fm2pxtH4As8_j7KngpB5wE9dh9Bfp7wAR4gDtJuNbqiw&asPdf=false,Pasco County Reptiles and Exotics LLC,Florida,0,34691,d53df3bcf4af60c6
74-A-1597,Class A - Breeder,Gorman,0,6021688,0,2026-08-11,8/11/2026,Joshua D McOmber,1,https://aphis.file.force.com/sfc/dist/version/download/?oid=00Dt0000000GyZH&ids=068SJ00001PKycE&d=%2Fa%2FSJ00000CQCjN%2FlFbo_PWewAzniJquRB7fcA9Qd2qNXoDFj1swJ86kfOs&asPdf=false,Joshua D McOmber,Texas,0,76454,5c65e710195a43f9
74-C-1188,Class C - Exhibitor,Ector,0,6021791,0,2026-07-13,7/13/2026,Kaylee Montoya,0,https://aphis.file.force.com/sfc/dist/version/download/?oid=00Dt0000000GyZH&ids=068SJ00001KRVaA&d=%2Fa%2FSJ00000Bd1KT%2FCCLPvPX_eY5diLfuQgGLseh5wKY2rXDQ_FM4oQkOOKU&asPdf=false,Kaylee Montoya,Texas,0,75439,3a916abe6ba2b03c
32-A-1103,Class A - Breeder,St. Joe,0,6021836,0,2026-08-18,8/18/2026,Margaret Graber,0,https://aphis.file.force.com/sfc/dist/version/download/?oid=00Dt0000000GyZH&ids=068SJ00001Pe4Av&d=%2Fa%2FSJ00000CSujV%2Fuw9LdvaPxLZE4z_dDvuv093C2f8Oi60Vq2N8zW61SiY&asPdf=false,Margaret Graber,Indiana,0,46785,72fd69df8dbaf40d
93-R-0611,Class R - Research Facility,SAN DIEGO,0,6021839,0,2026-08-19,8/19/2026,Pharmalegacy Research LLC,1,https://aphis.file.force.com/sfc/dist/version/download/?oid=00Dt0000000GyZH&ids=068SJ00001Ppphz&d=%2Fa%2FSJ00000CUlx3%2F8j38GLVrvaYb9CrzG9n6oFLDIVT1NNJbsoJFLkhg73I&asPdf=false,Pharmalegacy Research LLC,California,0,92121,e849b879870f0471
32-A-1106,Class A - Breeder,New Haven,0,6021979,0,2026-08-10,8/10/2026,Matthew Eicher,0,https://aphis.file.force.com/sfc/dist/version/download/?oid=00Dt0000000GyZH&ids=068SJ00001OgCkq&d=%2Fa%2FSJ00000CJrhd%2FE0jrrX21UbjpzBQbTyS1SLCDVKomMFYg0WFvc7D3YcQ&asPdf=false,Matthew Eicher,Indiana,0,46774,0385fe449c873d85
31-A-1007,Class A - Breeder,Ashland,0,6021980,0,2026-08-06,8/6/2026,Cataristocrat Cattery LLC,0,https://aphis.file.force.com/sfc/dist/version/download/?oid=00Dt0000000GyZH&ids=068SJ00001Nlvd0&d=%2Fa%2FSJ00000CB1oH%2FP7ZggEazKLglocwiEW9TSv9AtEWy3QVTxdCDu1xt9aU&asPdf=false,Cataristocrat Cattery LLC,Ohio,0,44805,d7acbc8f52bbb3df
43-A-2530,Class A - Breeder,MARCELINE,0,6022,0,2026-06-11,6/11/2026,Kevin Harrison,0,https://aphis.file.force.com/sfc/dist/version/download/?oid=00Dt0000000GyZH&ids=068SJ00001Hfp5v&d=%2Fa%2FSJ00000BDXO1%2FOVoR5fKoSwgyqJj.yutw6see24ydjw.sIBQGB5ZQ.wY&asPdf=false,KEVIN HARRISON,Missouri,0,64658,f5f6e73bc184f4c0
43-A-6882,Class A - Breeder,Centralia,0,6022028,0,2026-08-19,8/19/2026,Ammon J Miller,0,https://aphis.file.force.com/sfc/dist/version/download/?oid=00Dt0000000GyZH&ids=068SJ00001RFS46&d=%2Fa%2FSJ00000CgcoL%2FjKmdI_ZtKaSnaRbNI7nMnoessYKT9FaTFSDhxdStmUY&asPdf=false,Ammon J Miller,Missouri,0,65240,b3f9f4169ef42d33
43-A-6881,Class A - Breeder,Seymour,0,6022075,0,2026-08-24,8/24/2026,Samuel and Elizabeth Schwartz,0,https://aphis.file.force.com/sfc/dist/version/download/?oid=00Dt0000000GyZH&ids=068SJ00001QBye8&d=%2Fa%2FSJ00000CWyOj%2FtvYpArgRcNmL.mu1dTTmRmIQ0Tsrwb9cBy1dsZ2okTc&asPdf=false,Samuel and Elizabeth Schwartz,Missouri,0,65746,3fd6a0e7e677366b
35-C-0425,Class C - Exhibitor,Berlin,0,6022078,0,2026-06-11,6/11/2026,Emma Disterhaft,0,https://aphis.file.force.com/sfc/dist/version/download/?oid=00Dt0000000GyZH&ids=068SJ00001IPwFi&d=%2Fa%2FSJ00000BKWYT%2FXE6Endz4BJGwFEI97emvKEVDqwKBzjNl0YrrLTl_CHI&asPdf=false,Emma Disterhaft,Wisconsin,0,54923,feb14674a957ddf5
35-C-0425,Class C - Exhibitor,Berlin,0,6022078,0,2026-07-21,7/21/2026,Emma Disterhaft,0,https://aphis.file.force.com/sfc/dist/version/download/?oid=00Dt0000000GyZH&ids=068SJ00001M332e&d=%2Fa%2FSJ00000BtDEP%2FTSLpXB2kg.VYgyUXxLif1VdFCgByJuGsiG1hbzLDcYM&asPdf=false,Emma Disterhaft,Wisconsin,0,54923,e7ec14da8b3ce8e7
55-C-0334,Class C - Exhibitor,Hendersonville,0,6022132,0,2026-07-22,7/22/2026,Valle Bufala LLC,0,https://aphis.file.force.com/sfc/dist/version/download/?oid=00Dt0000000GyZH&ids=068SJ00001LxOZo&d=%2Fa%2FSJ00000Bs1FJ%2FBQquXLJ2RZdlwVYPdTH4CBRuLlDz13H72aAdgQw1q9g&asPdf=false,Valle Bufala LLC,North Carolina,0,28791,f53e644a2474c297
32-B-0290,Class B - Dealer,Auburn,0,6022270,0,2026-07-13,7/13/2026,Joshua Lengacher,1,https://aphis.file.force.com/sfc/dist/version/download/?oid=00Dt0000000GyZH&ids=068SJ00001KX1O4&d=%2Fa%2FSJ00000BeImH%2FNRm6eOQzkps2Ig064KtXrnTRULXqP_zwFjN3.zkPd10&asPdf=false,Joshua Lengacher,Indiana,0,46706,5a0902db86035494
32-A-1174,Class A - Breeder,Loogootee,0,6022278,0,2026-08-03,8/3/2026,Peace Meadows Pets LLC,0,https://aphis.file.force.com/sfc/dist/version/download/?oid=00Dt0000000GyZH&ids=068SJ00001NiD2X&d=%2Fa%2FSJ00000CAQS9%2F_zbw9_YZVkT1Bm0J_9mZa7yVQWYTy7vOMU_U4db7VYU&asPdf=false,Peace Meadows Pets LLC,Indiana,0,47553,105b6aa3e448ef04
43-A-6898,Class A - Breeder,Seymour,0,6022298,0,2026-07-23,7/23/2026,Roller-Pigeon.com,0,https://aphis.file.force.com/sfc/dist/version/download/?oid=00Dt0000000GyZH&ids=068SJ00001M0fkS&d=%2Fa%2FSJ00000Bsblv%2FCyqED5wLvWY3C0b9LOTgmSPzbJe7T3gE5tlaLRqco5c&asPdf=false,Roller-Pigeon.com,Missouri,0,65746,023fd8677c85b627
31-A-1008,Class A - Breeder,Baltic,0,6022300,0,2026-07-16,7/16/2026,Blue Sky Kennel,1,https://aphis.file.force.com/sfc/dist/version/download/?oid=00Dt0000000GyZH&ids=068SJ00001LeySZ&d=%2Fa%2FSJ00000BpDzN%2FSy93nWVoyUYl35cszZbI3wq5LiQtzUvlzHOAGjb_zyo&asPdf=false,Blue Sky Kennel,Ohio,0,43804,2e9447db3553ef38
23-A-0806,Class A - Breeder,Greensburg,0,6022325,0,2026-07-14,7/14/2026,Jan Merlino,0,https://aphis.file.force.com/sfc/dist/version/download/?oid=00Dt0000000GyZH&ids=068SJ00001KbxN8&d=%2Fa%2FSJ00000BepBx%2FTdcZp8h.sEOTMgdxFWku08s9jjlWjwlPKuJKkgCz_HM&asPdf=false,Jan Merlino,Pennsylvania,0,15601,4142f087772b3782
34-C-0437,Class C - Exhibitor,Utica,0,602235,0,2026-07-06,7/6/2026,"The Reptarium, LLC",0,https://aphis.file.force.com/sfc/dist/version/download/?oid=00Dt0000000GyZH&ids=068SJ00001KKWfl&d=%2Fa%2FSJ00000BbwDB%2F0kCr5l5TBjjBIEZVvGev3l2wqD.tWntUOaQVd4PReuw&asPdf=false,"The Reptarium, LLC",Michigan,0,48317,e35ddb8116f7a5d4
42-T-0096,Class T - Carrier,Steamboat Rock,0,6022366,0,2026-08-19,8/19/2026,Todd Bilharz,2,https://aphis.file.force.com/sfc/dist/version/download/?oid=00Dt0000000GyZH&ids=068SJ00001Q5h1o&d=%2Fa%2FSJ00000CWOpt%2Fz7_693cUWfrYdOjrnSlUD27.a6ydRoyC8.VagDZnByo&asPdf=false,Todd Bilharz,Iowa,0,50672,dc98d21b5b425f93
74-B-0836,Class B - Dealer,Mingus,0,602251,0,2026-08-10,8/10/2026,Michael Joseph Hendrick,0,https://aphis.file.force.com/sfc/dist/version/download/?oid=00Dt0000000GyZH&ids=068SJ00001OGytA&d=%2Fa%2FSJ00000CFQph%2FSkrTY.dS0oIPljJsmzFCK70jHhr1Ytwq8qK_WJkWALY&asPdf=false,Michael Joseph Hendrick,Texas,0,76473,3c61b50d5e733e60
34-C-0457,Class C - Exhibitor,Mancelona,0,6022514,0,2026-07-07,7/7/2026,Hungry Ducks Adventure Farm,0,https://aphis.file.force.com/sfc/dist/version/download/?oid=00Dt0000000GyZH&ids=068SJ00001JTxFt&d=%2Fa%2FSJ00000BVKCD%2FMRgA4vXY11QmxFtFLsbeoOtkdtTk2zRo4GPkSkfkSck&asPdf=false,Hungry Ducks Adventure Farm,Michigan,0,49659,3eb0998690d3f0da
91-A-0146,Class A - Breeder,Sedro Woolley,0,602255,0,2026-06-24,6/24/2026,Puget Sound Doodles LLC,0,https://aphis.file.force.com/sfc/dist/version/download/?oid=00Dt0000000GyZH&ids=068SJ00001HsC57&d=%2Fa%2FSJ00000BFcWT%2Fij2Acox_nlel5W.5FyQnQ77u2pefc7kfrV9V9AHiqOM&asPdf=false,Puget Sound Doodles LLC,Washington,0,98284,8993bdb719f2b396
32-A-0859,Class A - Breeder,Topeka,0,602256,0,2026-06-23,6/23/2026,Steven Bontrager,1,https://aphis.file.force.com/sfc/dist/version/download/?oid=00Dt0000000GyZH&ids=068SJ00001HzUGg&d=%2Fa%2FSJ00000BGTm5%2FFLNv1KCvPMU9TE1EDM_aLCM2a1AR0u_Bv0p0kIv.9Tc&asPdf=false,Steven Bontrager,Indiana,0,46571,33bf665297b92f81
34-C-0455,Class C - Exhibitor,Canton,0,6022568,0,2026-07-07,7/7/2026,Amanda Mazloum,0,https://aphis.file.force.com/sfc/dist/version/download/?oid=00Dt0000000GyZH&ids=068SJ00001JxLmo&d=%2Fa%2FSJ00000BZjAP%2FBIkGB4D.kSnlTDau6MTCa6ivBrln.Bl1dDaesLqAjN0&asPdf=false,Amanda Mazloum,Michigan,0,48188,2fbb7f82f93fc566
32-A-1129,Class A - Breeder,New Haven,0,6022586,0,2026-06-30,6/30/2026,Jonathon Wickey,1,https://aphis.file.force.com/sfc/dist/version/download/?oid=00Dt0000000GyZH&ids=068SJ00001ItRxy&d=%2Fa%2FSJ00000BPhD7%2FJGy9FV7drswvA59kPC_6q0CSiGWdoVssnjft7hs3vvg&asPdf=false,Jonathon Wickey,Indiana,0,46774,b4317e7771c237fc
43-A-6550,Class A - Breeder,Galena,0,602260,0,2026-06-17,6/17/2026,Caleb McCrorey,0,https://aphis.file.force.com/sfc/dist/version/download/?oid=00Dt0000000GyZH&ids=068SJ00001H5E3Y&d=%2Fa%2FSJ00000B7qbS%2FrEI7DVsDTPRtXszbkDI4_leAQPwXkGsFEH25jN.6ojE&asPdf=false,Caleb McCrorey,Missouri,0,65656,3c9f3ed285dced86
45-C-0066,Class C - Exhibitor,Lisbon,0,6022600,0,2026-06-16,6/16/2026,Joshua Edwards,0,https://aphis.file.force.com/sfc/dist/version/download/?oid=00Dt0000000GyZH&ids=068SJ00001GokKp&d=%2Fa%2FSJ00000B57dd%2F6kZf47n2rLVA8nqrkJVEvYtQex1FPkSiAFcZR5c6Ck4&asPdf=false,Joshua Edwards,North Dakota,0,58504,d793a87f62b9d4da
64-C-0261,Class C - Exhibitor,Andalusia,0,6022631,0,2026-06-16,6/16/2026,Andalusia Animal Adventures,0,https://aphis.file.force.com/sfc/dist/version/download/?oid=00Dt0000000GyZH&ids=068SJ00001GujSa&d=%2Fa%2FSJ00000B682z%2FDlHruoaSDZUzRRDpLPWIA08ut9IPkMLZtQanHK_LJrQ&asPdf=false,Andalusia Animal Adventures,Alabama,0,36420,6cb51777c6d3844c
42-C-0255,Class C - Exhibitor,Muscatine,0,6022649,0,2026-08-20,8/20/2026,Muscatine County Conservation Board,0,https://aphis.file.force.com/sfc/dist/version/download/?oid=00Dt0000000GyZH&ids=068SJ00001PnvzB&d=%2Fa%2FSJ00000CUKX4%2FXfI_UJ46a_OYCcd0p6yM1lOOK0GI3MTFFGeOfJvnTQA&asPdf=false,Muscatine County Conservation Board,Iowa,0,52761,7aedc751e46c9bb6
43-A-6888,Class A - Breeder,Laplata,0,6022652,0,2026-08-14,8/14/2026,Rudy N Schwartz,0,https://aphis.file.force.com/sfc/dist/version/download/?oid=00Dt0000000GyZH&ids=068SJ00001Ps83L&d=%2Fa%2FSJ00000CV8aH%2FoGQew66V.kqfaqHLNx8dP_aRshAnfrSpoYj6BQrohRU&asPdf=false,Rudy N Schwartz,Missouri,0,63549,33f93cd6f3e5e2a6
23-B-0251,Class B - Dealer,King of Prussia,0,6022665,0,2026-08-11,8/11/2026,Franklin BioLabs,0,https://aphis.file.force.com/sfc/dist/version/download/?oid=00Dt0000000GyZH&ids=068SJ00001OnYFD&d=%2Fa%2FSJ00000CL12D%2F9WOdrPMO6gU3Cn34vboQZkPOMa4PtO4hMaQYAe46_nA&asPdf=false,Franklin BioLabs,Pennsylvania,0,19406,350f66a82a699ae2
23-R-0192,Class R - Research Facility,King of Prussia,0,6022665,0,2026-08-11,8/11/2026,Franklin BioLabs,0,https://aphis.file.force.com/sfc/dist/version/download/?oid=00Dt0000000GyZH&ids=068SJ00001OltZY&d=%2Fa%2FSJ00000CL1LZ%2F8ij0TVkCzPDMxHsLgKpRpR7dzo0f1uUkBYZzA90GBvQ&asPdf=false,Franklin Biolaboratories,Pennsylvania,0,19406,aff565dba7ebcd92
41-B-0289,Class B - Dealer,New Brighton,0,6022731,0,2026-08-17,8/17/2026,"Harvard Bioscience, Inc",0,https://aphis.file.force.com/sfc/dist/version/download/?oid=00Dt0000000GyZH&ids=068SJ00001P80Lv&d=%2Fa%2FSJ00000CO3vZ%2FM4CK5Qeev76S9zYETJ24gpCIcKa4L2NnZJzg.n5089o&asPdf=false,"Harvard Bioscience, Inc",Minnesota,0,55112,7fe9ea59305217e8
41-R-0097,Class R - Research Facility,New Brighton,0,6022731,0,2026-08-17,8/17/2026,"Harvard Bioscience, Inc",0,https://aphis.file.force.com/sfc/dist/version/download/?oid=00Dt0000000GyZH&ids=068SJ00001P88ht&d=%2Fa%2FSJ00000CO6bd%2FvT7fSuI9NB09x9WNFUCWIqzPtZujyyvPGV1ggeiWb98&asPdf=false,"Harvard Bioscience, Inc.",Minnesota,0,55112,21adf332f5934b55
73-A-2880,Class A - Breeder,Coalgate,0,6022746,0,2026-08-18,8/18/2026,"Konnor, Kanzadah, Robert Chiles and Donna Shores",0,https://aphis.file.force.com/sfc/dist/version/download/?oid=00Dt0000000GyZH&ids=068SJ00001PHfPq&d=%2Fa%2FSJ00000CPg0L%2FOKw7gya84aFzBYcJejbrybDOJ6Gagvg.1soySMjHZtE&asPdf=false,"Konnor, Kanzadah, Robert Chiles and Donna Shores",Oklahoma,0,74538,4558c96817bb7379
74-B-0837,Class B - Dealer,Richland HIlls,0,6022748,0,2026-08-07,8/7/2026,Tyler L Montgomery,2,https://aphis.file.force.com/sfc/dist/version/download/?oid=00Dt0000000GyZH&ids=068SJ00001Nvvnd&d=%2Fa%2FSJ00000CCo29%2FjvYGIZnpCnDffAeCokojZlOPrbWs5Mo2f7AolpmYdUo&asPdf=false,Tyler L Montgomery,Texas,0,76118,4f739d2baeb51a16
63-C-0322,Class C - Exhibitor,Springfield,0,6022821,0,2026-08-24,8/24/2026,Krazy W Farm,1,https://aphis.file.force.com/sfc/dist/version/download/?oid=00Dt0000000GyZH&ids=068SJ00001QhH7z&d=%2Fa%2FSJ00000CbMfN%2FdiUl5OzGdhxVpZnMukZg0IMj2zJbtNVD8mwDEz5coh4&asPdf=false,Krazy W Farm,Tennessee,0,37172,73258f152e1db8f1
32-A-1130,Class A - Breeder,Topeka,0,6022837,0,2026-06-24,6/24/2026,Maynard and Christina Miller,0,https://aphis.file.force.com/sfc/dist/version/download/?oid=00Dt0000000GyZH&ids=068SJ00001HzdYW&d=%2Fa%2FSJ00000BGVBB%2F62mfb4LgZfpTgROYiKSW9lSIXi55oMXHDZINPXQOGds&asPdf=false,Maynard and Christina Miller,Indiana,0,46571,d95c840307d57c65
87-C-0083,Class C - Exhibitor,Grantsville,1,6022871,0,2026-07-13,7/13/2026,Stacey Newman,4,https://aphis.file.force.com/sfc/dist/version/download/?oid=00Dt0000000GyZH&ids=068SJ00001KzOxe&d=%2Fa%2FSJ00000BioFh%2FP0gh3oIt2WbDtmWLeL_.5TuJ1ZCg8sH1MhrwEgLNlKI&asPdf=false,Stacey Newman,Utah,0,84029,249f0a1e851a43c0
33-A-0637,Class A - Breeder,Carbondale,0,6022873,0,2026-06-16,6/16/2026,Mahlon Miller,0,https://aphis.file.force.com/sfc/dist/version/download/?oid=00Dt0000000GyZH&ids=068SJ00001H6FFB&d=%2Fa%2FSJ00000B7xOP%2F4G0JN3mK7jGpIZx6ALppns9fyZJPmNLEtRw_k6inIUs&asPdf=false,Mahlon Miller,Illinois,0,62903,c793cf77fd348611
73-C-0271,Class C - Exhibitor,Newcastle,0,6022874,0,2026-08-04,8/4/2026,Raegan Walkup,0,https://aphis.file.force.com/sfc/dist/version/download/?oid=00Dt0000000GyZH&ids=068SJ00001NaI7H&d=%2Fa%2FSJ00000C9Qvd%2FHo_FhH6VEPb5xqTerjSZxStVNa8M71RM_Z5iDb8pVEI&asPdf=false,Raegan Walkup,Oklahoma,0,73065,1db55971b2fb9029
43-A-6945,Class A - Breeder,Bolivar,0,6022876,0,2026-07-09,7/9/2026,Kara Nelson,0,https://aphis.file.force.com/sfc/dist/version/download/?oid=00Dt0000000GyZH&ids=068SJ00001JvmPc&d=%2Fa%2FSJ00000BZEJV%2Fb5bsVwFqXN3YJasp06p9Gznl1i5X9OFxsy92ioXbkCY&asPdf=false,Kara Nelson,Missouri,0,65613,c2ba23a0aadbae8f
93-B-0265,Class B - Dealer,Ramona,0,6022895,0,2026-07-21,7/21/2026,Prime Bio Solutions,0,https://aphis.file.force.com/sfc/dist/version/download/?oid=00Dt0000000GyZH&ids=068SJ00001LelZv&d=%2Fa%2FSJ00000BoxBR%2FVoyfPr8MkbNXgA40YJDomhcf_kLzVSBPii2xTQdAqdw&asPdf=false,Prime Bio Solutions,California,0,92065,93a1db32a5295e85
93-R-0616,Class R - Research Facility,RAMONA,0,6022895,0,2026-07-21,7/21/2026,Prime Bio Solutions,1,https://aphis.file.force.com/sfc/dist/version/download/?oid=00Dt0000000GyZH&ids=068SJ00001LkRAO&d=%2Fa%2FSJ00000BptP7%2F5EuD1LbH9JrIacTi61O2K3UwoRuAM2KtXQ7YG1.irWg&asPdf=false,Prime Bio Solutions,California,0,92065,309ee26d804eb285
58-B-0729,Class B - Dealer,Perry,1,6023022,0,2026-07-27,7/27/2026,"D&J Exotic Animals, LLC",0,https://aphis.file.force.com/sfc/dist/version/download/?oid=00Dt0000000GyZH&ids=068SJ00001McwNp&d=%2Fa%2FSJ00000Bzgwr%2Fvw67LpFY7pl_.p4RY1iqrhwG4MdnSA4QoEUajFK.eBY&asPdf=false,Danny Delaney,Florida,0,32347,683d1d1c9a02107b
74-R-0251,Class R - Research Facility,WILLISTON,0,6023026,0,2026-08-19,8/19/2026,RiverOne LLC,0,https://aphis.file.force.com/sfc/dist/version/download/?oid=00Dt0000000GyZH&ids=068SJ00001PeuMb&d=%2Fa%2FSJ00000CTETh%2FAqChdvGc_Gr7oICe5EbnX5oXl5z0Ev5KUCdUJNoRNew&asPdf=false,RiverOne LLC- Florida,Florida,0,32696,b86dd42f199bf8e7
32-A-1128,Class A - Breeder,Wakarusa,0,6023063,0,2026-07-21,7/21/2026,Wanee Puppy Tales LLC,0,https://aphis.file.force.com/sfc/dist/version/download/?oid=00Dt0000000GyZH&ids=068SJ00001LX2Ms&d=%2Fa%2FSJ00000Bnv0P%2FX56Z2aXiWVysur25Al.o6ObAzojA8_bEDyj1_82QJ_c&asPdf=false,Wanee Puppy Tales LLC,Indiana,0,46573,633d2c32632aaa9c
94-R-0117,Class R - Research Facility,Gurabo,0,6023151,0,2026-08-17,8/17/2026,Ana G. Mendez University System,2,https://aphis.file.force.com/sfc/dist/version/download/?oid=00Dt0000000GyZH&ids=068SJ00001RheWq&d=%2Fa%2FSJ00000CknYH%2FmyN5aQ2umMRu9yrDkN1lb9EEHgmXfZb_c0ycyR93LWE&asPdf=false,School of Veterinary Medicine,Puerto Rico,0,00778,1a28dbcad3a7405a
93-R-0612,Class R - Research Facility,San Diego,0,6023155,0,2026-07-16,7/16/2026,"ClearPoint Neuro, Inc.",0,https://aphis.file.force.com/sfc/dist/version/download/?oid=00Dt0000000GyZH&ids=068SJ00001L0Qdt&d=%2Fa%2FSJ00000BiitR%2F7rgemL.cgWeXlVJ9NDOfXCN0qQgX1THlIwa8NpcmFNM&asPdf=false,ClearPoint Advanced Laboratories,California,0,92121,d3dc346a283a568f
35-A-0547,Class A - Breeder,Throp,0,6023203,0,2026-07-16,7/16/2026,David E Zimmerman,0,https://aphis.file.force.com/sfc/dist/version/download/?oid=00Dt0000000GyZH&ids=068SJ00001LLdUq&d=%2Fa%2FSJ00000Bm1eb%2FTE0hD.zAeSBkm5UBjL4oSPqAZwNJl__K79ucdUKdXa4&asPdf=false,David E Zimmerman,Wisconsin,0,54771,95beb77f13d923db
71-R-0100,Class R - Research Facility,LITTLE ROCK,0,6023204,0,2026-07-15,7/15/2026,Arkansas Children's Research Institute,0,https://aphis.file.force.com/sfc/dist/version/download/?oid=00Dt0000000GyZH&ids=068SJ00001L0xes&d=%2Fa%2FSJ00000BiwLJ%2FhJA4SfbDgyVRdGizt53nCtqvG_6legnJ3CDn3UTkaNo&asPdf=false,ARK CHILDREN'S HOSP.RES.INSTITUTE,Arkansas,0,72202,0e5b3b7d19a60021
63-C-0317,Class C - Exhibitor,Pigeon Forge,0,6023206,0,2026-07-30,7/30/2026,Three Bears General Store,0,https://aphis.file.force.com/sfc/dist/version/download/?oid=00Dt0000000GyZH&ids=068SJ00001MsdaM&d=%2Fa%2FSJ00000C2D3t%2FSiApHVX6lyGB5pyUj_xYo0JCrdRELo6k4o9gAx5sdXI&asPdf=false,Three Bears General Store,Tennessee,0,37863,4df1501b07dc743b
21-B-0217,Class B - Dealer,Marathon,0,6023247,0,2026-08-19,8/19/2026,Hitham Al-Alaweyat,0,https://aphis.file.force.com/sfc/dist/version/download/?oid=00Dt0000000GyZH&ids=068SJ00001Pg6ep&d=%2Fa%2FSJ00000CTNQX%2FHELyVqJkINs2OJ8GTsuf6.lxfrSslHa8OLZrJcmy4K8&asPdf=false,Hitham Al-Alaweyat,New York,0,13803,09495ca53751546d
42-A-1733,Class A - Breeder,Bloomfield,0,6023256,0,2026-08-27,8/27/2026,Orlie Yoder,0,https://aphis.file.force.com/sfc/dist/version/download/?oid=00Dt0000000GyZH&ids=068SJ00001Qrcay&d=%2Fa%2FSJ00000Cd5Qk%2F7URQ_wK_fn7RI1nBg9fgL.ITy4OSoYVAzyPvN1tt918&asPdf=false,Orlie Yoder,Iowa,0,52537,e66a3fd0e7ebd13b
58-C-1353,Class C - Exhibitor,St. Petersburg,0,6023263,0,2026-08-27,8/27/2026,Gallagher's Pumpkins & Christmas Trees,0,https://aphis.file.force.com/sfc/dist/version/download/?oid=00Dt0000000GyZH&ids=068SJ00001QlJfj&d=%2Fa%2FSJ00000Cc5qz%2F2dU9DXjYJgGTYqPtJtkGlhzeGKM0nnpwD2YfxwV9Hmo&asPdf=false,Gallagher's Pumpkins & Christmas Trees,Florida,0,33704,3cc80e6b536ca833
91-B-0116,Class B - Dealer,Vancouver,0,6023275,0,2026-07-30,7/30/2026,Bark and Co LLC,0,https://aphis.file.force.com/sfc/dist/version/download/?oid=00Dt0000000GyZH&ids=068SJ00001MtilA&d=%2Fa%2FSJ00000C2bRB%2FtvcG_AGf7c_jNKAJWZ8ybU_BjgEUXLvaozKE_x1Mddc&asPdf=false,Bark and Co LLC,Washington,0,98683,17d6a9797e76604f
22-R-0036,Class R - Research Facility,WEST POINT,0,6023276,0,2026-06-23,6/23/2026,Merck Sharp and Dohme LLC,0,https://aphis.file.force.com/sfc/dist/version/download/?oid=00Dt0000000GyZH&ids=068SJ00001I0Uo2&d=%2Fa%2FSJ00000BGf5h%2FdqHZsclm_cSTAL.K6Uo7RTZzeZ.hyL7_x83wR_RSDFY&asPdf=false,MERCK SHARP & DOHME CORP,Pennsylvania,0,19486,bc9ad1d7273c777d
65-C-0584,Class C - Exhibitor,Perkinston,0,6023279,0,2026-06-10,6/10/2026,Gulf Coast Primate Sanctuary,0,https://aphis.file.force.com/sfc/dist/version/download/?oid=00Dt0000000GyZH&ids=068SJ00001Gg3iv&d=%2Fa%2FSJ00000B3MVV%2FGJAJYJjQ3WHo82ijWn3tkfozA1buVGU7eByidrZKrs0&asPdf=false,Gulf Coast Primate Sanctuary,Mississippi,0,39573,92e4399ab8d9a4cf
93-R-0489,Class R - Research Facility,LOS ANGELES,0,6023330,0,2026-08-11,8/11/2026,Grifols Biologicals LLC,0,https://aphis.file.force.com/sfc/dist/version/download/?oid=00Dt0000000GyZH&ids=068SJ00001OODZ1&d=%2Fa%2FSJ00000CGyhF%2F4jcSATkoQNnI8yWrsyoin8GqpnYj2dMreZPKcN11mO8&asPdf=false,GRIFOLS BIOLOGICALS LLC,California,0,90032,2c05e79bcef16785
31-B-0242,Class B - Dealer,Morrow,0,6023407,0,2026-06-16,6/16/2026,Jennifer Martin,4,https://aphis.file.force.com/sfc/dist/version/download/?oid=00Dt0000000GyZH&ids=068SJ00001I3jiT&d=%2Fa%2FSJ00000BHRwj%2FEiQcjBSADplNnpeGbfpZyPMUlt6Ai16vIYb1NyAbNcI&asPdf=false,Jennifer Martin,Ohio,0,45152,b7fdc581c811bf6f
31-A-1032,Class A - Breeder,MONTPELIER,0,6023502,0,2026-07-14,7/14/2026,Harvey S Wagler,0,https://aphis.file.force.com/sfc/dist/version/download/?oid=00Dt0000000GyZH&ids=068SJ00001KWeA3&d=%2Fa%2FSJ00000BeIuL%2FFOZU_1MR7szqJAXn5zMxrWgMwtx26j2sksSEd6BxNOQ&asPdf=false,Harvey S Wagler,Ohio,0,43543,eaa132b6bac28d16
32-A-1132,Class A - Breeder,Goshen,0,6023585,0,2026-06-25,6/25/2026,Legend Bullz,0,https://aphis.file.force.com/sfc/dist/version/download/?oid=00Dt0000000GyZH&ids=068SJ00001I34gy&d=%2Fa%2FSJ00000BHM0z%2Fi1XPJrxnIksH_uXvrlXgZJ3ihVg6ZweQyOXDpOZpZa4&asPdf=false,Legend Bullz,Indiana,0,46528,bd3c83fe19766037
86-C-0139,Class C - Exhibitor,Huachuca City,0,6023621,0,2026-06-29,6/29/2026,A Chance For Life Farm Animal Sanctuary,0,https://aphis.file.force.com/sfc/dist/version/download/?oid=00Dt0000000GyZH&ids=068SJ00001IaUrI&d=%2Fa%2FSJ00000BMYpV%2FZixWsi_l4PhxNoPDNEIshd_W1SsNx3PDLjx1mWL.UmM&asPdf=false,Peggy’s Peacock Palace,Arizona,0,85616,03aa5bf7b6704ed0
32-A-1136,Class A - Breeder,Ligonier,0,6023630,0,2026-08-20,8/20/2026,Caring Paws LLC,0,https://aphis.file.force.com/sfc/dist/version/download/?oid=00Dt0000000GyZH&ids=068SJ00001PfRrv&d=%2Fa%2FSJ00000CTEf0%2Fip16x_TwJZPyazrZS0FNwfhZ.e4o_o0NvRLyDsQGu_w&asPdf=false,Caring Paws LLC,Indiana,0,46767,0400304ba16f1c61
43-A-6908,Class A - Breeder,Marshfield,0,6023681,0,2026-07-21,7/21/2026,Hilltop Kennel LLC,0,https://aphis.file.force.com/sfc/dist/version/download/?oid=00Dt0000000GyZH&ids=068SJ00001LzDgh&d=%2Fa%2FSJ00000BsPZN%2FGr4goFP3cvzt5hT.2psHv61kKN8AEc3mrIX7oHKpbqY&asPdf=false,Hilltop Kennel LLC,Missouri,0,65706,e6d916760d62dfe0
87-C-0085,Class C - Exhibitor,Layton,0,6023685,0,2026-08-25,8/25/2026,Layton Aquarium & Wildlife Encounters LLC,0,https://aphis.file.force.com/sfc/dist/version/download/?oid=00Dt0000000GyZH&ids=068SJ00001QSb25&d=%2Fa%2FSJ00000CZM1x%2Fj40KGL3Qj_2UH_Gsyf6mH9cw3PFW398IX2y2pTQOJl8&asPdf=false,Layton Aquarium & Wildlife Encounters LLC,Utah,0,84041,3cb12220ea961e82
93-C-1210,Class C - Exhibitor,Folsom,0,6023698,0,2026-07-15,7/15/2026,NorCal Aquarium & Wildlife Adventures LLC,0,https://aphis.file.force.com/sfc/dist/version/download/?oid=00Dt0000000GyZH&ids=068SJ00001Nrzxb&d=%2Fa%2FSJ00000CC9AH%2FGMN5Erujr.UM9eQ8.MsWtiWwBkotZ9tiOzKZgehskgU&asPdf=false,NorCal Aquarium & Wildlife Adventures LLC,California,0,95630,e208336f5197edd6
92-R-0044,Class R - Research Facility,Monmouth,0,6023702,0,2026-06-30,6/30/2026,Western Oregon University,0,https://aphis.file.force.com/sfc/dist/version/download/?oid=00Dt0000000GyZH&ids=068SJ00001Ibm9J&d=%2Fa%2FSJ00000BMgWv%2FPxbCMLXeC75IKLjAipyx52g1YyCwAD_LyB.gvT9OdSE&asPdf=false,Western Oregon University,Oregon,0,97361,b5fdb747493cd65d
32-A-1135,Class A - Breeder,Loogootee,0,6023722,0,2026-07-01,7/1/2026,Steven A Graber,0,https://aphis.file.force.com/sfc/dist/version/download/?oid=00Dt0000000GyZH&ids=068SJ00001IwrxA&d=%2Fa%2FSJ00000BQNkD%2FK_nOeDHumm3x9fzQU_Uhot2wHC9ET3y7fjUoYRcrpZc&asPdf=false,Steven A Graber,Indiana,0,47553,687018dd39e6ac52
43-A-6903,Class A - Breeder,Bethany,0,6023742,0,2026-08-18,8/18/2026,David J Troyer,0,https://aphis.file.force.com/sfc/dist/version/download/?oid=00Dt0000000GyZH&ids=068SJ00001Pl5zr&d=%2Fa%2FSJ00000CTvs1%2F4BBtag7sX2DxtDoqoh_lNlrij8OtAV.L3UwWZjCZvaI&asPdf=false,David J Troyer,Missouri,0,64424,ab683a056afcf170
88-C-0229,Class C - Exhibitor,Las Vegas,0,6023757,0,2026-07-16,7/16/2026,BLVD Aquarium LLC,0,https://aphis.file.force.com/sfc/dist/version/download/?oid=00Dt0000000GyZH&ids=068SJ00001L0Cw6&d=%2Fa%2FSJ00000Bimqe%2FZckv91bzHF1tsy3M24KZBgk0haPj1RHUW8CIftBIUb0&asPdf=false,BLVD Aquarium LLC,Nevada,0,89169,d13c7bb36139f82b
32-A-1138,Class A - Breeder,Loogootee,0,6023777,0,2026-06-15,6/15/2026,Circle Drive Pets LLC,0,https://aphis.file.force.com/sfc/dist/version/download/?oid=00Dt0000000GyZH&ids=068SJ00001GjTNj&d=%2Fa%2FSJ00000B3kw1%2FvlMMz07CizlXs.ZJq1PkGiM0RuXWrVZKORhN32Mdo0c&asPdf=false,Circle Drive Pets LLC,Indiana,0,47553,a23ccfabd38b1aff
67-R-0007,Class R - Research Facility,Crawford,0,6023789,0,2026-07-16,7/16/2026,"SanusBio Research, LLC",2,https://aphis.file.force.com/sfc/dist/version/download/?oid=00Dt0000000GyZH&ids=068SJ00001LThcz&d=%2Fa%2FSJ00000BnAXl%2FjpMpMyGju1iTfW2zbes6r2MIFHDZ2LvFMV783eq0l7s&asPdf=false,SanusBio Research LLC,Georgia,0,30630,76968763bcdb4af5
43-A-6905,Class A - Breeder,Stoutland,0,6023832,0,2026-06-22,6/22/2026,Amanda Rogers,0,https://aphis.file.force.com/sfc/dist/version/download/?oid=00Dt0000000GyZH&ids=068SJ00001HbHXS&d=%2Fa%2FSJ00000BCKcX%2FHS56C6ehxRg_pLP9ZjT2fER7ol2FgO9bEo_BfSZrlcw&asPdf=false,Amanda Rogers,Missouri,0,65567,8c0ece995a22ad12
74-R-0252,Class R - Research Facility,FORT WORTH,0,6023845,0,2026-06-11,6/11/2026,BioStone Animal Health LLC,3,https://aphis.file.force.com/sfc/dist/version/download/?oid=00Dt0000000GyZH&ids=068SJ00001GgH7h&d=%2Fa%2FSJ00000B3RQL%2F.0iM1R1N840Du1EEqVgnAfzdrSdD8T9DYgqDe5ov7F4&asPdf=false,BioStone Animal Health,Texas,0,76140,9343e1498803e8e2
58-R-0177,Class R - Research Facility,Tampa,1,6023926,0,2026-07-28,7/28/2026,H. Lee Moffitt Cancer Center & Research Institute Comparative Medicine Core,1,https://aphis.file.force.com/sfc/dist/version/download/?oid=00Dt0000000GyZH&ids=068SJ00001NGxrB&d=%2Fa%2FSJ00000C6E2z%2FJXw5QFkUXJjxpUhoCic31QbaMXeRu.DSnGZRoj3tvBw&asPdf=false,H. Lee Moffitt Cancer Center & Research Institute,Florida,0,33612,9d92a4fd077e7ac6
58-C-1324,Class C - Exhibitor,Quincy,0,6023947,0,2026-08-12,8/12/2026,Abbie Hurst,1,https://aphis.file.force.com/sfc/dist/version/download/?oid=00Dt0000000GyZH&ids=068SJ00001Odcwt&d=%2Fa%2FSJ00000CJKVZ%2FD6Gs.umeUN_sCWz4G40UAv.XQKHZo1CziQPNccSPCQM&asPdf=false,Abbie Hurst,Florida,0,32351,107ca0b188481d8f
58-C-1328,Class C - Exhibitor,Lithia,0,6023971,0,2026-07-23,7/23/2026,"Kindred Hearts Animal Rescue and Sanctuary, Inc",0,https://aphis.file.force.com/sfc/dist/version/download/?oid=00Dt0000000GyZH&ids=068SJ00001Lx0PK&d=%2Fa%2FSJ00000Bs06L%2F9RUuPLbuISExPFcegpVKCvbEIbGM.2ygDJsc0A_CR3M&asPdf=false,"Kindred Hearts Animal Rescue & Sanctuary, Inc.",Florida,0,33547,6887c1e6d73bd256
73-B-1898,Class B - Dealer,Cleveland,0,6023972,0,2026-07-08,7/8/2026,Keystone Waterfowl & Exotics LLC,0,https://aphis.file.force.com/sfc/dist/version/download/?oid=00Dt0000000GyZH&ids=068SJ00001Jd9Cy&d=%2Fa%2FSJ00000BWW85%2F80wM8NmzwycPV.S7.pcxVRWUUW5.Tzi8wFeNLUz6tRc&asPdf=false,Keystone Waterfowl & Exotics LLC,Oklahoma,0,74020,1d503fc951d590cf
34-C-0458,Class C - Exhibitor,Daggett,0,6024099,0,2026-07-27,7/27/2026,Eric Tickler,0,https://aphis.file.force.com/sfc/dist/version/download/?oid=00Dt0000000GyZH&ids=068SJ00001MxkRY&d=%2Fa%2FSJ00000C3UYv%2F_woCrLgpEpg9d2B2B64eueAsUd6C1qFSlWGvACowRBg&asPdf=false,Eric Tickler,Michigan,0,49821,0cbe1616d929daae
35-A-0543,Class A - Breeder,Hillsboro,0,6024285,0,2026-08-11,8/11/2026,Reuben Bontrager,0,https://aphis.file.force.com/sfc/dist/version/download/?oid=00Dt0000000GyZH&ids=068SJ00001OMmhB&d=%2Fa%2FSJ00000CGTAT%2FMwwVbabQdnxsftorhRndazzCy6ZWh0pbiWVzhPivFlM&asPdf=false,Reuben Bontrager,Wisconsin,0,54634,c9fa8e2f50293824
58-C-1322,Class C - Exhibitor,Arcadia,0,6024362,0,2026-07-20,7/20/2026,Salvatore Santuario LLC,1,https://aphis.file.force.com/sfc/dist/version/download/?oid=00Dt0000000GyZH&ids=068SJ00001LeUe7&d=%2Fa%2FSJ00000Bp3AP%2FRt.0z0PT5qAYkdVVg0BgRqOPNln.6q2uBU7FuOqBG18&asPdf=false,Salvatore Santuario LLC,Florida,0,34266,d0e3404d96eb75b3
58-C-1322,Class C - Exhibitor,Arcadia,0,6024362,0,2026-07-31,7/31/2026,Salvatore Santuario LLC,0,https://aphis.file.force.com/sfc/dist/version/download/?oid=00Dt0000000GyZH&ids=068SJ00001NFuPT&d=%2Fa%2FSJ00000C6Caf%2FXrqjb6feRdIl3Qm3DklR5dbRbqz8SATCFEc_Xc8MIAI&asPdf=false,Salvatore Santuario LLC,Florida,0,34266,9d6376f1469d4254
54-C-0136,Class C - Exhibitor,Kingwood,0,6024448,0,2026-07-29,7/29/2026,Hovatter's Wildlife Zoo,0,https://aphis.file.force.com/sfc/dist/version/download/?oid=00Dt0000000GyZH&ids=068SJ00001MlQLR&d=%2Fa%2FSJ00000C13cr%2FTCBE10UU9g0L24gnhlaCR4x5vfiU.Lvg4DByH.XeTTk&asPdf=false,Hovatters Wildlife Zoo,West Virginia,0,26537,2f8a0c6fe340e3b9
32-C-0303,Class C - Exhibitor,Tell City,0,6024554,0,2026-08-18,8/18/2026,Robert Foust,0,https://aphis.file.force.com/sfc/dist/version/download/?oid=00Dt0000000GyZH&ids=068SJ00001PJ7tL&d=%2Fa%2FSJ00000CPsUX%2FoQAkGbAUqBKcT.N_wHCP0Z8MVby4y4d5pEg4sw89duw&asPdf=false,Robert Foust,Indiana,0,47586,e0fb796a8c854d96
71-B-0227,Class B - Dealer,Gentry,0,6024681,0,2026-08-12,8/12/2026,"Good Morning, Sunshine, LLC",0,https://aphis.file.force.com/sfc/dist/version/download/?oid=00Dt0000000GyZH&ids=068SJ00001Ocj4N&d=%2Fa%2FSJ00000CJBvJ%2FWmAdhZ3gULYfQHFvpi1_xRsWXQbfsU2wVv7vQ7RPakw&asPdf=false,"Good Morning, Sunshine, LLC",Arkansas,0,72734,8de779fafa1a6f1a
96-R-0010,Class R - Research Facility,Sitka,0,6024719,0,2026-07-29,7/29/2026,Sitka Sound Science Center,0,https://aphis.file.force.com/sfc/dist/version/download/?oid=00Dt0000000GyZH&ids=068SJ00001MePCP&d=%2Fa%2FSJ00000BzrNd%2FUrUdbWXV3uodEJQIpE1QhFdLrfGj.WexJ20R9H79w9I&asPdf=false,Sitka Sound Science Center,Alaska,0,99835,3f835e6e0cf25dfa
31-A-1024,Class A - Breeder,Shreve,0,6024742,1,2026-07-07,7/7/2026,Kyle Hoover,1,https://aphis.file.force.com/sfc/dist/version/download/?oid=00Dt0000000GyZH&ids=068SJ00001JeuRk&d=%2Fa%2FSJ00000BWrIz%2FMHvIhRekRhmzU3aaEU6fO7h_EzGy6FTPbcfc4PI5K3k&asPdf=false,Kyle Hoover,Ohio,0,44676,318e4754fd5d8d0e
31-A-1024,Class A - Breeder,Shreve,0,6024742,0,2026-07-20,7/20/2026,Kyle Hoover,0,https://aphis.file.force.com/sfc/dist/version/download/?oid=00Dt0000000GyZH&ids=068SJ00001LL9Ou&d=%2Fa%2FSJ00000BlxmH%2F6HXeMu_5zv914g4_HnlQ85U1c9wLoKatMEtao05UAmo&asPdf=false,Kyle Hoover,Ohio,0,44676,9032aa6d8a0ba932
31-A-1023,Class A - Breeder,Ashland,0,6024875,0,2026-07-20,7/20/2026,Leroy Zimmerman,0,https://aphis.file.force.com/sfc/dist/version/download/?oid=00Dt0000000GyZH&ids=068SJ00001LbAKG&d=%2Fa%2FSJ00000BoMa5%2F3gCWsiZoee.BzTorkFresGpdZL8fuhWpQoFZLLb5LM4&asPdf=false,Leroy Zimmerman,Ohio,0,44805,e615efd0478c36a9
33-A-0649,Class A - Breeder,Olney,0,6024880,0,2026-07-30,7/30/2026,Lori's Gliders,0,https://aphis.file.force.com/sfc/dist/version/download/?oid=00Dt0000000GyZH&ids=068SJ00001MuJm6&d=%2Fa%2FSJ00000C2g13%2Fy6pX1CIe1GNXlQW6QrsUYy_JZCgb1v82e3xxxr58e_k&asPdf=false,Lori's Gliders,Illinois,0,62450,b02911b022624f3a
54-A-0017,Class A - Breeder,Summersville,0,6024881,0,2026-06-20,6/20/2026,Jeremiah Winkler,0,https://aphis.file.force.com/sfc/dist/version/download/?oid=00Dt0000000GyZH&ids=068SJ00001IHtBk&d=%2Fa%2FSJ00000BJNFV%2FJ1Gay_i1KVZajZ7H23o4IPrXWVbSdL5YxDF_sqBK6k4&asPdf=false,Jeremiah Winkler,West Virginia,0,26651,903c53350429f0db
58-C-1323,Class C - Exhibitor,Brooksville,0,6024883,0,2026-07-13,7/13/2026,"Country Kingdom, LLC",0,https://aphis.file.force.com/sfc/dist/version/download/?oid=00Dt0000000GyZH&ids=068SJ00001KMhnL&d=%2Fa%2FSJ00000BcVE9%2FiD0jWhLlIVw7i7G4OdGFlH2JLx48509eeMW1WV9Fmb4&asPdf=false,"Country Kingdom, LLC",Florida,0,34614,623fec7e583dedc0
31-A-1028,Class A - Breeder,Dundee,0,6024947,0,2026-08-10,8/10/2026,Penchant Paws LLC,0,https://aphis.file.force.com/sfc/dist/version/download/?oid=00Dt0000000GyZH&ids=068SJ00001OCjxh&d=%2Fa%2FSJ00000CExe1%2FiwqGj31zNtr9iClWK.LJbld_9SEfqGKuf3YzH2qEcB0&asPdf=false,Penchant Paws LLC,Ohio,0,44624,29ac7f02f575256e
51-A-0048,Class A - Breeder,Chesapeake Beach,0,6024994,0,2026-07-27,7/27/2026,Divine Dream Labradors,0,https://aphis.file.force.com/sfc/dist/version/download/?oid=00Dt0000000GyZH&ids=068SJ00001MqiPt&d=%2Fa%2FSJ00000C24AH%2F105L80xscDls7SBerih0Qet4ulYwWktJGp_m.kZ11kE&asPdf=false,Divine Dream Labradors,Maryland,0,20732,f41ad3a65e1768eb
58-R-0179,Class R - Research Facility,Leesburg,0,6025056,0,2026-08-17,8/17/2026,Beacon College Inc,1,https://aphis.file.force.com/sfc/dist/version/download/?oid=00Dt0000000GyZH&ids=068SJ00001PcSHa&d=%2Fa%2FSJ00000CSoEH%2Fjt3gn4ObAr1eadwwD9C5vTaor_qTvwRzsHC6DY7_OYI&asPdf=false,Beacon College Inc,Florida,0,34748,e8374811b674e9ac
71-B-0225,Class B - Dealer,Lavaca,0,6025057,0,2026-07-30,7/30/2026,Madison Dempsey,0,https://aphis.file.force.com/sfc/dist/version/download/?oid=00Dt0000000GyZH&ids=068SJ00001Ms02t&d=%2Fa%2FSJ00000C2HKP%2FLRJexqCiZLbJRpsqEYUrYMDB0KeKNOaoB.pTzayWKxk&asPdf=false,Madison Dempsey,Arkansas,0,72941,9f5a8cf69dc7b84b
43-B-3867,Class B - Dealer,Booneville,0,6025157,0,2026-07-07,7/7/2026,Boonville Livestock Auction,0,https://aphis.file.force.com/sfc/dist/version/download/?oid=00Dt0000000GyZH&ids=068SJ00001JyhwH&d=%2Fa%2FSJ00000BZnKT%2FPRpyVF_3hBMikv7GnHnc1bIarN.0jTuGDdTm93u6eqE&asPdf=false,Booneville Livestock Auction,Missouri,0,65233,ebcb1a1699882451
74-C-1209,Class C - Exhibitor,Sandia,0,6025159,0,2026-07-29,7/29/2026,The Aviaries at Arrowhead Inc,0,https://aphis.file.force.com/sfc/dist/version/download/?oid=00Dt0000000GyZH&ids=068SJ00001NVlLE&d=%2Fa%2FSJ00000Ck2mH%2F1R4_BbpEFIZpHnicw3xpJRL3NB0EL6HeDfJIRQRxa9s&asPdf=false,The Aviaries at Arrowhead Inc,Texas,0,78383,634da94881857826
63-C-0323,Class C - Exhibitor,Kingsport,0,6025181,0,2026-07-23,7/23/2026,Expedition Untamed,0,https://aphis.file.force.com/sfc/dist/version/download/?oid=00Dt0000000GyZH&ids=068SJ00001Lr33Z&d=%2Fa%2FSJ00000BrJZF%2Fvs4bk8THDcbn9oegPyNYsMvDjsEYtjuyBLWigTNl2sw&asPdf=false,Expedition Untamed LLC,Tennessee,0,37660,0db304b63e666b8e
74-C-1202,Class C - Exhibitor,Abilene,0,6025397,0,2026-08-11,8/11/2026,Big Country Wildlife Rehabilitation Center,0,https://aphis.file.force.com/sfc/dist/version/download/?oid=00Dt0000000GyZH&ids=068SJ00001OiFTH&d=%2Fa%2FSJ00000CKLe5%2FHcFnILn3VVPoQAAuRyJuZU9auWdzIAj1ggTBbKswxpo&asPdf=false,Big Country Wildlife Rehabilitation Center,Texas,0,79602,df6045b8c9445907
88-A-0032,Class A - Breeder,Henderson,0,6025612,0,2026-06-15,6/15/2026,Mare Cvetkovska,0,https://aphis.file.force.com/sfc/dist/version/download/?oid=00Dt0000000GyZH&ids=068SJ00001GlRSr&d=%2Fa%2FSJ00000B44t7%2Ft8vHJota80I_ZqKzf3G8I4A_D2dMeXn_QrLacIae0ic&asPdf=false,Mare Cvetkovska,Nevada,0,89012,62a5837ddf391f70
91-B-0115,Class B - Dealer,Enumclaw,0,6025664,0,2026-06-23,6/23/2026,Calli Halbert,0,https://aphis.file.force.com/sfc/dist/version/download/?oid=00Dt0000000GyZH&ids=068SJ00001Hg8Ww&d=%2Fa%2FSJ00000BDXSs%2FauuWPUcjE2hdk.m5.FyQyzwdLMVesfucZcjE8Zp5m1Y&asPdf=false,Calli Halbert,Washington,0,98022,0f961b0104d3c7fc
41-B-0290,Class B - Dealer,Faribault,0,6025718,0,2026-08-03,8/3/2026,Save A Fox,0,https://aphis.file.force.com/sfc/dist/version/download/?oid=00Dt0000000GyZH&ids=068SJ00001NL0M7&d=%2Fa%2FSJ00000Ck4Cz%2FllA1rOtPc0_ISe.oD9e2xqDX.4bl2IzQsdbozS4pWhg&asPdf=false,Save A Fox,Minnesota,0,55021,e28633a45d64684c
55-C-0343,Class C - Exhibitor,Concord,0,6025724,0,2026-08-20,8/20/2026,Piper Montgomery,0,https://aphis.file.force.com/sfc/dist/version/download/?oid=00Dt0000000GyZH&ids=068SJ00001PffDc&d=%2Fa%2FSJ00000CTV4j%2FP4QJH42kO_ddrznjMoQytsJ8Pd72QJoZgs2PgrZKkpY&asPdf=false,Wildlife Wonderland,North Carolina,0,28025,e23c9ef5e10d4787
71-A-1448,Class A - Breeder,Marshall,0,6025817,0,2026-08-04,8/4/2026,Laura Horton,0,https://aphis.file.force.com/sfc/dist/version/download/?oid=00Dt0000000GyZH&ids=068SJ00001NVPJ1&d=%2Fa%2FSJ00000Ck9PZ%2FSbX0PBtaOFciEnSb8xfs62oi8nxGtM6q7he0yfioP6s&asPdf=false,Laura Horton,Arkansas,0,72650,8cae9144071e099e
14-R-0223,Class R - Research Facility,Swansea,0,6025848,0,2026-06-17,6/17/2026,Abkyu Inc,1,https://aphis.file.force.com/sfc/dist/version/download/?oid=00Dt0000000GyZH&ids=068SJ00001HSJIM&d=%2Fa%2FSJ00000BAcvJ%2F2MJhS3.RpIEPK.oEH8VW55U0qZFWGIM6Dvc_VkLCp1s&asPdf=false,Abkyu Inc,Massachusetts,0,02777,2aa212cbfdc0c51e
91-C-0169,Class C - Exhibitor,Lakebay,0,6025865,0,2026-08-17,8/17/2026,Pirate Software,0,https://aphis.file.force.com/sfc/dist/version/download/?oid=00Dt0000000GyZH&ids=068SJ00001P7ABq&d=%2Fa%2FSJ00000CNkHm%2FFBBANtE08rvJdNopIUhzSIIItkNKhpA3n9rGaQkB3Uc&asPdf=false,Pirate Software,Washington,0,98349,4030de21e0dcd99f
55-B-0240,Class B - Dealer,Hoffman,0,6025890,0,2026-08-17,8/17/2026,SOF Landing LLC,0,https://aphis.file.force.com/sfc/dist/version/download/?oid=00Dt0000000GyZH&ids=068SJ00001PE6Zu&d=%2Fa%2FSJ00000COgKf%2FTNz1q74H7v0ohmwbLmOGY_eBdWI2GIY.f4MPUPkSz70&asPdf=false,SOF Landing LLC,North Carolina,0,28347,78b322235646c86c
73-A-2881,Class A - Breeder,Valliant,0,6025948,0,2026-08-17,8/17/2026,Ashlea Townsend,0,https://aphis.file.force.com/sfc/dist/version/download/?oid=00Dt0000000GyZH&ids=068SJ00001P7CM7&d=%2Fa%2FSJ00000CO5R3%2Ft2LhtF9ZYGsMVpFYM6RanEd7ZTzAS1mHcEFL5_nr0WU&asPdf=false,Ashlea Townsend,Oklahoma,0,74764,dcc8af42d2538a03
64-C-0266,Class C - Exhibitor,Graham,0,6026051,0,2026-08-13,8/13/2026,Daniel Hall,2,https://aphis.file.force.com/sfc/dist/version/download/?oid=00Dt0000000GyZH&ids=068SJ00001PLiIh&d=%2Fa%2FSJ00000CQJI8%2Fe0ntUr2GoGjjs7K0cSmzdEr0h1_mlq.CJq3yGHh1gIw&asPdf=false,Daniel Hall,Alabama,0,36263,5c7fb058da269282
21-A-0240,Class A - Breeder,Clyde,0,6026065,0,2026-07-29,7/29/2026,Drumlin Springs,6,https://aphis.file.force.com/sfc/dist/version/download/?oid=00Dt0000000GyZH&ids=068SJ00001NJdpl&d=%2Fa%2FSJ00000C6WKr%2F.bQjDC5au27mVc0d7zwloS87M6tW8dAivgywuwNwwR0&asPdf=false,Drumlin Springs,New York,0,14433,2ed82e81f5b8298c
31-A-1037,Class A - Breeder,Fredricksburg,0,6026091,0,2026-08-24,8/24/2026,Jonas A Yoder,0,https://aphis.file.force.com/sfc/dist/version/download/?oid=00Dt0000000GyZH&ids=068SJ00001QM54t&d=%2Fa%2FSJ00000CY7cr%2FyShXAC0EgNluUYgPTJ5k5fDu_6Xe8Zjc8ya5MZSth.w&asPdf=false,Jonas A Yoder,Ohio,0,44627,bcb46ab191671bed
51-C-0140,Class C - Exhibitor,Mechanicsville,0,6026104,0,2026-07-23,7/23/2026,Dakota’s Legacy Equine LLC,0,https://aphis.file.force.com/sfc/dist/version/download/?oid=00Dt0000000GyZH&ids=068SJ00001MWsUs&d=%2Fa%2FSJ00000By8cH%2F15unQaAvyOMtQcsjET_n3XzrEWR6C2FJSrG_oiwKmA4&asPdf=false,Dakota’s Legacy Equine LLC,Maryland,0,20659,4dd26f5acea7ac13
93-C-1223,Class C - Exhibitor,Ventura,0,6026129,0,2026-07-22,7/22/2026,The Plumery,0,https://aphis.file.force.com/sfc/dist/version/download/?oid=00Dt0000000GyZH&ids=068SJ00001NiQvc&d=%2Fa%2FSJ00000CAGB3%2F9MW_uSDUEVPeReOqjreCo4yFefZNNzTm2VdNkEBEM_I&asPdf=false,The Plumery,California,0,93001,b7d62e49dd34a3db
93-R-0617,Class R - Research Facility,SAN DIEGO,0,6026165,0,2026-06-18,6/18/2026,Sanford Burnham Prebys Medical Discovery Institute,0,https://aphis.file.force.com/sfc/dist/version/download/?oid=00Dt0000000GyZH&ids=068SJ00001HcAnM&d=%2Fa%2FSJ00000BCfM1%2FnGibV14f1ZIbA0a99SFu_Hn4RFELckoTJcj5zRoAvyE&asPdf=false,Sanford Burnham Prebys Medical Discovery Institute,California,0,92122,aef495f3dc83a4df
74-C-1201,Class C - Exhibitor,Austin,0,6026173,0,2026-07-14,7/14/2026,CreaCo Texas,0,https://aphis.file.force.com/sfc/dist/version/download/?oid=00Dt0000000GyZH&ids=068SJ00001KcceX&d=%2Fa%2FSJ00000BepYX%2FGyMtzMVr2dJk3CtGHdD.WFdOhh1cOoA_EoON1gy4BnA&asPdf=false,CreaCo Texas,Texas,0,78729,6e6814ebc65f72c1
43-C-0431,Class C - Exhibitor,Cape Girardeau,0,6026174,0,2026-08-25,8/25/2026,Chance Lantz,3,https://aphis.file.force.com/sfc/dist/version/download/?oid=00Dt0000000GyZH&ids=068SJ00001RbhTB&d=%2Fa%2FSJ00000CkLYn%2FFnAF94LvvhDVu.gA.ZhW9neDQzdB3R_NottN0eGxvwQ&asPdf=false,Chance Lantz,Missouri,0,63701,397ed1a35529b0cb
58-A-0417,Class A - Breeder,Miami,0,6026179,0,2026-08-06,8/6/2026,Florida Parrot Inc,0,https://aphis.file.force.com/sfc/dist/version/download/?oid=00Dt0000000GyZH&ids=068SJ00001RawK7&d=%2Fa%2FSJ00000Ck2vx%2FXvaxmA.wVcCYGX6jamZ11i9tk02HyjNMsXf60b5wVcw&asPdf=false,Florida Parrot Inc,Florida,0,33031,ccfd97fa49817b3c
42-A-1751,Class A - Breeder,Sioux Center,0,6026197,0,2026-07-23,7/23/2026,Danielle Pieper,0,https://aphis.file.force.com/sfc/dist/version/download/?oid=00Dt0000000GyZH&ids=068SJ00001N14bi&d=%2Fa%2FSJ00000C3m1B%2FCBrEIk76YdYBcHHRdUPvfHd4efOKPuLcOmpA1kXY2Jg&asPdf=false,Danielle Pieper,Iowa,0,51250,45e84d0afbc7e790
43-A-6949,Class A - Breeder,Seymour,0,6026218,0,2026-06-15,6/15/2026,David HP Hilty,0,https://aphis.file.force.com/sfc/dist/version/download/?oid=00Dt0000000GyZH&ids=068SJ00001GeFTV&d=%2Fa%2FSJ00000B31E9%2FrEgrHWyaI.UZ82k8Eo8GiL5CtbUayuuvVvu4.qc9dWk&asPdf=false,David HP Hilty,Missouri,0,65746,eaa4783093082827
46-B-0093,Class B - Dealer,Huron,0,6026243,1,2026-07-24,7/24/2026,Brunos Aquarium LLC,7,https://aphis.file.force.com/sfc/dist/version/download/?oid=00Dt0000000GyZH&ids=068SJ00001N4QO1&d=%2Fa%2FSJ00000C48hd%2FEfBLF65GHGVUb2jANQe1W2cCAZjcyErJodkoYax8lj0&asPdf=false,Brunos Aquarium LLC,South Dakota,0,57350,47d556a54c54e1c8
46-B-0093,Class B - Dealer,Huron,0,6026243,1,2026-08-04,8/4/2026,Brunos Aquarium LLC,1,https://aphis.file.force.com/sfc/dist/version/download/?oid=00Dt0000000GyZH&ids=068SJ00001OCsxZ&d=%2Fa%2FSJ00000CEyLZ%2FQLgsCMtnOvM43QWUNwSYcpSUqDkMG0Vv9aeYRAi_gm0&asPdf=false,Brunos Aquarium LLC,South Dakota,0,57350,5aedd89e50d7ddae
46-B-0093,Class B - Dealer,Huron,0,6026243,0,2026-08-07,8/7/2026,Brunos Aquarium LLC,0,https://aphis.file.force.com/sfc/dist/version/download/?oid=00Dt0000000GyZH&ids=068SJ00001OfWsY&d=%2Fa%2FSJ00000CKGZZ%2F5Kd49D4yiVjr5A0t1iiwk3wvVcQchsqcIlQLvufDPnM&asPdf=false,Brunos Aquarium LLC,South Dakota,0,57350,be4d878f72479a7f
32-A-1175,Class A - Breeder,Argos,0,6026292,0,2026-07-23,7/23/2026,Rhoda Weaver and Joanna Weaver,0,https://aphis.file.force.com/sfc/dist/version/download/?oid=00Dt0000000GyZH&ids=068SJ00001MHOP9&d=%2Fa%2FSJ00000BvWkn%2Fbc58BFxBNI3UyUsn8kylOPHc.MmkeZcSDsDIwPlQg.8&asPdf=false,Rhoda Weaver and Joanna Weaver,Indiana,0,46501,47dc461402afa082
94-C-0139,Class C - Exhibitor,Bayamon,0,6026300,0,2026-08-19,8/19/2026,Antonio A Mignucci,0,https://aphis.file.force.com/sfc/dist/version/download/?oid=00Dt0000000GyZH&ids=068SJ00001QhZOD&d=%2Fa%2FSJ00000CbNpx%2Ftn8LmIHK0xHazg5aseAWio7owAs3WdoazxYzzQ57NP0&asPdf=false,Antonio A Mignucci,Puerto Rico,0,00956,f2a45f7a35e62055
52-C-0320,Class C - Exhibitor,Chesapeake,0,6026303,0,2026-08-06,8/6/2026,April Green,0,https://aphis.file.force.com/sfc/dist/version/download/?oid=00Dt0000000GyZH&ids=068SJ00001NnxMe&d=%2Fa%2FSJ00000CBInV%2FYmtnBIng4uolzE3LOjlrpakmUqsLx.JCSejQWH22VJk&asPdf=false,April Green,Virginia,0,23321,e1a0c59cae2b4dac
42-A-1741,Class A - Breeder,Sioux Center,0,6026317,0,2026-06-11,6/11/2026,Rick Sandbulte,0,https://aphis.file.force.com/sfc/dist/version/download/?oid=00Dt0000000GyZH&ids=068SJ00001GOSEX&d=%2Fa%2FSJ00000B0wGz%2FX5VcV.xbU8pcCFcA0ZUj4S49Enkfu8_jqqRglyUjUeI&asPdf=false,Rick Sandbulte,Iowa,0,51250,0900a6b298736854
43-C-0425,Class C - Exhibitor,Branson,0,6026323,0,2026-07-16,7/16/2026,Bow Wow Canine Entertainment LLC,0,https://aphis.file.force.com/sfc/dist/version/download/?oid=00Dt0000000GyZH&ids=068SJ00001Kzf41&d=%2Fa%2FSJ00000Bif9B%2FWgOyvGVGp5_XfzOcDOEgjatrrTdEyv9Ye8csrHjr8zU&asPdf=false,Bow Wow Canine Entertainment LLC,Missouri,0,65616,41098c1eabb860aa
34-C-0462,Class C - Exhibitor,Traverse City,0,6026325,0,2026-07-09,7/9/2026,Skegemog Raptor Center,0,https://aphis.file.force.com/sfc/dist/version/download/?oid=00Dt0000000GyZH&ids=068SJ00001JsTo0&d=%2Fa%2FSJ00000BYn3B%2FeVCxIo7jPJYCFVUGYSevyQ36w2muy9LVPKwHMGCf..k&asPdf=false,Skegemog Raptor Center,Michigan,0,49696,ab14c0edfe8076e5
32-C-0306,Class C - Exhibitor,Zionsville,0,6026327,0,2026-07-20,7/20/2026,Janine Zee-Cheng,0,https://aphis.file.force.com/sfc/dist/version/download/?oid=00Dt0000000GyZH&ids=068SJ00001LIAxD&d=%2Fa%2FSJ00000BlBXx%2FGKCn3N0f5HLv4qWzLBa2okqsIkiE1.0tDflqoTd6u3s&asPdf=false,Janine Zee-Cheng,Indiana,0,46077,35b8f23e1fca68e1
21-C-0539,Class C - Exhibitor,Oswego,0,6026331,0,2026-07-10,7/10/2026,Wendi M Czirr,0,https://aphis.file.force.com/sfc/dist/version/download/?oid=00Dt0000000GyZH&ids=068SJ00001K02Yy&d=%2Fa%2FSJ00000Ba9Kz%2FqKErIbzXiMWHRw4UNxMH2Hp32T6R9E8omHlI9OYMW2c&asPdf=false,Wendi M Czirr,New York,0,13126,6aadd4cab068aa08
74-C-1208,Class C - Exhibitor,TEXARKANA,0,6026335,0,2026-08-12,8/12/2026,Wild'N Out Wildlife Rescue & Rehab,0,https://aphis.file.force.com/sfc/dist/version/download/?oid=00Dt0000000GyZH&ids=068SJ00001Og20q&d=%2Fa%2FSJ00000CJt6j%2F_RcoxHxkUMVjA2yusjnohPB2QPkW1h6XGe6hEJdZzok&asPdf=false,Wild'N Out Wildlife Rescue & Rehab,Texas,0,75501,1b4b4b6fdfb6c411
21-C-0538,Class C - Exhibitor,CORTLAND,0,6026338,0,2026-08-19,8/19/2026,RaeAnne McGowan,0,https://aphis.file.force.com/sfc/dist/version/download/?oid=00Dt0000000GyZH&ids=068SJ00001PflM4&d=%2Fa%2FSJ00000CTPCE%2F8Yf1vY5ve3fi8_oH5RoftLyCiCun5QOHwa8GpSPIDNU&asPdf=false,RaeAnne McGowan,New York,0,13045,e3abea576196da7a
43-A-6956,Class A - Breeder,Seymour,0,6026341,0,2026-06-15,6/15/2026,2B2B Farms LLC,0,https://aphis.file.force.com/sfc/dist/version/download/?oid=00Dt0000000GyZH&ids=068SJ00001GvHIY&d=%2Fa%2FSJ00000B5ujB%2FshhiEJYpswJc.cYmGOPOGxe4Qf076OMQu1_mdfZZYU4&asPdf=false,2B2B Farms LLC,Missouri,0,65746,f3629f8b26c773cf
74-C-1205,Class C - Exhibitor,BELLS,0,6026358,0,2026-06-29,6/29/2026,Meghan McGovern,0,https://aphis.file.force.com/sfc/dist/version/download/?oid=00Dt0000000GyZH&ids=068SJ00001IUfPR&d=%2Fa%2FSJ00000BLUSz%2FlNQUNM9roGvJEAcXh0SRilvSNiqhgpdVw2CfxofGyRA&asPdf=false,Meghan McGovern,Texas,0,75414,1460900ec9b4e604
31-C-0309,Class C - Exhibitor,Batavia,0,6026361,0,2026-08-04,8/4/2026,Tamera Ecker,0,https://aphis.file.force.com/sfc/dist/version/download/?oid=00Dt0000000GyZH&ids=068SJ00001Nr4Xe&d=%2Fa%2FSJ00000CBWDm%2FL5iLWW4lQzq2zOOEP6BEqyY3a3suBvTc_qwK4zs6GtA&asPdf=false,Tamera Ecker,Ohio,0,45103,6313b299b26473a3
32-B-0293,Class B - Dealer,Warsaw,0,6026367,0,2026-07-14,7/14/2026,Premier Puppies Indiana,0,https://aphis.file.force.com/sfc/dist/version/download/?oid=00Dt0000000GyZH&ids=068SJ00001L0DHB&d=%2Fa%2FSJ00000Bj0VN%2FLESyKlJHF6YEon8UyPb6riK3vqNurRVyEoQiM18K4ME&asPdf=false,Premier Puppies Indiana,Indiana,0,46580,8670bebca804d373
33-C-0555,Class C - Exhibitor,Princeton,0,6026375,0,2026-08-20,8/20/2026,Beth Giordano,1,https://aphis.file.force.com/sfc/dist/version/download/?oid=00Dt0000000GyZH&ids=068SJ00001PnqY4&d=%2Fa%2FSJ00000CULEb%2FaWkIYtUUicx1tadbG6qOIndXHweD3e3anj5ogqYDsdE&asPdf=false,Beth Giordano,Illinois,0,61356,1b36b6b992401b24
52-C-0321,Class C - Exhibitor,Suffolk,0,6026377,0,2026-08-06,8/6/2026,Joanna Wells,0,https://aphis.file.force.com/sfc/dist/version/download/?oid=00Dt0000000GyZH&ids=068SJ00001No53i&d=%2Fa%2FSJ00000CBIu5%2FYisJ6H9I69EwEfgxBSwDXIRa4wpXpfyfyndpNIkzJcg&asPdf=false,Joanna Wells,Virginia,0,23435,a251510efd6643b3
43-B-3873,Class B - Dealer,Bevier,0,6026384,0,2026-07-22,7/22/2026,Michael Schrock,0,https://aphis.file.force.com/sfc/dist/version/download/?oid=00Dt0000000GyZH&ids=068SJ00001LzdmW&d=%2Fa%2FSJ00000BsXNF%2FfuY6W.mPiw_QVDgCvjnXuSuM9OHp_De0lGjBJi8pXHg&asPdf=false,Michael Shrock,Missouri,0,63532,e0da8036d3946ac7
47-C-0071,Class C - Exhibitor,Polk,0,6026452,0,2026-07-20,7/20/2026,Spencer Smith,0,https://aphis.file.force.com/sfc/dist/version/download/?oid=00Dt0000000GyZH&ids=068SJ00001LXAiM&d=%2Fa%2FSJ00000BnrBL%2FKYS.7R4ssxh8irPsNRHdqgmnGErg0oyVqr4A3SWUb18&asPdf=false,Spencer Smith,Nebraska,0,68654,d7bfc888f866cda8
43-A-6955,Class A - Breeder,Madison,0,6026456,0,2026-08-12,8/12/2026,Samuel C. Yoder,0,https://aphis.file.force.com/sfc/dist/version/download/?oid=00Dt0000000GyZH&ids=068SJ00001PsTSj&d=%2Fa%2FSJ00000CV6C3%2FIAsR4p9UVL4L3D6jOmK7_fHQszhtpGjwxltOpasabqs&asPdf=false,Samuel C. Yoder,Missouri,0,65263,33d70b8cecf81926
84-C-0178,Class C - Exhibitor,Colorado Springs,1,6026458,0,2026-07-15,7/15/2026,Jungle Reef Springs LLC,0,https://aphis.file.force.com/sfc/dist/version/download/?oid=00Dt0000000GyZH&ids=068SJ00001LqdYX&d=%2Fa%2FSJ00000Bqwxd%2F7BnuKRSSRnjKkOBhjjyK9al6Q8xlNLX0lSm0mq5CF9w&asPdf=false,Jungle Reef Springs LLC,Colorado,0,80920,3b32a13558fed392
43-A-6951,Class A - Breeder,Chillicothe,0,6026469,0,2026-07-22,7/22/2026,Midwest Country Kennels LLC,1,https://aphis.file.force.com/sfc/dist/version/download/?oid=00Dt0000000GyZH&ids=068SJ00001Lh7g1&d=%2Fa%2FSJ00000BpYhF%2FH04IO7G4T9lzsgVdJ36FaeaYv8j8BhdSbv1nqAoH6YY&asPdf=false,"Midwest Country Kennels, LLC",Missouri,0,64601,d7819e7569b0efd0
43-A-6951,Class A - Breeder,Chillicothe,0,6026469,1,2026-08-03,8/3/2026,Midwest Country Kennels LLC,0,https://aphis.file.force.com/sfc/dist/version/download/?oid=00Dt0000000GyZH&ids=068SJ00001Npjey&d=%2Fa%2FSJ00000CBUdN%2FjHPnvH1x7QxpgEPdGnu2oC8ePT69Qfk5xLB87ck9nK8&asPdf=false,"Midwest Country Kennels, LLC",Missouri,0,64601,a08aa92c39ac108d
43-A-6951,Class A - Breeder,Chillicothe,0,6026469,0,2026-08-12,8/12/2026,Midwest Country Kennels LLC,0,https://aphis.file.force.com/sfc/dist/version/download/?oid=00Dt0000000GyZH&ids=068SJ00001OlTN2&d=%2Fa%2FSJ00000CKqy1%2F1Z5fymores68J3PbXDGqznHN1s7yVYwpCZ8_0Fww22g&asPdf=false,"Midwest Country Kennels, LLC",Missouri,0,64601,428bb68d138fc859
74-R-0254,Class R - Research Facility,Dallas,0,6026475,0,2026-07-23,7/23/2026,Colossal Biosciences Inc.,0,https://aphis.file.force.com/sfc/dist/version/download/?oid=00Dt0000000GyZH&ids=068SJ00001MH9qH&d=%2Fa%2FSJ00000BvhBZ%2FRCKHPhV1.jKySaKhCKjkdhv0en7zwVdymd5mCKPdSwg&asPdf=false,Colossal Biosciences Inc.,Texas,0,75247,efeb17ee249034a1
43-A-6968,Class A - Breeder,Sedalia,0,6026496,0,2026-07-22,7/22/2026,Farmer Brown's Puppies,0,https://aphis.file.force.com/sfc/dist/version/download/?oid=00Dt0000000GyZH&ids=068SJ00001MKxV5&d=%2Fa%2FSJ00000Bw1mz%2FPvU.c0ax2fidY3g7Z3cmktcWPWteAjGxR9NYYaU8.y4&asPdf=false,Farmer Brown's Puppies,Missouri,0,65301,567d9b22caa9b78a
35-A-0549,Class A - Breeder,Thorp,0,6026497,0,2026-08-05,8/5/2026,Noah Brubaker,0,https://aphis.file.force.com/sfc/dist/version/download/?oid=00Dt0000000GyZH&ids=068SJ00001PlzR0&d=%2Fa%2FSJ00000CTvcb%2FrVOBtvnGPdaa1rEusI_W3gTIIjrIj4L2CPXLfR6PS8o&asPdf=false,Noah Brubaker,Wisconsin,0,54771,526fd77ba9962f90
14-B-0055,Class B - Dealer,North Falmouth,0,6026499,0,2026-06-11,6/11/2026,CJG Exotics,0,https://aphis.file.force.com/sfc/dist/version/download/?oid=00Dt0000000GyZH&ids=068SJ00001GMKeZ&d=%2Fa%2FSJ00000B0aGT%2F6WMZoAM2tu2_VlJ1dXIXyyXGPUlPLk.mVpj3f5w6aEQ&asPdf=false,CJG Exotics,Massachusetts,0,02556,4771485974f4a755
43-A-6954,Class A - Breeder,Milan,0,6026500,0,2026-06-22,6/22/2026,Moses Burkholder,0,https://aphis.file.force.com/sfc/dist/version/download/?oid=00Dt0000000GyZH&ids=068SJ00001HmPGT&d=%2Fa%2FSJ00000BEGEg%2FbUWt2wSKAyFVMV774NT2xOAhHgMjZiOLtPUSOChyvrU&asPdf=false,Moses Burkholder,Missouri,0,63556,903d3d7408c4dffb
58-C-1338,Class C - Exhibitor,Myakka City,0,6026512,0,2026-07-31,7/31/2026,Myakka Elephant Ranch,0,https://aphis.file.force.com/sfc/dist/version/download/?oid=00Dt0000000GyZH&ids=068SJ00001NGmPV&d=%2Fa%2FSJ00000C6D8X%2FiRAgRbnRLmesb6pM8dRH2XyoCT4RiVRNurekD1dqcAc&asPdf=false,Myakka Elephant Ranch,Florida,0,34251,6eb4164e009b9c87
43-A-6953,Class A - Breeder,Seymour,0,6026513,0,2026-06-15,6/15/2026,Chris ES Schwartz,0,https://aphis.file.force.com/sfc/dist/version/download/?oid=00Dt0000000GyZH&ids=068SJ00001Gcgsl&d=%2Fa%2FSJ00000B2e4f%2FVN1PWnUh1QCkTG6aA.FeeMm7CCXAqEzHakbeol.ql1I&asPdf=false,Chris ES Schwartz,Missouri,0,65746,9067bda989039010
67-R-0009,Class R - Research Facility,Grayson,0,6026526,0,2026-08-05,8/5/2026,Augusta Life Sciences US OpCo I LLC,0,https://aphis.file.force.com/sfc/dist/version/download/?oid=00Dt0000000GyZH&ids=068SJ00001NrFcv&d=%2Fa%2FSJ00000CBs6D%2FUVwcObhDJ0B9GK2wD8dLcbNSeMv97ZxFBBNGfKQb5IU&asPdf=false,Augusta Life Sciences US OpCo I LLC,Georgia,0,30017,97f721da874c7a88
21-T-0623,Class T - Carrier,SAN FRANCISCO,0,6026528,0,2026-08-26,8/26/2026,"Fly Level Barcelona LH, SL",0,https://aphis.file.force.com/sfc/dist/version/download/?oid=00Dt0000000GyZH&ids=068SJ00001QuGE4&d=%2Fa%2FSJ00000CddIj%2FwdabuGgTia4FWiFG0imMXjigD8IUlv19qwOngDhFQRI&asPdf=false,SFO- Fly Level Barcelona,California,0,94128,d8075d00a5324af2
74-R-0255,Class R - Research Facility,San Antonio,0,6026530,0,2026-08-12,8/12/2026,Texas A&M University- San Antonio,0,https://aphis.file.force.com/sfc/dist/version/download/?oid=00Dt0000000GyZH&ids=068SJ00001PJehC&d=%2Fa%2FSJ00000CPyoT%2F1Ulg10PzPaJU9aGgrwWHVhl2Tu1NNRooLw5mWKH_qjk&asPdf=false,Texas A&M University- San Antonio,Texas,0,78224,b88af147213c6ede
31-A-1038,Class A - Breeder,Apple Creek,0,6026540,0,2026-06-24,6/24/2026,Alta Hostetler,0,https://aphis.file.force.com/sfc/dist/version/download/?oid=00Dt0000000GyZH&ids=068SJ00001HpMR6&d=%2Fa%2FSJ00000BF3nF%2FK96FXWc29CFtWRv_l6JnvHyGxCZQgDBo.k3Xoww.LhI&asPdf=false,Alta Hostetler,Ohio,0,44606,ff7ce5c2e438ab73
33-A-0644,Class A - Breeder,Campbell Hill,0,6026547,0,2026-06-24,6/24/2026,Flat Rock Kennels LLC,0,https://aphis.file.force.com/sfc/dist/version/download/?oid=00Dt0000000GyZH&ids=068SJ00001Hyj4w&d=%2Fa%2FSJ00000BGOXt%2F_a5GFn81JedWo_yRC9NxbtsfQlg5h3u41AIEgD1j9s0&asPdf=false,Flat Rock Kennels LLC,Illinois,0,62916,c6d01cece63d345d
43-A-6959,Class A - Breeder,Phillipsburg,0,6026558,0,2026-06-22,6/22/2026,Mark Angst,0,https://aphis.file.force.com/sfc/dist/version/download/?oid=00Dt0000000GyZH&ids=068SJ00001HlCwU&d=%2Fa%2FSJ00000BE2q1%2F6zNPI7uXW7fFQjjNNDP7Ry5QbjaSzPEQTLlJRdCUoaA&asPdf=false,Mark Angst,Missouri,0,65722,0e46f0c9b4567fd1
32-A-1167,Class A - Breeder,Odon,0,6026602,0,2026-06-12,6/12/2026,Olen M Wagler,0,https://aphis.file.force.com/sfc/dist/version/download/?oid=00Dt0000000GyZH&ids=068SJ00001GMzw0&d=%2Fa%2FSJ00000B0ZCL%2FIkdUP13fnr.3ktqVTRfYeoAp_P6ioLahGJTCi63XkE0&asPdf=false,Olen M Wagler,Indiana,0,47562,07752c0682800c10
23-A-0810,Class A - Breeder,Lock Haven,0,6026661,0,2026-07-13,7/13/2026,Gilbert Francis Stull & Jacob Matthew Jeffries,0,https://aphis.file.force.com/sfc/dist/version/download/?oid=00Dt0000000GyZH&ids=068SJ00001LTpfN&d=%2Fa%2FSJ00000BnCCz%2F3E.fUsVgDvOZoRJYB7bsOGuq7iZQxUh4BghDxyljHxA&asPdf=false,Gilbert Francis Stull & Jacob Matthew Jeffries,Pennsylvania,0,17745,7af8007a4d5955f9
45-R-0006,Class R - Research Facility,Fort Yates,0,6026686,0,2026-07-29,7/29/2026,Sitting Bull College,0,https://aphis.file.force.com/sfc/dist/version/download/?oid=00Dt0000000GyZH&ids=068SJ00001NApGi&d=%2Fa%2FSJ00000C52n4%2FxZ5gqhk9bNsG8RJ.8gmux22M2D5wrvj1iYDct3.uoHI&asPdf=false,Sitting Bull College,North Dakota,0,58538,e9e9c863d2a823b5
21-C-0540,Class C - Exhibitor,Naples,0,6026710,0,2026-07-06,7/6/2026,Friends of The Forest Wildlife Rehabilitation Inc,0,https://aphis.file.force.com/sfc/dist/version/download/?oid=00Dt0000000GyZH&ids=068SJ00001JIIst&d=%2Fa%2FSJ00000BTC7V%2Fr6s1LS6my..Xy4GOlAsJzy12ZH3hS35eTPp3nLHXxHs&asPdf=false,Friends of The Forest Wildlife Rehabilitation Inc,New York,0,14512,5dc39633616e0ba7
11-T-0041,Class T - Carrier,Lewiston,0,6026735,0,2026-07-29,7/29/2026,Natalie Thomsen,1,https://aphis.file.force.com/sfc/dist/version/download/?oid=00Dt0000000GyZH&ids=068SJ00001NDqUt&d=%2Fa%2FSJ00000C5u4J%2Fl4q5IUF594ZrCcd4hu0D5Z6L63UdWAPWAD3HlbBEtVc&asPdf=false,Natalie Thomsen,Maine,0,04240,c4077ae06ab25ab0
42-A-1747,Class A - Breeder,Waukon,0,6026739,0,2026-08-18,8/18/2026,Breezy Corners Kennels,0,https://aphis.file.force.com/sfc/dist/version/download/?oid=00Dt0000000GyZH&ids=068SJ00001QWbjZ&d=%2Fa%2FSJ00000CZmAw%2FDCtE6SuKqjkxDGIlahxoaIAcGo4PPjH8t1jrShGekY8&asPdf=false,Breezy Corners Kennels,Iowa,0,52172,9137b42989f33f42
43-C-0429,Class C - Exhibitor,Fredericktown,0,6026870,0,2026-06-25,6/25/2026,Walkers Gone Wild LLC,0,https://aphis.file.force.com/sfc/dist/version/download/?oid=00Dt0000000GyZH&ids=068SJ00001ISTM5&d=%2Fa%2FSJ00000BL4FB%2F5UOZt5bt7SCd6HM1p2T3QmOgvQnoULhcu9yJDLV.Zuo&asPdf=false,Walkers Gone Wild LLC,Missouri,0,63645,d414b4bda908b9ee
43-A-6962,Class A - Breeder,Eldon,0,6026874,0,2026-07-28,7/28/2026,Shawn Ramer,0,https://aphis.file.force.com/sfc/dist/version/download/?oid=00Dt0000000GyZH&ids=068SJ00001NAF05&d=%2Fa%2FSJ00000C4koX%2FeZY0EOjPHRGKEtzMwLWdob4wLheSwjrVp6bugS1Nbbg&asPdf=false,Shawn Ramer,Missouri,0,65026,503b18975453476e
71-A-1451,Class A - Breeder,Harrison,0,6026916,0,2026-08-11,8/11/2026,Kimberly Beery,0,https://aphis.file.force.com/sfc/dist/version/download/?oid=00Dt0000000GyZH&ids=068SJ00001OcNX8&d=%2Fa%2FSJ00000CJBGz%2F8A2KayQoAjhl2SKeXkITA1VGeUMROcOXKnk3FSk.2r4&asPdf=false,Kimberly Beery,Arkansas,0,72601,5469db480fd8aa95
93-C-1220,Class C - Exhibitor,Santa Rosa,0,6026938,0,2026-08-12,8/12/2026,Safari West Zoological Society,0,https://aphis.file.force.com/sfc/dist/version/download/?oid=00Dt0000000GyZH&ids=068SJ00001OXGjG&d=%2Fa%2FSJ00000CIdtd%2Fbae5eHt2JA7w6GGBrKS0Y4DQ7muJcnXlfly9tHNZs28&asPdf=false,Safari West Zoological Society,California,0,95404,328d4e4993a02099
58-C-1340,Class C - Exhibitor,Orange City,0,6026966,0,2026-08-10,8/10/2026,Pibbles and Company- Exotic Animal Advocacy,0,https://aphis.file.force.com/sfc/dist/version/download/?oid=00Dt0000000GyZH&ids=068SJ00001OJiFL&d=%2Fa%2FSJ00000CG0Uz%2FLzt0kV5JlJnVMG5a.aZP.wPVUOmuhcpAMbHe1layoHU&asPdf=false,Pibbles and Company- Exotic Animal Advocacy,Florida,0,32763,b13e4c4b06494c11
42-A-1750,Class A - Breeder,Sioux Center,0,6026967,0,2026-06-11,6/11/2026,Mariah Rus,0,https://aphis.file.force.com/sfc/dist/version/download/?oid=00Dt0000000GyZH&ids=068SJ00001GF7XO&d=%2Fa%2FSJ00000AzPRx%2FfK7KcctzQfcQkWvGN4Xxkb5bekH5Ya32Rt8PaDIyq1M&asPdf=false,Mariah Rus,Iowa,0,51250,b8e70e3095322691
31-C-0311,Class C - Exhibitor,Germantown,0,6027053,0,2026-08-14,8/14/2026,Jessica Korn,0,https://aphis.file.force.com/sfc/dist/version/download/?oid=00Dt0000000GyZH&ids=068SJ00001Onobp&d=%2Fa%2FSJ00000CLD9p%2F4WGkYZN8FMPHeIuuJYZdv3H0_DLPv_ptyFNBlO.EJoc&asPdf=false,Jessica Korn,Ohio,0,45327,6b6cbba622f6e734
74-C-1206,Class C - Exhibitor,Seagoville,0,6027056,0,2026-06-11,6/11/2026,Campbell Creations LLC,0,https://aphis.file.force.com/sfc/dist/version/download/?oid=00Dt0000000GyZH&ids=068SJ00001GJdIU&d=%2Fa%2FSJ00000AzqvB%2FY6ThPfSkk8_YAYM.vUmFw.w2YlVQSz3V2NysMB0IvJQ&asPdf=false,Campbell Creations LLC,Texas,0,75159,b04b1581f9cfd8da
43-C-0428,Class C - Exhibitor,Cape Girardeau,0,6027084,0,2026-07-22,7/22/2026,Parrot Palace LLC,0,https://aphis.file.force.com/sfc/dist/version/download/?oid=00Dt0000000GyZH&ids=068SJ00001LzT0m&d=%2Fa%2FSJ00000BsIhb%2FtXKr5Z6PJOiWfw82XPmXx3TxB1UeWjQpQFLSKSWoQTA&asPdf=false,Parrot Palace LLC,Missouri,0,63701,7a810496bb4c56de
42-A-1748,Class A - Breeder,Seymour,0,6027090,0,2026-08-11,8/11/2026,Willard W Miller,0,https://aphis.file.force.com/sfc/dist/version/download/?oid=00Dt0000000GyZH&ids=068SJ00001OJLgy&d=%2Fa%2FSJ00000CG1u5%2FjqhgI4H_iYL8g8hu7A2eGpHyJV13woDKtmJorvxnWqs&asPdf=false,Willard W Miller,Iowa,0,52590,6f73eab1f99edc07
93-T-0889,Class T - Carrier,Gardena,0,6027129,0,2026-07-27,7/27/2026,Benjamin Guterry,2,https://aphis.file.force.com/sfc/dist/version/download/?oid=00Dt0000000GyZH&ids=068SJ00001MTeBX&d=%2Fa%2FSJ00000Bxnnx%2FVY0E8e49SsEhRyqSZFlmdbxX1bSvB42I_zHrj8VmMw8&asPdf=false,Benjamin Guterry,California,0,90249,f3e61b131f54abda
43-C-0426,Class C - Exhibitor,Sunrise Beach,0,6027145,0,2026-07-28,7/28/2026,Emma Floyd,0,https://aphis.file.force.com/sfc/dist/version/download/?oid=00Dt0000000GyZH&ids=068SJ00001MigwD&d=%2Fa%2FSJ00000C0MmP%2FLPxxFtfjWKGFoxQizC7rEyQbiQkhgWViaFlKfKTdI3c&asPdf=false,Emma Floyd,Missouri,0,65079,2633b48b828bce55
61-C-0197,Class C - Exhibitor,Farmington,0,6027146,0,2026-08-27,8/27/2026,Belle Brook Animal Encounter LLC,0,https://aphis.file.force.com/sfc/dist/version/download/?oid=00Dt0000000GyZH&ids=068SJ00001Qmt33&d=%2Fa%2FSJ00000CcYL7%2FiXNm0DUNiukViFpupdIAHVf9BJBses790Z2DxsaXprs&asPdf=false,Belle Brook Animal Encounter LLC,Kentucky,0,42040,8d423d7e9f1e550b
31-A-1045,Class A - Breeder,Holmesville,0,6027170,0,2026-07-20,7/20/2026,Leroy Mast,0,https://aphis.file.force.com/sfc/dist/version/download/?oid=00Dt0000000GyZH&ids=068SJ00001LJMAC&d=%2Fa%2FSJ00000BleYL%2F1NiQ7RKpI4JmOQSO6fe75kW9NMPeQy5ZkJkKElNgqqI&asPdf=false,Leroy Mast,Ohio,0,44633,37e251c25ccc738d
33-A-0645,Class A - Breeder,Tamaroa,0,6027226,0,2026-07-27,7/27/2026,Mary Jo and Robert Allen Bathon,0,https://aphis.file.force.com/sfc/dist/version/download/?oid=00Dt0000000GyZH&ids=068SJ00001MhwoQ&d=%2Fa%2FSJ00000C0CWv%2F8xJf6ua6f5OQJXoRThPbz2Twt_xEhrxELkpAmn3nV34&asPdf=false,Mary Jo and Robert Allen Bathon,Illinois,0,62888,fa92315c2d5c2730
52-C-0319,Class C - Exhibitor,South Boston,0,6027233,0,2026-07-21,7/21/2026,Wilde Manor,0,https://aphis.file.force.com/sfc/dist/version/download/?oid=00Dt0000000GyZH&ids=068SJ00001Le7fx&d=%2Fa%2FSJ00000Bp0fZ%2F_07GePPxWouWcY0_IPYYCcdHmfOZyWAi8N5U_9gMb1Q&asPdf=false,Wilde Manor,Virginia,0,24592,7b73ec4c421415ba
43-A-6961,Class A - Breeder,Buffalo,0,6027234,0,2026-07-21,7/21/2026,Chelsea Thrasher,0,https://aphis.file.force.com/sfc/dist/version/download/?oid=00Dt0000000GyZH&ids=068SJ00001LzBtP&d=%2Fa%2FSJ00000BsRw9%2FL.Y12Yy_KUdo4hMKlHjXFQDEGSZCQA6XmAIqFbR4KFk&asPdf=false,Chelsea Thrasher,Missouri,0,65622,962854377c00d1e0
63-C-0324,Class C - Exhibitor,Sevierville,0,6027248,0,2026-08-04,8/4/2026,Springtime Farms,2,https://aphis.file.force.com/sfc/dist/version/download/?oid=00Dt0000000GyZH&ids=068SJ00001OHzqX&d=%2Fa%2FSJ00000CFiTF%2FGwm54J36IhYshPfMXo6NSIaH3CB.nRkbgT7ku3MClws&asPdf=false,Springtime Farms Corp,Tennessee,0,37876,212616006d6d70b6
33-A-0648,Class A - Breeder,West Liberty,0,6027255,0,2026-07-08,7/8/2026,Audra Osborn,0,https://aphis.file.force.com/sfc/dist/version/download/?oid=00Dt0000000GyZH&ids=068SJ00001JeoSY&d=%2Fa%2FSJ00000BWpPF%2F8Z6UrluuCjkP4c7aSeeSTuulN04qopkTtX0OtF_CcYA&asPdf=false,Audra Osborn,Illinois,0,62475,6cd68ab2b1791f2d
33-C-0556,Class C - Exhibitor,West Liberty,0,6027255,0,2026-07-08,7/8/2026,Audra Osborn,0,https://aphis.file.force.com/sfc/dist/version/download/?oid=00Dt0000000GyZH&ids=068SJ00001KVX5O&d=%2Fa%2FSJ00000BdtzB%2FD8lZoPXNuz29TgChAntCzICLd.DsNySsN6FGdjlgXGY&asPdf=false,Audra Osborn,Illinois,0,62475,c720b3258dc7dc7b
58-A-0416,Class A - Breeder,West Palm Beach,0,6027258,0,2026-06-23,6/23/2026,SK Exotic LLC,0,https://aphis.file.force.com/sfc/dist/version/download/?oid=00Dt0000000GyZH&ids=068SJ00001I0ZpO&d=%2Fa%2FSJ00000BGiJh%2F_3zSrFbP45WYt20q5sPUa7Cpohr9a_iVLISCLiJc698&asPdf=false,SK Exotic LLC,Florida,0,33418,55ef610823911d3f
31-A-1042,Class A - Breeder,FREDERICKTOWN,0,6027260,0,2026-07-21,7/21/2026,Emma J Stutzman,1,https://aphis.file.force.com/sfc/dist/version/download/?oid=00Dt0000000GyZH&ids=068SJ00001LW1Sx&d=%2Fa%2FSJ00000Bnn4T%2FSEV468T1HyoXwCoKKODuKQlDi5wxAonHPFF.hORehSI&asPdf=false,Emma J Stutzman,Ohio,0,43019,16770cd11239b02a
43-A-6966,Class A - Breeder,Seymour,0,6027281,0,2026-07-23,7/23/2026,Menno AA Schwartz,0,https://aphis.file.force.com/sfc/dist/version/download/?oid=00Dt0000000GyZH&ids=068SJ00001LtQoc&d=%2Fa%2FSJ00000Brbvy%2F8cww_Uq46doN5sSV03pw2UvWERREVfN.Ojdy3LSH1ts&asPdf=false,Menno AA Schwartz,Missouri,0,65746,88f38305208c41f1
58-C-1343,Class C - Exhibitor,Christmas,0,6027348,0,2026-08-27,8/27/2026,"Jungle Adventures, Inc",0,https://aphis.file.force.com/sfc/dist/version/download/?oid=00Dt0000000GyZH&ids=068SJ00001QsTQa&d=%2Fa%2FSJ00000Cd485%2FhRb_POfEgXWIVpih8vrJbmJMhw8zVx7CXb0Bf.dP2hI&asPdf=false,"Jungle Adventures, Inc",Florida,0,32709,9128abec6926613f
42-A-1749,Class A - Breeder,Moraria,0,6027357,0,2026-07-29,7/29/2026,Paul Hertzler,0,https://aphis.file.force.com/sfc/dist/version/download/?oid=00Dt0000000GyZH&ids=068SJ00001MayBw&d=%2Fa%2FSJ00000Bz5m1%2F38_i0i1SD0SMDku368y9BsIAaWDxO4sUsXf6PgpZvvg&asPdf=false,Paul Hertzler,Iowa,0,52571,e0639254306adc3d
58-T-1453,Class T - Carrier,Haines City,0,6027378,0,2026-08-11,8/11/2026,Ariana Monique Almonte,1,https://aphis.file.force.com/sfc/dist/version/download/?oid=00Dt0000000GyZH&ids=068SJ00001OWwIm&d=%2Fa%2FSJ00000CIVUf%2FYrD7Q4OwamR5s.QaC5YjIslmHMSu32fD.TlSQgMSPjY&asPdf=false,Ariana Monique Almonte,Florida,0,33844,8233e6ed77f0c3fe
21-R-0265,Class R - Research Facility,Cortland,0,6027405,0,2026-07-27,7/27/2026,Genetic IQ LLC,0,https://aphis.file.force.com/sfc/dist/version/download/?oid=00Dt0000000GyZH&ids=068SJ00001MUMFd&d=%2Fa%2FSJ00000Bxsyv%2FriR.Mqo89MjteEJwCzY0xG5zujYSVaC2FEiVyOt92RQ&asPdf=false,Genetic IQ LLC,New York,0,13045,e23d52c68324d7f9
34-C-0460,Class C - Exhibitor,Wallace,0,6027419,0,2026-07-29,7/29/2026,Critter Creations LLC,0,https://aphis.file.force.com/sfc/dist/version/download/?oid=00Dt0000000GyZH&ids=068SJ00001Mxgip&d=%2Fa%2FSJ00000C3SdZ%2FS.7clYnLWCfOgSOCviX1Q2J4HYODMHCQSqeH9GlZU8M&asPdf=false,Critter Creations LLC,Michigan,0,49893,85b638e46677547c
74-R-0256,Class R - Research Facility,Leander,0,6027421,0,2026-07-31,7/31/2026,"Los Angeles Project, Inc",2,https://aphis.file.force.com/sfc/dist/version/download/?oid=00Dt0000000GyZH&ids=068SJ00001OUPsj&d=%2Fa%2FSJ00000CICdJ%2F1lVY_G4AVPXmnTEntnQgXZxERTNZUbyHnlQzh56QAig&asPdf=false,"Los Angeles Project, Inc",Texas,0,78758,561317d158a2aaa6
43-A-6963,Class A - Breeder,Chillicothe,0,6027423,0,2026-08-17,8/17/2026,Verna Hostetler,0,https://aphis.file.force.com/sfc/dist/version/download/?oid=00Dt0000000GyZH&ids=068SJ00001PLf7v&d=%2Fa%2FSJ00000CQJsv%2FpDwjgq5efFTxIQh8WdL1C9tYykBl8gUCLMRc8lMu5Y8&asPdf=false,Verna Hostetler,Missouri,0,64601,264c9f1cfcc8daa2
58-B-0739,Class B - Dealer,Jacksonville,0,6027452,0,2026-08-06,8/6/2026,Pink Paws Cat Cafe LLC,0,https://aphis.file.force.com/sfc/dist/version/download/?oid=00Dt0000000GyZH&ids=068SJ00001NkiQA&d=%2Fa%2FSJ00000CAqRR%2Fc11Xq9KjSdt0vP5F_eTGAw7VWm4SyONEZ6LqrxYa6X8&asPdf=false,Pink Paws Cat Cafe LLC,Florida,0,32246,9f554ed0816d172e
41-C-0331,Class C - Exhibitor,Brook Park,0,6027462,0,2026-06-10,6/10/2026,Happy Haven Animal Sanctuary,0,https://aphis.file.force.com/sfc/dist/version/download/?oid=00Dt0000000GyZH&ids=068SJ00001G6nyo&d=%2Fa%2FSJ00000AxqPp%2FoKzXowjoeYfbuKpxI9Rzc.bGRpJJstokfWTqUsLrVCw&asPdf=false,Happy Haven Animal Sanctuary,Minnesota,0,55007,2ecb061f7eca0039
41-C-0331,Class C - Exhibitor,Brook Park,0,6027462,0,2026-07-29,7/29/2026,Happy Haven Animal Sanctuary,0,https://aphis.file.force.com/sfc/dist/version/download/?oid=00Dt0000000GyZH&ids=068SJ00001MbvdU&d=%2Fa%2FSJ00000BzMJp%2FnSDAT7X4DFmpdaO8ukSsZQqExVGXS18.5Uf6MQywQrY&asPdf=false,Happy Haven Animal Sanctuary,Minnesota,0,55007,efdeb1375cd38a2d
45-C-0068,Class C - Exhibitor,Drayton,0,6027475,0,2026-06-15,6/15/2026,CLM Reindeer Ranch LLC,0,https://aphis.file.force.com/sfc/dist/version/download/?oid=00Dt0000000GyZH&ids=068SJ00001GpTRI&d=%2Fa%2FSJ00000B58rR%2FLgW_PSR.e3lCHbuDJv5i98Fw.vKrSTLvUGyHtfQYCbU&asPdf=false,CLM Reindeer Ranch LLC,North Dakota,0,58225,d4911a99075b5a6e
31-A-1041,Class A - Breeder,Millersburg,0,6027479,0,2026-07-07,7/7/2026,Buckeye Elite Pets,0,https://aphis.file.force.com/sfc/dist/version/download/?oid=00Dt0000000GyZH&ids=068SJ00001JRGel&d=%2Fa%2FSJ00000BUeL3%2FKPlIpCQ.bVhYOe1xegYZgIDqieLJMrHB7c5oqf0dYs0&asPdf=false,Buckeye Elite Pets,Ohio,0,44654,e361a73b16f64790
43-A-6970,Class A - Breeder,Princeton,0,6027484,0,2026-08-05,8/5/2026,David J Borntreger,0,https://aphis.file.force.com/sfc/dist/version/download/?oid=00Dt0000000GyZH&ids=068SJ00001OCoXe&d=%2Fa%2FSJ00000CF3GP%2F6F01bcw7HhwYxNrUMqsieRWB81Xddw0GrGOP5cdOaqM&asPdf=false,David J Borntreger,Missouri,0,64673,021bc8ff9e046847
58-C-1345,Class C - Exhibitor,Brooksville,0,6027488,0,2026-06-30,6/30/2026,3431 Saturn Rd LLC,0,https://aphis.file.force.com/sfc/dist/version/download/?oid=00Dt0000000GyZH&ids=068SJ00001IuA1p&d=%2Fa%2FSJ00000BPegf%2F4Mh5uBVkAMRUunPlLFYwK8weJ5cYgCHrxrRqPQrgmnM&asPdf=false,3431 Saturn Rd LLC,Florida,0,34604,70bd59527079affd
42-B-0344,Class B - Dealer,Cedar Falls,0,6027502,0,2026-07-13,7/13/2026,Cedar Bend Labradoodles LLC,0,https://aphis.file.force.com/sfc/dist/version/download/?oid=00Dt0000000GyZH&ids=068SJ00001KcU9F&d=%2Fa%2FSJ00000BesY1%2FUpL5_gD99dBgQkm0A0gnBPlwm5aiSscD0vtnQg9RA8g&asPdf=false,Cedar Bend Labradoodles LLC,Iowa,0,50613,06f20e668fd4371f
55-R-0160,Class R - Research Facility,Greensboro,0,6027511,0,2026-07-29,7/29/2026,University of North Carolina at Greensboro,0,https://aphis.file.force.com/sfc/dist/version/download/?oid=00Dt0000000GyZH&ids=068SJ00001MtkwO&d=%2Fa%2FSJ00000C2SkT%2F_OK_mQ62wptDVxU8p6bn.kHIMSJCrNxJhuiaZktReGw&asPdf=false,University of North Carolina at Greensboro,North Carolina,0,27412,27b740b10188c2bc
93-B-0268,Class B - Dealer,Arbuckle,0,6027523,0,2026-07-06,7/6/2026,Melissa Garrod-Van Laningham Luke Van Laningham,1,https://aphis.file.force.com/sfc/dist/version/download/?oid=00Dt0000000GyZH&ids=068SJ00001KK1x7&d=%2Fa%2FSJ00000Bbw57%2FpDsjvO_pRyD8ThBUDOwX_jvF.1MgGqWkiCBNIe.Hwq8&asPdf=false,Melissa Garrod-Van Laningham Luke Van Laningham,California,0,95912,c8b1e825535afcd5
93-B-0268,Class B - Dealer,Arbuckle,0,6027523,0,2026-07-14,7/14/2026,Melissa Garrod-Van Laningham Luke Van Laningham,0,https://aphis.file.force.com/sfc/dist/version/download/?oid=00Dt0000000GyZH&ids=068SJ00001MvYjI&d=%2Fa%2FSJ00000C3CCD%2FfK24j2ShQJOLpP3TpV4j3yvoGHLJIJttaWanpYE3GpU&asPdf=false,Melissa Garrod-Van Laningham Luke Van Laningham,California,0,95912,80818946b7c274e5
43-A-6969,Class A - Breeder,Chula,0,6027549,0,2026-08-18,8/18/2026,Paul Stauffer,0,https://aphis.file.force.com/sfc/dist/version/download/?oid=00Dt0000000GyZH&ids=068SJ00001PlJq7&d=%2Fa%2FSJ00000CU1Nx%2F7u2UbHnc0ZL_ooFtn_VB.fmxPFqGTdaqPdJHxnh10Ks&asPdf=false,Paul Stauffer,Missouri,0,64635,7d3db9d33cab9417
74-C-1207,Class C - Exhibitor,Amarillo,0,6027581,0,2026-06-25,6/25/2026,"Ready Set Rescue Animals, Reptiles, & Exotics",0,https://aphis.file.force.com/sfc/dist/version/download/?oid=00Dt0000000GyZH&ids=068SJ00001IcOGG&d=%2Fa%2FSJ00000BMhOB%2FrkaYexfL7p74IYmM_ITKgyrGXE19H6a4VOlBJOcEW58&asPdf=false,Ready Set Rescue Animals Reptiles & Exotics,Texas,0,79102,0e6b8f2678f12dd2
33-C-0557,Class C - Exhibitor,Manteno,0,6027598,0,2026-07-13,7/13/2026,Skyler Hendricks,0,https://aphis.file.force.com/sfc/dist/version/download/?oid=00Dt0000000GyZH&ids=068SJ00001KMcR1&d=%2Fa%2FSJ00000BcZPp%2F7ietK9sIW_mr_Uf2fcqNxbD.trCJCVLpxSXrlI4IaEk&asPdf=false,Skyler Hendricks,Illinois,0,60950,fa316295caa662a6
47-C-0072,Class C - Exhibitor,Chapman,0,6027616,0,2026-07-21,7/21/2026,Central Nebraska Reindeer Farm LLC,0,https://aphis.file.force.com/sfc/dist/version/download/?oid=00Dt0000000GyZH&ids=068SJ00001LWmEd&d=%2Fa%2FSJ00000BnpuH%2FDafvCXwukfklTonq.SLHf4n8YSEwH2GbcH.YKuwBdDg&asPdf=false,Central Nebraska Reindeer Farm LLC,Nebraska,0,68827,55fe595ab143e789
43-A-6967,Class A - Breeder,Neosho,0,6027678,0,2026-07-22,7/22/2026,Trevor Wilson,0,https://aphis.file.force.com/sfc/dist/version/download/?oid=00Dt0000000GyZH&ids=068SJ00001LyaQf&d=%2Fa%2FSJ00000BsA0r%2FkVWE_XLZdqaGWKIAUivuVauZuls0KM8OFPIZUZAHRQk&asPdf=false,Trevor Wilson,Missouri,0,64850,25b62424ef61dcf2
32-A-1176,Class A - Breeder,Etna Green,0,6027714,0,2026-07-14,7/14/2026,Clarence Bontrager,0,https://aphis.file.force.com/sfc/dist/version/download/?oid=00Dt0000000GyZH&ids=068SJ00001L01no&d=%2Fa%2FSJ00000Bj0qL%2Fzi.wnbKZRSJiovbmB61MDmbM26efpDGAxb_1Hn3a2bY&asPdf=false,Clarence Bontrager,Indiana,0,46524,1000bbde12eb23cf
43-C-0430,Class C - Exhibitor,Eagle Rock,0,6027734,0,2026-07-08,7/8/2026,Eureka Springs Safari Park,0,https://aphis.file.force.com/sfc/dist/version/download/?oid=00Dt0000000GyZH&ids=068SJ00001Jv8zw&d=%2Fa%2FSJ00000BZAPZ%2Fnwb84N04cqLdRlRGOSn5Vn._g8zffoGkxEGAM3rgGMs&asPdf=false,Eureka Springs Safari Park,Missouri,0,65641,96975763c644894e
61-C-0196,Class C - Exhibitor,Stanton,0,6027816,0,2026-07-09,7/9/2026,Red River Gorge Petting Zoo,0,https://aphis.file.force.com/sfc/dist/version/download/?oid=00Dt0000000GyZH&ids=068SJ00001Jzmvi&d=%2Fa%2FSJ00000Ba8AP%2FSZUV7xiULiyhwXGs14Uzci04kgalX9sry6m90C0F5Uw&asPdf=false,Red River Gorge Petting Zoo,Kentucky,0,40380,3781f1e7a1e6f29f
33-A-0647,Class A - Breeder,Jonesboro,0,6027818,0,2026-06-16,6/16/2026,Alyssa Penrod,0,https://aphis.file.force.com/sfc/dist/version/download/?oid=00Dt0000000GyZH&ids=068SJ00001GvgVe&d=%2Fa%2FSJ00000B64NZ%2F5AyhsCcHzH5zuPgA7mhSJkKe9O.6SG8Gb5_treUsCVE&asPdf=false,Alyssa Penrod,Illinois,0,62952,7f54b058a3554848
63-C-0327,Class C - Exhibitor,Trenton,0,6027832,0,2026-07-30,7/30/2026,Sleepy Hollow Safari,0,https://aphis.file.force.com/sfc/dist/version/download/?oid=00Dt0000000GyZH&ids=068SJ00001Mmon3&d=%2Fa%2FSJ00000C1NQH%2FrQw4.jUGJx0ml_84suNgaohSrV592dCXt5YoCIf6wHc&asPdf=false,Sleepy Hollow Safari,Tennessee,0,38382,7a7abd0988f04dc3
33-A-0651,Class A - Breeder,Arthur,0,6027833,0,2026-08-20,8/20/2026,David Ray & Treva Schrock,0,https://aphis.file.force.com/sfc/dist/version/download/?oid=00Dt0000000GyZH&ids=068SJ00001Po8Wb&d=%2Fa%2FSJ00000CUOFh%2FYAQqQUgEzZJSMmNmH_p3zkjQ8hocIEBVVOK8la5N8gs&asPdf=false,David Ray & Treva Schrock,Illinois,0,61911,189c64b1c07d96b6
43-A-6971,Class A - Breeder,Harrisonville,0,6027838,0,2026-07-20,7/20/2026,Michael Wray,0,https://aphis.file.force.com/sfc/dist/version/download/?oid=00Dt0000000GyZH&ids=068SJ00001LRGIl&d=%2Fa%2FSJ00000BmeG9%2Fz5a8EI6EBRfCoyqHYVp64XYFDU53nLcP8icX03MH1wE&asPdf=false,Michael Wray,Missouri,0,64701,45373e6926db58ff
32-A-1178,Class A - Breeder,Coal City,0,6027897,0,2026-06-16,6/16/2026,Jeremiah Knepp,0,https://aphis.file.force.com/sfc/dist/version/download/?oid=00Dt0000000GyZH&ids=068SJ00001Gmmex&d=%2Fa%2FSJ00000B4QyU%2FKAok8_fn.6yA1OyMa1F0nGT.JJfHFxRWMKg1Q8B7vxg&asPdf=false,Jeremiah Knepp,Indiana,0,47427,c4e359e98efab3ca
32-C-0307,Class C - Exhibitor,Indianapolis,0,6027905,0,2026-07-23,7/23/2026,Eagle Creek Park Ornithology Center,0,https://aphis.file.force.com/sfc/dist/version/download/?oid=00Dt0000000GyZH&ids=068SJ00001LpUnZ&d=%2Fa%2FSJ00000BqklB%2F_mzFLKJ5ACS2ZDpTqRKIe5vvxKBZvQhzKpL2XNtzXwg&asPdf=false,Eagle Creek Park Ornithology Center,Indiana,0,46278,b7c4c0c23c7917c5
21-C-0541,Class C - Exhibitor,Darien Center,0,6027906,0,2026-07-08,7/8/2026,Mark J. Miller Jr.,0,https://aphis.file.force.com/sfc/dist/version/download/?oid=00Dt0000000GyZH&ids=068SJ00001JdAsB&d=%2Fa%2FSJ00000BWXs9%2F_O1WoCpI2cSAxx4cW4AgR5qgr.B8Zt6gwWIpwNkJLLc&asPdf=false,Mark J. Miller Jr.,New York,0,14040,b0cd479a54718f62
21-A-0242,Class A - Breeder,Rexville,0,6027931,0,2026-08-10,8/10/2026,Bonni Kowalke,0,https://aphis.file.force.com/sfc/dist/version/download/?oid=00Dt0000000GyZH&ids=068SJ00001OQpOl&d=%2Fa%2FSJ00000CHFLV%2FqjSc6HLmgPV_q40ojjrUK3tHeyOxg50CaRqj8jRXSgk&asPdf=false,Bonni Kowalke,New York,0,14877,7ef61b4a970c22b7
32-A-1177,Class A - Breeder,Lagrange,0,6027954,0,2026-06-25,6/25/2026,Royal Paws LLC,0,https://aphis.file.force.com/sfc/dist/version/download/?oid=00Dt0000000GyZH&ids=068SJ00001I19eV&d=%2Fa%2FSJ00000BGxvS%2F_0mGQ5UtxRde_.59Vch8wYFtl9kG_El0rZRnjvlJvvM&asPdf=false,Royal Paws LLC,Indiana,0,46761,e3a4880e8d21a1e8
72-C-0253,Class C - Exhibitor,Prairieville,0,6027978,0,2026-07-06,7/6/2026,"Chapple Farms, LLC",0,https://aphis.file.force.com/sfc/dist/version/download/?oid=00Dt0000000GyZH&ids=068SJ00001LBLFr&d=%2Fa%2FSJ00000BkEuT%2FRvGrIfBsfgqz7eB_t_a8goAmHqbmkuBryvbyeUUcS3A&asPdf=false,"Chapple Farms, LLC",Louisiana,0,70769,4640dd712623fddc
72-C-0253,Class C - Exhibitor,Prairieville,0,6027978,0,2026-08-19,8/19/2026,"Chapple Farms, LLC",1,https://aphis.file.force.com/sfc/dist/version/download/?oid=00Dt0000000GyZH&ids=068SJ00001PWmyp&d=%2Fa%2FSJ00000CS37J%2F6ckMcTJnU_2EzRmQ.Z9U.x4.eDHjA91DbnSzlPu6THI&asPdf=false,"Chapple Farms, LLC",Louisiana,0,70769,b2336b9f963268b8
43-C-0433,Class C - Exhibitor,Russelville,0,6027986,0,2026-06-29,6/29/2026,Jessica Turpin,0,https://aphis.file.force.com/sfc/dist/version/download/?oid=00Dt0000000GyZH&ids=068SJ00001JDn1N&d=%2Fa%2FSJ00000BS8yo%2FjuifBG0_d2lhdMuOvHc1kAN8UdEhlZRQ7VMlGQIc0A4&asPdf=false,Jessica Turpin,Missouri,0,65074,edee4376a1acde30
93-C-1222,Class C - Exhibitor,TRABUCO CANYON,0,6028002,0,2026-07-01,7/1/2026,Orange County Bird of Prey Center,0,https://aphis.file.force.com/sfc/dist/version/download/?oid=00Dt0000000GyZH&ids=068SJ00001ImzJV&d=%2Fa%2FSJ00000BOnCX%2F4TEs4vrplV5C.mSOGwbnmKqczFFum.r3A5Ct0wHOol8&asPdf=false,Orange County Bird of Prey Center,California,0,92679,d5225f52b5d70779
32-R-0062,Class R - Research Facility,Springport,0,6028031,0,2026-07-30,7/30/2026,"The Revere Group, LLC",0,https://aphis.file.force.com/sfc/dist/version/download/?oid=00Dt0000000GyZH&ids=068SJ00001MwcBA&d=%2Fa%2FSJ00000C3Bb7%2F4GryURWC9GX3SfPlZa6.9NVlPJTRWEYdupWKyr5vVtE&asPdf=false,"The Revere Group, LLC",Indiana,0,47386,070447b1632ff227
31-A-1047,Class A - Breeder,Fredricksburg,0,6028056,0,2026-08-04,8/4/2026,Reuben Miller,0,https://aphis.file.force.com/sfc/dist/version/download/?oid=00Dt0000000GyZH&ids=068SJ00001NaSeS&d=%2Fa%2FSJ00000Ck55p%2FzXscqqD9RqQ8pSar9_0uSva_rfa7Ue7ZrkT6Jh1NEDM&asPdf=false,Reuben Miller,Ohio,0,44627,6bbc81c19a24bd0a
43-A-6972,Class A - Breeder,Latham,0,6028078,0,2026-07-20,7/20/2026,Michael Reiff,0,https://aphis.file.force.com/sfc/dist/version/download/?oid=00Dt0000000GyZH&ids=068SJ00001LXgov&d=%2Fa%2FSJ00000BnzX3%2FnfmC9tp6qm_z_8lEMnvFIFXf_yIyWEQe6c_Nk_.8fc8&asPdf=false,Michael Reiff,Missouri,0,65050,6743b88dba2f7745
91-B-0117,Class B - Dealer,Mount Veron,0,6028091,0,2026-06-24,6/24/2026,Joshua David Kientz,0,https://aphis.file.force.com/sfc/dist/version/download/?oid=00Dt0000000GyZH&ids=068SJ00001Hs8uP&d=%2Fa%2FSJ00000BFdKT%2FKY8fkoVF8X57LYUzEhHWENubwiuWGyxUDKNggEKVJjk&asPdf=false,Joshua David Kientz,Washington,0,98274,182e871be9a3dd61
32-A-1179,Class A - Breeder,Odon,0,6028096,0,2026-08-10,8/10/2026,Barns Branch Bullies,0,https://aphis.file.force.com/sfc/dist/version/download/?oid=00Dt0000000GyZH&ids=068SJ00001OG4Nx&d=%2Fa%2FSJ00000CFOJF%2FChmc_y4fkLvmw9e7T5Sb6Go5ufVnAdWkE5NtIxuumqw&asPdf=false,Barns Branch Bullies,Indiana,0,47562,919183eaa2b64a07
43-B-3875,Class B - Dealer,Fredericktown,0,6028144,0,2026-06-29,6/29/2026,Pakey Matthews,0,https://aphis.file.force.com/sfc/dist/version/download/?oid=00Dt0000000GyZH&ids=068SJ00001ISQGF&d=%2Fa%2FSJ00000BLEmP%2Fd056nXB6oqyRXA_QCIWTpiE93xUZrdUn..16JqIYxGQ&asPdf=false,Pakey Matthews,Missouri,0,63645,353cd0825830a8e2
31-A-1046,Class A - Breeder,Beaver,0,6028146,0,2026-07-23,7/23/2026,Emanuel Kanagy,0,https://aphis.file.force.com/sfc/dist/version/download/?oid=00Dt0000000GyZH&ids=068SJ00001LqQwW&d=%2Fa%2FSJ00000Br8cD%2FdTQSdpcc2FDpnUFtD84KNtkhDiHQWnYUa7qi_.IA1J8&asPdf=false,Emanuel Kanagy,Ohio,0,45613,7917ef78ddcfd715
58-C-1347,Class C - Exhibitor,Clearwater,0,6028164,0,2026-07-24,7/24/2026,Croc Springs Inc.,0,https://aphis.file.force.com/sfc/dist/version/download/?oid=00Dt0000000GyZH&ids=068SJ00001LzxDI&d=%2Fa%2FSJ00000BsgaD%2FMl0UxSjLPNXMmRtlwG7G0q5HfjrdBJT06prgiWbv0wc&asPdf=false,Croc Springs Inc.,Florida,0,33765,600e8a3190ae2eab
67-C-0028,Class C - Exhibitor,Loganville,0,6028195,0,2026-07-21,7/21/2026,Camp Carousel,0,https://aphis.file.force.com/sfc/dist/version/download/?oid=00Dt0000000GyZH&ids=068SJ00001LTj3i&d=%2Fa%2FSJ00000BnCmT%2Fdy0m0f37rh5B2EEoMgI1vp9RZR7u8DXy__7SeitNn4I&asPdf=false,Camp Carousel,Georgia,0,30052,676ec3c681ba1a4f
31-A-1043,Class A - Breeder,Millersburg,0,6028201,0,2026-07-07,7/7/2026,Walnut Valley Puppies LLC,0,https://aphis.file.force.com/sfc/dist/version/download/?oid=00Dt0000000GyZH&ids=068SJ00001JPTbT&d=%2Fa%2FSJ00000BUKXd%2Fe4IZ7I.YjHhFd2UifwZD0_9SCPRFL0FdLujJeSeDp0o&asPdf=false,Walnut Valley Puppies LLC,Ohio,0,44654,d6fa6089c633de69
35-R-0143,Class R - Research Facility,Eau Claire,0,6028204,0,2026-08-04,8/4/2026,"HeartWorks, Inc.",0,https://aphis.file.force.com/sfc/dist/version/download/?oid=00Dt0000000GyZH&ids=068SJ00001O6Xkh&d=%2Fa%2FSJ00000CDkNt%2F9QbmpJ4SzcC9DElzRPot_ebY6.0yH72BbGLNLfbY5Nc&asPdf=false,"HeartWorks, Inc.",Wisconsin,0,54701,1feeb179f4dbb740
32-C-0308,Class C - Exhibitor,Greenfield,0,6028249,0,2026-07-27,7/27/2026,Leah C Perry,0,https://aphis.file.force.com/sfc/dist/version/download/?oid=00Dt0000000GyZH&ids=068SJ00001MHSWC&d=%2Fa%2FSJ00000BviKX%2FZoJ5dmUYCtQwsbyC1qGWMkbuGUCYFIoMrTHdb37en3o&asPdf=false,Leah C Perry,Indiana,0,46140,729d70214db20b4a
43-A-6974,Class A - Breeder,Princeton,0,6028293,0,2026-08-11,8/11/2026,Roman J Detweiler,0,https://aphis.file.force.com/sfc/dist/version/download/?oid=00Dt0000000GyZH&ids=068SJ00001Oldkh&d=%2Fa%2FSJ00000CKoUn%2Fr5F.F08E_XiZ1TWx6QO75cgZtNnUELb8ggYW3vG7Dz8&asPdf=false,Roman J Detweiler,Missouri,0,64673,dfe5124aedd67b53
31-B-0248,Class B - Dealer,Millersburg,0,6028298,0,2026-08-10,8/10/2026,Buckeye Hard Woods LLC,0,https://aphis.file.force.com/sfc/dist/version/download/?oid=00Dt0000000GyZH&ids=068SJ00001OCHV1&d=%2Fa%2FSJ00000CEwur%2FRuixtp6PR_CxahFOnncyTQQJDmMBsK848j2usXOBYJ0&asPdf=false,Buckeye Hard Woods LLC,Ohio,0,44654,b68bd2280d52a334
33-C-0558,Class C - Exhibitor,Ashley,0,6028322,0,2026-08-13,8/13/2026,Rector's Mini Ranch LLC,0,https://aphis.file.force.com/sfc/dist/version/download/?oid=00Dt0000000GyZH&ids=068SJ00001OnCxv&d=%2Fa%2FSJ00000CKy2k%2F5rppb12PAFbafkzX.HO_Q7BfuoUkzI7is.51Snr_iN8&asPdf=false,Rector's Mini Ranch LLC,Illinois,0,62808,f30c678984c76e3e
43-A-6975,Class A - Breeder,Lamar,0,6028342,0,2026-08-11,8/11/2026,Samuel J Borntrager,0,https://aphis.file.force.com/sfc/dist/version/download/?oid=00Dt0000000GyZH&ids=068SJ00001OeUay&d=%2Fa%2FSJ00000CJjYn%2FpMNAS.zhqnEEp6SOem1ipsvfvKIeqNxe9mADbC5tgz0&asPdf=false,Samuel J Bontrager,Missouri,0,64759,c747336f8a2f2be3
48-A-2274,Class A - Breeder,Whiting,0,6028398,0,2026-08-13,8/13/2026,PK9 LLC,0,https://aphis.file.force.com/sfc/dist/version/download/?oid=00Dt0000000GyZH&ids=068SJ00001OfIys&d=%2Fa%2FSJ00000CJk0D%2Fs0Ew5b.qZ7Y6uLahppssclpQ.8xT.FivQJiS444IUkk&asPdf=false,PK9 LLC,Kansas,0,66552,ec422eeacb5b44b6
32-A-1104,Class A - Breeder,LAGRANGE,0,603843,0,2026-06-23,6/23/2026,Mahlon Lambright,0,https://aphis.file.force.com/sfc/dist/version/download/?oid=00Dt0000000GyZH&ids=068SJ00001Hfo8L&d=%2Fa%2FSJ00000BDVaj%2FsXpq7PKKIqtMdsNmWT_zmneaWXVWzM54nu0V4.6J9Xo&asPdf=false,Mahlon Lambright,Indiana,0,46761,5afd9449c827b05a
21-B-0211,Class B - Dealer,Brooklyn,0,603849,0,2026-07-21,7/21/2026,Merlin AAA Plus Corp,0,https://aphis.file.force.com/sfc/dist/version/download/?oid=00Dt0000000GyZH&ids=068SJ00001LpwTq&d=%2Fa%2FSJ00000Bqx5i%2FGlGk8DYf0zQr7iReF61hxRLGwOYUgLVR4CBNLeVSU48&asPdf=false,Merlin AAA Plus Corp,New York,0,11235,a517cd5b5fbdefc1
43-A-6633,Class A - Breeder,Anderson,0,603867,0,2026-07-13,7/13/2026,Virginia Whaley,0,https://aphis.file.force.com/sfc/dist/version/download/?oid=00Dt0000000GyZH&ids=068SJ00001Kzg6X&d=%2Fa%2FSJ00000BiTb4%2FDe_OfZa50yFFwkeqoR4bhAxERGYEhtjQjMdhD6TfKsM&asPdf=false,Virginia Whaley,Missouri,0,64831,1976a9cc2c25402b
71-A-1416,Class A - Breeder,Wesley,0,604780,0,2026-07-14,7/14/2026,Kevin Yoder & Rhoda Yoder,0,https://aphis.file.force.com/sfc/dist/version/download/?oid=00Dt0000000GyZH&ids=068SJ00001KXRYU&d=%2Fa%2FSJ00000BeEty%2F.J2LyI3xrZYkcTWuTlQsK03ucxIsQMK7.dJLTjr7d.o&asPdf=false,Kevin Yoder & Rhoda Yoder,Arkansas,0,72773,3fca6753c409ae63
32-A-0894,Class A - Breeder,Geneva,0,604786,0,2026-07-27,7/27/2026,Nathan Schwartz,1,https://aphis.file.force.com/sfc/dist/version/download/?oid=00Dt0000000GyZH&ids=068SJ00001MMY1K&d=%2Fa%2FSJ00000BwHBp%2FCTuRkoC7XSx9R6TXvhpQwGS3Ny0dt9BS8628c12DSP8&asPdf=false,Nathan Schwartz,Indiana,0,46740,adaf219129730856
74-C-0371,Class C - Exhibitor,SAN MARCOS,0,6050,0,2026-08-26,8/26/2026,Mostyn Enterprise,1,https://aphis.file.force.com/sfc/dist/version/download/?oid=00Dt0000000GyZH&ids=068SJ00001QwZsQ&d=%2Fa%2FSJ00000CdtQl%2Fdsm6Mevuo3N7VZXwwFbuw5aHriB_BlvQENdvyvO5JgU&asPdf=false,MOSTYN ENTERPRISES INC,Texas,0,78667,96aeabb9511267d1
35-R-0017,Class R - Research Facility,MILWAUKEE,0,612,0,2026-08-18,8/18/2026,University Of Wisconsin-Milwaukee,0,https://aphis.file.force.com/sfc/dist/version/download/?oid=00Dt0000000GyZH&ids=068SJ00001POfzH&d=%2Fa%2FSJ00000CQZ9i%2F3dWKcC_v6i2IRpHCCj_zdDaUp9xc1wsmsSLWjSnNunU&asPdf=false,UNIVERSITY OF WISCONSIN-MILWAUKEE CAMPUS,Wisconsin,0,53211,0a41074fad3f0d9b
43-A-2557,Class A - Breeder,TRENTON,0,6142,0,2026-08-06,8/6/2026,Jody McCloud,0,https://aphis.file.force.com/sfc/dist/version/download/?oid=00Dt0000000GyZH&ids=068SJ00001OW9Y5&d=%2Fa%2FSJ00000CII7d%2FcwyELiamXZbfSnE7ews3qiMWQloG7qoVz6M.jDPG2MA&asPdf=false,JODY MC CLOUD,Missouri,0,64683,b30936cf75251355
35-C-0314,Class C - Exhibitor,Babcock,0,615,0,2026-07-14,7/14/2026,Wisconsin Dept of Natural Resources,0,https://aphis.file.force.com/sfc/dist/version/download/?oid=00Dt0000000GyZH&ids=068SJ00001KSqHg&d=%2Fa%2FSJ00000BdpFd%2FWTgp2pwDKSyVePvvU.8QqBkRRlJYG3jjc391ffDZ4Js&asPdf=false,Wisconsin Dept of Natural Resources,Wisconsin,0,54413,ee1a363ce5cb4e05
45-C-0024,Class C - Exhibitor,Fargo,0,6206,0,2026-06-15,6/15/2026,Red River Zoological Society,0,https://aphis.file.force.com/sfc/dist/version/download/?oid=00Dt0000000GyZH&ids=068SJ00001GpXZv&d=%2Fa%2FSJ00000B5CIL%2FNV9OWyND.W19VE2OKyLDWzIJojSESiXDNhY7_.CCyEw&asPdf=false,Red River Zoological Society,North Dakota,0,58104,1b0cab79a09aaf02
35-C-0427,Class C - Exhibitor,Weyauwega,0,6211,0,2026-06-23,6/23/2026,Dawn Hofferber,5,https://aphis.file.force.com/sfc/dist/version/download/?oid=00Dt0000000GyZH&ids=068SJ00001Ilw9A&d=%2Fa%2FSJ00000BOYv3%2FG2lB90gAxCPskf4AMqAxOzL49XdidCcaryUNbzDSCKM&asPdf=false,Dawn Hofferber,Wisconsin,0,54983,055808610cb17116
35-C-0427,Class C - Exhibitor,Weyauwega,0,6211,0,2026-07-17,7/17/2026,Dawn Hofferber,0,https://aphis.file.force.com/sfc/dist/version/download/?oid=00Dt0000000GyZH&ids=068SJ00001M2QBB&d=%2Fa%2FSJ00000BtCev%2FGbsfXicbm6edzf7dvYiw3lf6F4T8wgNWb1AX1gDd50w&asPdf=false,Dawn Hofferber,Wisconsin,0,54983,a0b5c29c50038615
56-C-0252,Class C - Exhibitor,North Myrtle Beach,0,6239,0,2026-07-13,7/13/2026,Alligator Adventure,0,https://aphis.file.force.com/sfc/dist/version/download/?oid=00Dt0000000GyZH&ids=068SJ00001Kp4ig&d=%2Fa%2FSJ00000Bh2t3%2FCAZOToVMHLJ.pQqDnAsZF3MedOivI0RTk.GUJmoLr5Y&asPdf=false,Alligator Adventure,South Carolina,0,29598,493e952003c3c775
35-R-0029,Class R - Research Facility,MILWAUKEE,0,634,0,2026-08-19,8/19/2026,Medical College of Wisconsin,0,https://aphis.file.force.com/sfc/dist/version/download/?oid=00Dt0000000GyZH&ids=068SJ00001PSSU1&d=%2Fa%2FSJ00000CRQAn%2FXjIvL9fRp8LtyZyssakLBfeHIke5PZFEQCtgZAzbWB8&asPdf=false,MEDICAL COLLEGE OF WI,Wisconsin,0,53226,4704826de7fcac70
93-B-0269,Class B - Dealer,Twenty-nine Palms,0,6355,0,2026-08-18,8/18/2026,Allen Thompson,0,https://aphis.file.force.com/sfc/dist/version/download/?oid=00Dt0000000GyZH&ids=068SJ00001PTyYC&d=%2Fa%2FSJ00000CRfjJ%2FLbkGHNdFmBvufIZrQQLEaW0uopwCFNMdF.x6AO88kPs&asPdf=false,Allen Thompson,California,0,92277,7d66ed3e68422ae3
14-C-0051,Class C - Exhibitor,Ludlow,0,6358,0,2026-07-17,7/17/2026,Lupa Game Farm Inc,0,https://aphis.file.force.com/sfc/dist/version/download/?oid=00Dt0000000GyZH&ids=068SJ00001LqOho&d=%2Fa%2FSJ00000Br6Tx%2FGiPqddLpPeAp.rhRH.yIsETV7iNfxJXzdybsaRp16WM&asPdf=false,Lupa Game Farm Inc,Massachusetts,0,01056,621cccfa14380844
14-C-0051,Class C - Exhibitor,Ludlow,0,6358,0,2026-08-19,8/19/2026,Lupa Game Farm Inc,0,https://aphis.file.force.com/sfc/dist/version/download/?oid=00Dt0000000GyZH&ids=068SJ00001QLOMZ&d=%2Fa%2FSJ00000CXuZB%2FD9EvC6Vkj320F.JP8yeOjUSE6TQnDFZ4hdFr_MFfK2k&asPdf=false,Lupa Game Farm Inc,Massachusetts,0,01056,c9206928c97494c9
35-R-0030,Class R - Research Facility,GREENFIELD,0,640,0,2026-07-28,7/28/2026,Labcorp Early Development Laboratories Inc,0,https://aphis.file.force.com/sfc/dist/version/download/?oid=00Dt0000000GyZH&ids=068SJ00001MXfk6&d=%2Fa%2FSJ00000ByDX7%2FOkbTfXQd9SmLIt3Dl661q8fUHbBbjL5QI_rDfjxNz.4&asPdf=false,Labcorp Early Development Laboratories Inc,Indiana,0,46140,c2a366bcc28f5e2c
22-C-0092,Class C - Exhibitor,Titusville,0,6412,0,2026-08-28,8/28/2026,Mercer County WIldlife Center,0,https://aphis.file.force.com/sfc/dist/version/download/?oid=00Dt0000000GyZH&ids=068SJ00001Qvmhy&d=%2Fa%2FSJ00000CdnJh%2FbV5fizUPeCbg7AKCsiKMTmgFC1DQFRokxReepyOBqYE&asPdf=false,Mercer County Wildlife Center,New Jersey,0,08560,d47b0fef4d951f5b
35-R-0138,Class R - Research Facility,MILWAUKEE,0,643,0,2026-08-17,8/17/2026,Marquette University,0,https://aphis.file.force.com/sfc/dist/version/download/?oid=00Dt0000000GyZH&ids=068SJ00001P8qm3&d=%2Fa%2FSJ00000CODmn%2FTSZRGnFu806Xy7fcgZPAcJZL3_OIskYWK1fU7oVSycQ&asPdf=false,SCHROEDER HEALTH SCIENCES & WEHR LIFE SCIENCES,Wisconsin,0,53201,03be43824ecc9cb4
42-B-0159,Class B - Dealer,Lake Mills,0,6475,0,2026-07-28,7/28/2026,Heritage Puppies LLC,0,https://aphis.file.force.com/sfc/dist/version/download/?oid=00Dt0000000GyZH&ids=068SJ00001MSUkc&d=%2Fa%2FSJ00000BxexZ%2FbWMml.sONQ14eMLMk.cp1bDtEfIzYwHJQ9og5RTNiD4&asPdf=false,Heritage Puppies LLC,Iowa,0,50450,7109bf5ac9338bc1
33-C-0545,Class C - Exhibitor,Mulberry Grove,0,6486,0,2026-06-30,6/30/2026,Karen Woody Gregg Woody,0,https://aphis.file.force.com/sfc/dist/version/download/?oid=00Dt0000000GyZH&ids=068SJ00001JDmur&d=%2Fa%2FSJ00000BS9TR%2FefcL.Uhf46LPbMpVRSU2zzRUG1HQX8O7.ArLXRhs26I&asPdf=false,Karen Woody Gregg Woody,Illinois,0,62262,d2f8efd3dda1de8f
74-B-0805,Class B - Dealer,Eustace,0,6543,0,2026-08-04,8/4/2026,Larry Munchrath,0,https://aphis.file.force.com/sfc/dist/version/download/?oid=00Dt0000000GyZH&ids=068SJ00001OF8YQ&d=%2Fa%2FSJ00000CFFcX%2F6l2bCVBxuPt3LbdtrUTInYKV57dm7Lw07NJncxL1Lq8&asPdf=false,Larry Muchrath,Texas,0,75124,75e1635c75f7fb2a
74-C-0392,Class C - Exhibitor,Dallas,0,6545,0,2026-06-25,6/25/2026,The Dallas World Aquarium,0,https://aphis.file.force.com/sfc/dist/version/download/?oid=00Dt0000000GyZH&ids=068SJ00001IB2gj&d=%2Fa%2FSJ00000BIi13%2FGn9gOqj_CwLP6WAIt6jbCSrfrBBMZlfXHeUgYeuvb5s&asPdf=false,The Dallas World Aquarium,Texas,0,75202,f87605a4ee93af35
48-B-0187,Class B - Dealer,Shawnee,0,6550,0,2026-08-20,8/20/2026,Pet Stop Inc.,0,https://aphis.file.force.com/sfc/dist/version/download/?oid=00Dt0000000GyZH&ids=068SJ00001PgZlh&d=%2Fa%2FSJ00000CTUGj%2FZRaCFw4Psc1xkvjybmHTWBJ9vrSQ3hy6lw96EkicUSE&asPdf=false,Pet Stop Inc.,Kansas,0,66203,dadcecdc3d566044
74-B-0328,Class B - Dealer,MADISONVILLE,0,6797,0,2026-07-02,7/2/2026,Russell Barham,0,https://aphis.file.force.com/sfc/dist/version/download/?oid=00Dt0000000GyZH&ids=068SJ00001JDJg5&d=%2Fa%2FSJ00000BS76f%2FIYUrfY3_IiaMJci07o8mcvW56kjZ358ovNXDK.Aomfw&asPdf=false,RUSSELL BARHAM,Texas,0,77864,4a9073443616e021
34-C-0131,Class C - Exhibitor,Roscommon,0,6829,0,2026-08-11,8/11/2026,Rachelle Gehringer Andrew Gehringer,0,https://aphis.file.force.com/sfc/dist/version/download/?oid=00Dt0000000GyZH&ids=068SJ00001PonqA&d=%2Fa%2FSJ00000CUg4X%2Fy.wYJ8LtnC4Oma91ffpJ8DJ5.suwUcyDBv7aHvSoAAg&asPdf=false,Andrew Gehringer Rachelle Gehringer,Michigan,0,48653,213591a3b7bd3beb
46-A-0238,Class A - Breeder,Stickney,0,6874,0,2026-08-20,8/20/2026,Beverly Nydam,0,https://aphis.file.force.com/sfc/dist/version/download/?oid=00Dt0000000GyZH&ids=068SJ00001PpZGR&d=%2Fa%2FSJ00000CUnlx%2FxMd7sHVFpQdRHmUATcrQar96doTUdcn3ifiv2AK6bWw&asPdf=false,Beverly Nydam,South Dakota,0,57375,7b252afb591052dd
10-R-0004,Class R - Research Facility,WASHINGTON,0,69,0,2026-08-12,8/12/2026,Georgetown University,0,https://aphis.file.force.com/sfc/dist/version/download/?oid=00Dt0000000GyZH&ids=068SJ00001Ofket&d=%2Fa%2FSJ00000CJkt3%2FJUJjVpsdqRXnDT6Xyhwh4rwKh5JNZsu.KxiMSjv2sq4&asPdf=false,GEORGETOWN UNIVERSITY,District of Columbia,0,20057,e6fe077f73f6fadd
74-B-0332,Class B - Dealer,ALICE,0,6906,0,2026-07-06,7/6/2026,Envigo Global Services Inc,0,https://aphis.file.force.com/sfc/dist/version/download/?oid=00Dt0000000GyZH&ids=068SJ00001Jba7i&d=%2Fa%2FSJ00000BWC4X%2FPDnvIDWQWHKFE6uHtrTXVuncfWpUv2VIfnp_2ZBmXm8&asPdf=false,ENVIGO GLOBAL SERVICES INC,Texas,0,78332,8e7fe81be0ee649c
43-A-2754,Class A - Breeder,Trenton,0,6952,0,2026-08-06,8/6/2026,Rhonda Wiggins,0,https://aphis.file.force.com/sfc/dist/version/download/?oid=00Dt0000000GyZH&ids=068SJ00001OLnxC&d=%2Fa%2FSJ00000CGVNV%2F5VS.0dLjZnAgYhi9rc_nirRNfanl2bp7cAe9kOemT8w&asPdf=false,Rhonda Wiggins,Missouri,0,64683,aa2ab6002e39bad6
34-C-0178,Class C - Exhibitor,Canton,0,6957,0,2026-07-07,7/7/2026,Nelson Pearson III,0,https://aphis.file.force.com/sfc/dist/version/download/?oid=00Dt0000000GyZH&ids=068SJ00001JyEBB&d=%2Fa%2FSJ00000BZiuH%2FAGzdW6mq1YyaCkcndb57IUovF9wriH0dnlVckupyrGQ&asPdf=false,Nelson Pearson III,Michigan,0,48187,83034ef5193dcb28
43-C-0161,Class C - Exhibitor,PIGEON FORGE,0,6962,0,2026-08-27,8/27/2026,World Choice Investments LLC,0,https://aphis.file.force.com/sfc/dist/version/download/?oid=00Dt0000000GyZH&ids=068SJ00001Qjq4d&d=%2Fa%2FSJ00000Cbm6n%2F2Z0aksLLUPEM516SM93jOn.OuHqd3Nv_hyPwnHxvuUg&asPdf=false,HATFIELD & MCCOY DINNER FEUD,Tennessee,0,37863,e7fb180f7140cadb
58-C-0615,Class C - Exhibitor,Saint Cloud,0,6987,0,2026-08-04,8/4/2026,"Central Florida Animal Reserve, Inc",0,https://aphis.file.force.com/sfc/dist/version/download/?oid=00Dt0000000GyZH&ids=068SJ00001NXOoz&d=%2Fa%2FSJ00000Ck9vp%2FMuV.Crn3SWwT4UVmv8DS8hDKawwaA6EoD4RyeLf_tFE&asPdf=false,"Central Florida Animal Reserve, Inc",Florida,0,34773,e35b22fd06e03629
58-C-0616,Class C - Exhibitor,Key Largo,0,6989,0,2026-08-27,8/27/2026,Dolphins Plus Bayside Inc,0,https://aphis.file.force.com/sfc/dist/version/download/?oid=00Dt0000000GyZH&ids=068SJ00001QwVX3&d=%2Fa%2FSJ00000Ce5lF%2Fw07RTCp1ddQMw8bNAzvBkrQ0EB60hHrVRUshupza3Is&asPdf=false,Dolphins Plus Bayside Inc,Florida,0,33037,aeb81a9b3bab9cf4
58-R-0176,Class R - Research Facility,Key Largo,0,6989,0,2026-08-27,8/27/2026,Dolphins Plus Bayside Inc,0,https://aphis.file.force.com/sfc/dist/version/download/?oid=00Dt0000000GyZH&ids=068SJ00001QvzpI&d=%2Fa%2FSJ00000Ce4kL%2FQRCsK.Wm3fPObZgrMaZ1FfEEZMtHrTsd36VWkCo07k8&asPdf=false,Dolphins Plus Bayside Inc.,Florida,0,33037,867fec596b41753a
73-A-2336,Class A - Breeder,LONGDALE,0,7068,0,2026-08-11,8/11/2026,Joy DeAnn McGahen,0,https://aphis.file.force.com/sfc/dist/version/download/?oid=00Dt0000000GyZH&ids=068SJ00001OltKi&d=%2Fa%2FSJ00000CKpST%2FVzWuyOFcz9CI3qEFxNBglgNB.PVFC57gwz7NZ1LG1h0&asPdf=false,Joy DeAnn McGahen,Oklahoma,0,73755,bf7a612e0cd6968f
11-R-0002,Class R - Research Facility,SCARBOROUGH,0,71,0,2026-07-30,7/30/2026,Maine Medical Center,0,https://aphis.file.force.com/sfc/dist/version/download/?oid=00Dt0000000GyZH&ids=068SJ00001MnWrQ&d=%2Fa%2FSJ00000CjzMz%2FbSj8.2Qlaupc8PQE4ZcVYo74zgv0ox25Q7Y55IBSAwQ&asPdf=false,MAINE MEDICAL CENTER RESEARCH INSTITUTE,Maine,0,04074,ec85f674a405831f
96-C-0024,Class C - Exhibitor,SEWARD,0,7106,0,2026-07-27,7/27/2026,Seward Association for the Advancement of Marine Science,0,https://aphis.file.force.com/sfc/dist/version/download/?oid=00Dt0000000GyZH&ids=068SJ00001MKvmk&d=%2Fa%2FSJ00000Bw1dJ%2Fby_Y1NNSP2Yv4qALk_XGcufqtPRIZHjIZTbwVUs7zis&asPdf=false,Seward Association for the Advancement of Marine Science,Alaska,0,99664,85cc54ca38dad7cc
21-C-0504,Class C - Exhibitor,Spencerport,0,7110,0,2026-07-23,7/23/2026,Heritage Christian Services Inc,0,https://aphis.file.force.com/sfc/dist/version/download/?oid=00Dt0000000GyZH&ids=068SJ00001LomwD&d=%2Fa%2FSJ00000BqZsz%2FlIZDs6cCSLbS6QDpBEgi94fGtsZJcL3suaLjMWyZt4Y&asPdf=false,"Heritage Christian Services, Inc.",New York,0,14559,e2381a36486345c8
43-A-2783,Class A - Breeder,Ulman,0,7133,0,2026-06-17,6/17/2026,Donna Patterson,0,https://aphis.file.force.com/sfc/dist/version/download/?oid=00Dt0000000GyZH&ids=068SJ00001HkchX&d=%2Fa%2FSJ00000BE0cv%2FQuIDp43vmcBZRWWLqWyeFhVHNMeqQqxexw4ff1_iOVo&asPdf=false,Donna Patterson,Missouri,0,65083,784eac7b1a93c1d0
43-C-0370,Class C - Exhibitor,Kansas City,0,7159,0,2026-07-17,7/17/2026,"City of Kansas City, MO Parks and Recreation",1,https://aphis.file.force.com/sfc/dist/version/download/?oid=00Dt0000000GyZH&ids=068SJ00001LrUBU&d=%2Fa%2FSJ00000Br7Q7%2FqfspHWCa28eI2gzXE0ygXgiv0s8dtNmgFkOzZTJKXN8&asPdf=false,"City of Kansas City, MO Parks and Recreation",Missouri,0,64132,c0948af05a26ad93
23-C-0153,Class C - Exhibitor,Fairfield,0,7182,0,2026-07-16,7/16/2026,East Coast Exotic Animal Rescue Inc,0,https://aphis.file.force.com/sfc/dist/version/download/?oid=00Dt0000000GyZH&ids=068SJ00001LGORp&d=%2Fa%2FSJ00000BkqV7%2F5baXdnfSg.s.YXTU2UDy3oMrDFk_bCQ9lNLoAbU.I60&asPdf=false,East Coast Exotic Animal Rescue Inc,Pennsylvania,0,17320,4b251601f6e9e832
71-R-0121,Class R - Research Facility,BENTON,0,7213,0,2026-07-27,7/27/2026,"Pel-Freez, LLC",4,https://aphis.file.force.com/sfc/dist/version/download/?oid=00Dt0000000GyZH&ids=068SJ00001MYE8h&d=%2Fa%2FSJ00000ByRev%2FAG5bMPOTdk6nE_6Nd8YNDGs5sIBedjikfilZSdvFuSk&asPdf=false,"PEL-FREEZ, LLC",Arkansas,0,72756,48722c8a337d2851
71-A-1384,Class A - Breeder,Harriet,0,7214,0,2026-07-08,7/8/2026,Teresa J Taylor,0,https://aphis.file.force.com/sfc/dist/version/download/?oid=00Dt0000000GyZH&ids=068SJ00001JnGrZ&d=%2Fa%2FSJ00000BXlMn%2FR3KF43cgYjig2PcJcBjAknseNabIOCK.u8eI4lWl7v0&asPdf=false,Teresa J Taylor,Arkansas,0,72639,aec468788d5ef14f
82-C-0042,Class C - Exhibitor,Rexburg,0,7360,0,2026-07-16,7/16/2026,Yellowstone Bear World Inc,0,https://aphis.file.force.com/sfc/dist/version/download/?oid=00Dt0000000GyZH&ids=068SJ00001L0Au4&d=%2Fa%2FSJ00000BimAf%2FekoYltr_Ljuf7j9iVGHedhhhScqCaphsNSva0MQkJcA&asPdf=false,Yellowstone Bear World Inc,Idaho,0,83440,4e240cd769c082c9
35-C-0183,Class C - Exhibitor,Sturtevant,0,7399,0,2026-06-30,6/30/2026,Apple Farm Management Inc.,0,https://aphis.file.force.com/sfc/dist/version/download/?oid=00Dt0000000GyZH&ids=068SJ00001ImxXv&d=%2Fa%2FSJ00000BOrb7%2Fy.DQvJ0DP_0TO7MFkZrpOmGRSUHSTfR28kfrWGUl7Jc&asPdf=false,Apple Farm Management Inc.,Wisconsin,0,53177,34734b7494087f4b
22-C-0054,Class C - Exhibitor,Columbia,0,7429,0,2026-08-13,8/13/2026,Lakota Wolf Preserve,0,https://aphis.file.force.com/sfc/dist/version/download/?oid=00Dt0000000GyZH&ids=068SJ00001PETHu&d=%2Fa%2FSJ00000COuq9%2Fk1z3DgVsHHns6zoXAc_jNyM8I5mC2er9LrvgJGyInwU&asPdf=false,Lakota Wolf Preserve,New Jersey,0,07832,c96b59b4e14b6435
63-C-0131,Class C - Exhibitor,Nashville,0,7457,0,2026-08-12,8/12/2026,Nashville Zoo at Grassmere,0,https://aphis.file.force.com/sfc/dist/version/download/?oid=00Dt0000000GyZH&ids=068SJ00001PE1LX&d=%2Fa%2FSJ00000COhTH%2FXWqO3Sz1AAcFoJqQ9cq3TN9R9DCwNX3XyQT7.9Gj4IQ&asPdf=false,Nashville Zoo at Grassmere,Tennessee,0,37211,7cb1ea193a7dc2bc
63-R-0130,Class R - Research Facility,NASHVILLE,0,7457,0,2026-08-12,8/12/2026,Nashville Zoo at Grassmere,0,https://aphis.file.force.com/sfc/dist/version/download/?oid=00Dt0000000GyZH&ids=068SJ00001OXOtW&d=%2Fa%2FSJ00000CIcXl%2FqkiZ0nbb85ZjWeaDx6jR5WMszFQY2BCuKYoeEXYj7lI&asPdf=false,NASHVILLE ZOO,Tennessee,0,37211,bf66ea9715d85ea4
58-C-1120,Class C - Exhibitor,OSTEEN,0,7503,0,2026-07-15,7/15/2026,Twiggys Inc,0,https://aphis.file.force.com/sfc/dist/version/download/?oid=00Dt0000000GyZH&ids=068SJ00001KzgmQ&d=%2Fa%2FSJ00000BiO6k%2F9K4K92.dEyNzmYC0NX.UVxjW56mSW_oaBZ2ofUkZwJ4&asPdf=false,Twiggys Inc,Florida,0,32764,ef21d6e9865abf49
51-C-0033,Class C - Exhibitor,WALDORF,0,7548,0,2026-07-24,7/24/2026,Mary Cox,0,https://aphis.file.force.com/sfc/dist/version/download/?oid=00Dt0000000GyZH&ids=068SJ00001Mqm21&d=%2Fa%2FSJ00000C23J3%2FDaunynTnuE522K0yCtlyFLXYkOBxPzDegmqrkgMVM78&asPdf=false,MARYS GO ROUND PETTING ZOO,Maryland,0,20601,575625ee894a9774
31-A-0074,Class A - Breeder,Baltic,0,7553,0,2026-08-18,8/18/2026,Freeman Raber,0,https://aphis.file.force.com/sfc/dist/version/download/?oid=00Dt0000000GyZH&ids=068SJ00001PP4fz&d=%2Fa%2FSJ00000CQiHp%2F7X8mpyRgQXJP_k7vJm6kszEnV.pMCbC1Fr2XKCzek_A&asPdf=false,Freeman S Raber,Ohio,0,43804,853ab3ddfbfd2108
73-C-0143,Class C - Exhibitor,ADAIR,0,7563,0,2026-08-06,8/6/2026,Joe Malchow,0,https://aphis.file.force.com/sfc/dist/version/download/?oid=00Dt0000000GyZH&ids=068SJ00001Q8ppG&d=%2Fa%2FSJ00000CWrNF%2FZsU3Nrz4o.6S83DbdDeU4QJIpUxA5uR1O09jINlAzO4&asPdf=false,JOE MALCHOW,Oklahoma,0,74330,8818b7b9d906b51f
23-C-0363,Class C - Exhibitor,ELIZABETH,0,7599,0,2026-06-29,6/29/2026,County of Allegheny,0,https://aphis.file.force.com/sfc/dist/version/download/?oid=00Dt0000000GyZH&ids=068SJ00001IspmC&d=%2Fa%2FSJ00000BPV77%2F4vmS8XDjsqLu8bsEYTVa2ho_4YG73wJZpovFbEKlwP4&asPdf=false,COUNTY OF ALLEGHENY,Pennsylvania,0,15037,6a8f15d7c77f4ca7
51-C-0034,Class C - Exhibitor,Thurmont,0,7638,0,2026-07-22,7/22/2026,Zoological Consortium of Maryland Inc.,0,https://aphis.file.force.com/sfc/dist/version/download/?oid=00Dt0000000GyZH&ids=068SJ00001OF9Hi&d=%2Fa%2FSJ00000CFFpR%2FO8ONBj2sRPXH6dZIBmWzpARxK52yvS1rQn5iKnty2WI&asPdf=false,Zoological Consortium of Maryland Inc.,Maryland,0,21788,bb5f1285de6aecbc
35-A-0009,Class A - Breeder,Blue Mounds,0,769,0,2026-07-21,7/21/2026,Ridglan Farms Inc,0,https://aphis.file.force.com/sfc/dist/version/download/?oid=00Dt0000000GyZH&ids=068SJ00001M2GZy&d=%2Fa%2FSJ00000BtAy5%2FC0ZsIaeumgv_JqvJHPOlI4TlyDih_WBuVv3uJSft7XQ&asPdf=false,Ridglan Farms Inc,Wisconsin,0,53517,360973c28da837c1
35-R-0004,Class R - Research Facility,Blue Mounds,0,769,0,2026-07-21,7/21/2026,Ridglan Farms Inc,0,https://aphis.file.force.com/sfc/dist/version/download/?oid=00Dt0000000GyZH&ids=068SJ00001M2RBs&d=%2Fa%2FSJ00000Bt3i5%2FcpE7jrn_cRz8MoEYyPkRg7pmpKddrtNnn_0FmDMokHo&asPdf=false,Ridglan Farms Inc,Wisconsin,0,53517,abd7f21c19526243
42-C-0124,Class C - Exhibitor,Fayette,0,7729,0,2026-06-24,6/24/2026,Fayette County Conservation Board,3,https://aphis.file.force.com/sfc/dist/version/download/?oid=00Dt0000000GyZH&ids=068SJ00001HyTxp&d=%2Fa%2FSJ00000BGHzR%2Fi4kiNmFKDlhE2vsqQchEsIvICcTH8fzyBOPLLW4mpPw&asPdf=false,Fayette County Conservation Board,Iowa,0,52142,3075d83ef3c84fe9
35-C-0189,Class C - Exhibitor,Delavan,0,7752,0,2026-08-26,8/26/2026,DeLavan Lake Animal Park,0,https://aphis.file.force.com/sfc/dist/version/download/?oid=00Dt0000000GyZH&ids=068SJ00001RigDg&d=%2Fa%2FSJ00000ClBnV%2FiqNNM2Dd0hDHN0Bs0n5_8L0PjWvTLQdj5L_1_O6Z4eU&asPdf=false,DeLavan Lake Animal Park,Wisconsin,0,53115,a6549b0d3731eb17
32-R-0016,Class R - Research Facility,LAND O LAKES,0,776,0,2026-08-13,8/13/2026,University of Notre Dame,0,https://aphis.file.force.com/sfc/dist/version/download/?oid=00Dt0000000GyZH&ids=068SJ00001Onykr&d=%2Fa%2FSJ00000CLCyX%2F3vpVZSnKqjLzbdlDLEga8CbDmjlJhM.rzv.QPkzD0RU&asPdf=false,ENVIRONMENTAL RESEARCH CENTER,Wisconsin,0,54540,12788bc12e744ec6
32-R-0019,Class R - Research Facility,TERRE HAUTE,0,778,0,2026-06-18,6/18/2026,Indiana State University,0,https://aphis.file.force.com/sfc/dist/version/download/?oid=00Dt0000000GyZH&ids=068SJ00001H7uQ9&d=%2Fa%2FSJ00000B8Sf7%2F34IZFHpjUqf9_X_wHvK6I.uQFr7MXlLPHsek3lxBAyU&asPdf=false,SCIENCE NORTH ANIMAL FACILITY,Indiana,0,47809,3b2a275c62a935d8
11-B-0009,Class B - Dealer,WINDHAM,0,78,0,2026-06-15,6/15/2026,DiaMed Inc,0,https://aphis.file.force.com/sfc/dist/version/download/?oid=00Dt0000000GyZH&ids=068SJ00001Gh40J&d=%2Fa%2FSJ00000B3VNW%2FvX9B9jTlPnUs6_xHKB1.O7vD8uencMf.k4U8EdO3X.U&asPdf=false,DIAMED INC,Maine,0,04062,7ba7e5eafad48b99
32-C-0271,Class C - Exhibitor,Muncie,0,780,0,2026-07-29,7/29/2026,Ball State University,0,https://aphis.file.force.com/sfc/dist/version/download/?oid=00Dt0000000GyZH&ids=068SJ00001Mdn72&d=%2Fa%2FSJ00000Bzi7R%2FXPqk4l9GSS8TT4nKMEfd8jbL64vqzQd5d4cTkEe6.5M&asPdf=false,Ball State University,Indiana,0,47306,2a04d7f735d304bc
93-B-0222,Class B - Dealer,DAVIS,0,7854,0,2026-07-13,7/13/2026,Antibodies Inc.,0,https://aphis.file.force.com/sfc/dist/version/download/?oid=00Dt0000000GyZH&ids=068SJ00001KaOJL&d=%2Fa%2FSJ00000BefHR%2F6C217vEvr8J8BAkt7H56_0XrFu2FTqVIamorZ1x9s1g&asPdf=false,Antibodies Inc.,California,0,95616,2da0a0c5390f2a81
57-C-0300,Class C - Exhibitor,Cleveland,0,7879,0,2026-06-23,6/23/2026,Hope Bennett,0,https://aphis.file.force.com/sfc/dist/version/download/?oid=00Dt0000000GyZH&ids=068SJ00001IkEoM&d=%2Fa%2FSJ00000BO4nJ%2Fe8U.boft5_W3tF5_K9ePP9Xa72HpGsN9Y9rpx8_Tnm4&asPdf=false,Hope Bennett,Georgia,0,30528,aa9cb965208f18fe
32-R-0015,Class R - Research Facility,INDIANAPOLIS,0,788,0,2026-07-06,7/6/2026,Indiana University Indianapolis School of Science,0,https://aphis.file.force.com/sfc/dist/version/download/?oid=00Dt0000000GyZH&ids=068SJ00001JGS4x&d=%2Fa%2FSJ00000BScvF%2FPkQU8j8PnsXr8Q9J90GkFZ_YohoIBBA6pcKHRSyskCE&asPdf=false,ALL CAMPUS SITES,Indiana,0,46202,b639fb85ed376665
74-C-1110,Class C - Exhibitor,WYLIE,0,7901,0,2026-08-27,8/27/2026,In-Sync Exotics Inc.,0,https://aphis.file.force.com/sfc/dist/version/download/?oid=00Dt0000000GyZH&ids=068SJ00001QnFWL&d=%2Fa%2FSJ00000CcXwv%2FEWl_HG.uoKdncLfXUXLgiSYuDj3l5lh5ybkEGfJ9pu4&asPdf=false,In-Sync Exotics,Texas,0,75098,77f6b6c5f468ba2f
32-R-0025,Class R - Research Facility,INDIANAPOLIS,0,798,0,2026-07-07,7/7/2026,Indiana University - Indianapolis,0,https://aphis.file.force.com/sfc/dist/version/download/?oid=00Dt0000000GyZH&ids=068SJ00001JQY1O&d=%2Fa%2FSJ00000BUYM7%2FewE_PKMwrkPLAUTtZxcvH.TYVpvIjN3P36.rty9v90k&asPdf=false,LAB ANIMAL RESOURCE CENTER,Indiana,0,46202,0947583462c07134
42-A-0736,Class A - Breeder,Hull,0,7986,0,2026-07-24,7/24/2026,Helen Ketelsen Scott Ketelsen,0,https://aphis.file.force.com/sfc/dist/version/download/?oid=00Dt0000000GyZH&ids=068SJ00001N0Jjf&d=%2Fa%2FSJ00000C3mM9%2Ff2IH8KoTFusC02wXVrg_JO6ER2MCbBza2VnHB64rzbU&asPdf=false,Helen and Scott Ketelsen,Iowa,0,51239,cd3a85280fd0bec4
72-C-0223,Class C - Exhibitor,Monroe,0,8041,0,2026-07-23,7/23/2026,"City of Monroe, Louisiana Purchase Gardens and Zoo",0,https://aphis.file.force.com/sfc/dist/version/download/?oid=00Dt0000000GyZH&ids=068SJ00001M1xCO&d=%2Fa%2FSJ00000Bt097%2FO.Uq7Cv9u5b_q_FytK9Y4rMe6rZxvzu4Tkgl49aNLaY&asPdf=false,"City of Monroe, Louisiana Purchase Gardens & Zoo",Louisiana,0,71210,55de900670ec1a83
51-R-0006,Class R - Research Facility,BALTIMORE,2,81,0,2026-06-15,6/15/2026,Johns Hopkins University,0,https://aphis.file.force.com/sfc/dist/version/download/?oid=00Dt0000000GyZH&ids=068SJ00001IPEeV&d=%2Fa%2FSJ00000BKLun%2FU_JXhurmOXImgJa5LUPcmf7vTya_3X1P0vyXqdiexrA&asPdf=false,"JOHNS HOPKINS UNIVERSITY, THE",Maryland,0,21205,13c2d0a36c03d56c
73-A-2683,Class A - Breeder,Salissaw,0,8116,0,2026-07-14,7/14/2026,Teresa Follin,0,https://aphis.file.force.com/sfc/dist/version/download/?oid=00Dt0000000GyZH&ids=068SJ00001KXUsz&d=%2Fa%2FSJ00000BeMxx%2FW2d86KgmI52DM4UuFnREjrHcPqKtCV7eW41f_w7see0&asPdf=false,Teresa Follin,Oklahoma,0,74955,f75c9a90c78ef31c
74-C-1029,Class C - Exhibitor,Copperas Cove,0,8124,0,2026-06-16,6/16/2026,Topsey Exotic Ranch LLC,1,https://aphis.file.force.com/sfc/dist/version/download/?oid=00Dt0000000GyZH&ids=068SJ00001JvVk1&d=%2Fa%2FSJ00000BZG0L%2FX_auYAC3Tewa01tE5ZrPctNxqL_oAS9iO0mj2L.HbEk&asPdf=false,Gerwin Friedel,Texas,0,76522,9aa3dd35eb1b9736
55-R-0022,Class R - Research Facility,GREENSBORO,0,813,0,2026-07-15,7/15/2026,North Carolina A&T State University,0,https://aphis.file.force.com/sfc/dist/version/download/?oid=00Dt0000000GyZH&ids=068SJ00001Kn8a6&d=%2Fa%2FSJ00000BgYGf%2FmVf_XpkzoFta0xdgrf9P7F9hrSDBwGV5bV9yzIcXaRg&asPdf=false,NORTH CAROLINA  A&T STATE UNIVERSITY,North Carolina,0,27411,ee5610aa73e55237
55-R-0108,Class R - Research Facility,DURHAM,0,815,0,2026-07-22,7/22/2026,Integrated Laboratory Systems LLC,0,https://aphis.file.force.com/sfc/dist/version/download/?oid=00Dt0000000GyZH&ids=068SJ00001LxRvp&d=%2Fa%2FSJ00000Bs141%2F7IQKIQbUZ1FEcxSQ35JjS0bau.mjOLAsLgih3QqUz88&asPdf=false,"INTEGRATED LABORATORY SYSTEMS, INC.",North Carolina,0,27713,be60fa81cbfcda52
55-R-0010,Class R - Research Facility,GREENVILLE,0,819,0,2026-07-21,7/21/2026,East Carolina University,0,https://aphis.file.force.com/sfc/dist/version/download/?oid=00Dt0000000GyZH&ids=068SJ00001LTxcn&d=%2Fa%2FSJ00000BnAvx%2FU0Jig6FjxnHYhLmAYi.9g_u9YpmsxgmKz_oOTzGIshg&asPdf=false,BRODY BLDG - E C U,North Carolina,0,27834,d8331b623a42e4b4
21-R-0148,Class R - Research Facility,ARMONK,0,8207,0,2026-08-05,8/5/2026,Fordham University,0,https://aphis.file.force.com/sfc/dist/version/download/?oid=00Dt0000000GyZH&ids=068SJ00001PHKOn&d=%2Fa%2FSJ00000CPeeT%2FaC7m1Z4PYjdr5AmQ2bPIFhC8.BdWtzvC1AGsF6Ekf08&asPdf=false,FORDHAM UNIVERSITY,New York,0,10504,3bac864bd7121a74
55-R-0001,Class R - Research Facility,WINSTON SALEM,0,825,0,2026-06-15,6/15/2026,Wake Forest University,1,https://aphis.file.force.com/sfc/dist/version/download/?oid=00Dt0000000GyZH&ids=068SJ00001GvSHO&d=%2Fa%2FSJ00000B6Bwv%2FqQsDxwXY0zNYgkpCie_AUPZ_PaOvgaEI7J_jVJS23KM&asPdf=false,ANIMAL RESOURCES PROGRAM/DOWNTOWN CAMPUS,North Carolina,0,27157,7adeb2cb7f9559c6
55-R-0004,Class R - Research Facility,CHAPEL HILL,0,826,0,2026-07-20,7/20/2026,University Of North Carolina,1,https://aphis.file.force.com/sfc/dist/version/download/?oid=00Dt0000000GyZH&ids=068SJ00001LTRDI&d=%2Fa%2FSJ00000BnC05%2Fx6VO8ov6bDB1cNfRQ3Q67tiVDgnyrm02aD.9cqTZbeM&asPdf=false,DIVISION OF LABORATORY ANIMAL MEDICINE,North Carolina,0,27599,fbd62ce29cde75e5
57-T-0001,Class T - Carrier,SAN DIEGO,0,828,0,2026-07-15,7/15/2026,DELTA AIR LINES INC,0,https://aphis.file.force.com/sfc/dist/version/download/?oid=00Dt0000000GyZH&ids=068SJ00001LsXiO&d=%2Fa%2FSJ00000BrGEo%2FOor2Oo35U8W7rc6j0pGrlPbC8S6JUtSY3mDI8Wb7QjU&asPdf=false,DELTA AIR LINES INC SAN,California,0,92101,6ae833c802270780
84-C-0071,Class C - Exhibitor,Livermore,0,8288,0,2026-07-14,7/14/2026,W.O.L.F.,0,https://aphis.file.force.com/sfc/dist/version/download/?oid=00Dt0000000GyZH&ids=068SJ00001KVRZg&d=%2Fa%2FSJ00000Be9fl%2FWZQ0gjfZ2k7NkwwU.xfV3uyRiaq898bfUoC76Hr837k&asPdf=false,W.O.L.F.,Colorado,0,80536,3ac146ac0b4964a8
93-C-1201,Class C - Exhibitor,SAN DIMAS,2,8294,0,2026-07-24,7/24/2026,Los Angeles County,0,https://aphis.file.force.com/sfc/dist/version/download/?oid=00Dt0000000GyZH&ids=068SJ00001NrWqm&d=%2Fa%2FSJ00000CBz65%2FnHSwQdHVlBNTFFtEP4jwDxCs1r9aREEarDEVqlpsrh0&asPdf=false,Los Angeles County,California,0,91773,3dcc21d273106793
67-T-0208,Class T - Carrier,San Diego,0,830,0,2026-07-15,7/15/2026,MartinAir Cargo,0,https://aphis.file.force.com/sfc/dist/version/download/?oid=00Dt0000000GyZH&ids=068SJ00001LsI5B&d=%2Fa%2FSJ00000BrQkP%2FRr8oRONRH5FY_QFibC5kAMrQRbcmPZa4Q.L3r6.c9zE&asPdf=false,MartinAir Cargo,California,0,92101,9d13b277f321f94e
67-T-0208,Class T - Carrier,San Francisco,0,830,0,2026-07-28,7/28/2026,MartinAir Cargo,0,https://aphis.file.force.com/sfc/dist/version/download/?oid=00Dt0000000GyZH&ids=068SJ00001Mvyjv&d=%2Fa%2FSJ00000C32JJ%2Fntm3xImwnoiEUVIb26UhkPerN7kJ_JY0NviJnzccOzI&asPdf=false,MartinAir Cargo,California,0,94128,e96b850738b4e7e4
64-C-0258,Class C - Exhibitor,COLUMBIANA,0,833,0,2026-06-24,6/24/2026,Auburn University,0,https://aphis.file.force.com/sfc/dist/version/download/?oid=00Dt0000000GyZH&ids=068SJ00001Hsxtj&d=%2Fa%2FSJ00000BFiLl%2F8dTX1.He1hBLH3tCZpzxtRaPSlUax22jYmeUTeywilo&asPdf=false,Alabama 4-H Center,Alabama,0,35051,468273822a8a4024
64-C-0258,Class C - Exhibitor,Auburn,0,833,0,2026-07-27,7/27/2026,Auburn University,0,https://aphis.file.force.com/sfc/dist/version/download/?oid=00Dt0000000GyZH&ids=068SJ00001MnT7F&d=%2Fa%2FSJ00000C1jaT%2FGIm__CeIw5NG1ssgtNEYUt39HmMqaWCFYf6_20kne7Y&asPdf=false,Auburn University Raptor Center,Alabama,0,36849,de2b311e0ca4d590
64-R-0005,Class R - Research Facility,AUBURN,0,833,0,2026-07-27,7/27/2026,Auburn University,1,https://aphis.file.force.com/sfc/dist/version/download/?oid=00Dt0000000GyZH&ids=068SJ00001MoHwZ&d=%2Fa%2FSJ00000C1lXR%2FQt72lUOvWYumwyrYbj5HPkdI3a3l80Vozlyj4xhy1GI&asPdf=false,BIOLOGICAL RESEARCH FACILITY,Alabama,0,36849,73bcfca44cac766e
46-B-0060,Class B - Dealer,Yankton,0,8343,0,2026-06-23,6/23/2026,Jan Strenger,0,https://aphis.file.force.com/sfc/dist/version/download/?oid=00Dt0000000GyZH&ids=068SJ00001ICOnC&d=%2Fa%2FSJ00000BIveD%2FXyQFHvE.BwvfaaRVP.Ntxbjo422c_2t0pOhaoNAGACI&asPdf=false,Jan Strenger,South Dakota,0,57078,885cfd43f2189d14
65-R-0001,Class R - Research Facility,UNIVERSITY,0,839,0,2026-06-11,6/11/2026,University Of Mississippi,0,https://aphis.file.force.com/sfc/dist/version/download/?oid=00Dt0000000GyZH&ids=068SJ00001GGYDk&d=%2Fa%2FSJ00000AzUeX%2FZgQ8GUDLwnWA3xm2pEVK9EKNM.jXgKHy8ksHTCgxXoc&asPdf=false,UNIVERSITY OF MISSISSIPPI,Mississippi,0,38677,aad43fd932d8cd61
63-R-0107,Class R - Research Facility,MEMPHIS,0,841,0,2026-08-19,8/19/2026,University Of Tennessee - Memphis,0,https://aphis.file.force.com/sfc/dist/version/download/?oid=00Dt0000000GyZH&ids=068SJ00001PeEnA&d=%2Fa%2FSJ00000CTDcT%2FRfZH.1sTNTYkX0g5sFSRwsGxE_16qPyUyAAURN.k6TM&asPdf=false,UNIVERSITY OF TENNESSEE - MEMPHIS,Tennessee,0,38163,695ba4f1523e1e8e
55-R-0005,Class R - Research Facility,RALEIGH,0,842,0,2026-07-23,7/23/2026,North Carolina State University,1,https://aphis.file.force.com/sfc/dist/version/download/?oid=00Dt0000000GyZH&ids=068SJ00001MsBuB&d=%2Fa%2FSJ00000C29uj%2FH3XmUJOXW3lfP6FYFSGqQyv7XsHiLx7RBo.S_vVNuss&asPdf=false,NORTH CAROLINA STATE UNIVERSITY,North Carolina,0,27607,5d958054eff939b4
93-C-0653,Class C - Exhibitor,OAK VIEW,0,8435,0,2026-07-14,7/14/2026,Wildlife Experience,0,https://aphis.file.force.com/sfc/dist/version/download/?oid=00Dt0000000GyZH&ids=068SJ00001KrlrV&d=%2Fa%2FSJ00000BheqH%2FHwzGR6I1dDCRGVRCJsO4l97_9lswbOnQLGoc_P.OdxQ&asPdf=false,"WILDLIFE EXPERIENCE, INC.",California,0,93022,afa49eb0925ea194
65-R-0102,Class R - Research Facility,JACKSON,0,844,0,2026-07-29,7/29/2026,University Of Mississippi Medical Center,0,https://aphis.file.force.com/sfc/dist/version/download/?oid=00Dt0000000GyZH&ids=068SJ00001NQyj0&d=%2Fa%2FSJ00000CjzA5%2FeRGvb5KJvFnIBn5UZvUuCClzxz9Rgqjo__ipd6QAIJc&asPdf=false,UNIVERSITY OF MISSISSIPPI MED CENTER,Mississippi,0,39216,39e4c6f27c687938
63-R-0007,Class R - Research Facility,MEMPHIS,0,845,0,2026-08-18,8/18/2026,St Jude Childrens Research Hospital,0,https://aphis.file.force.com/sfc/dist/version/download/?oid=00Dt0000000GyZH&ids=068SJ00001PfVP7&d=%2Fa%2FSJ00000CTDW1%2F0oFQeoqnZqVknx45TWxVuxymkNz5namgjAalOaOVWmI&asPdf=false,ST JUDE CHILDRENS RESEARCH CENTER,Tennessee,0,38105,63c5d5c6fc24e203
63-R-0014,Class R - Research Facility,Columbia,0,846,0,2026-08-14,8/14/2026,Columbia State Community College,1,https://aphis.file.force.com/sfc/dist/version/download/?oid=00Dt0000000GyZH&ids=068SJ00001OsxTF&d=%2Fa%2FSJ00000CM2ib%2FhIjG8ssJjWCiT3JZBemSdPByCCHTIS7ZQn459_1VNEY&asPdf=false,Columbia State Community College,Tennessee,0,38401,a83e7d905177ca20
63-T-0352,Class T - Carrier,St. Louis,0,848,0,2026-07-23,7/23/2026,Federal Express Corporation,0,https://aphis.file.force.com/sfc/dist/version/download/?oid=00Dt0000000GyZH&ids=068SJ00001NAM3C&d=%2Fa%2FSJ00000C4kmv%2FOLCbKdKnncUzwzggJpqLQ7MOD1.Qa3egCXiS6ueuM5s&asPdf=false,FedEx St. Louis/Berkely,Missouri,0,63134,f531aea1a7bec027
63-T-0352,Class T - Carrier,Santa Ana,0,848,0,2026-08-13,8/13/2026,Federal Express Corporation,0,https://aphis.file.force.com/sfc/dist/version/download/?oid=00Dt0000000GyZH&ids=068SJ00001OrJzJ&d=%2Fa%2FSJ00000CLwq5%2FF8MfJKMhEz_vsWLeHOLKZkllhPxcpermoNbuOB.sycs&asPdf=false,FedEx Santa Ana,California,0,92707,510d34f59c5853f3
63-R-0002,Class R - Research Facility,NASHVILLE,0,851,0,2026-06-25,6/25/2026,Meharry Medical College,0,https://aphis.file.force.com/sfc/dist/version/download/?oid=00Dt0000000GyZH&ids=068SJ00001I08Pa&d=%2Fa%2FSJ00000BGzAr%2FOBmQ258O9sHGKewGtnTkaIhYsxGrYx1pbe5JLSllBYU&asPdf=false,ANIMAL CARE FACILITY,Tennessee,0,37208,31c1cc14e05a23f8
63-R-0006,Class R - Research Facility,MEMPHIS,0,852,0,2026-06-10,6/10/2026,University of Memphis,0,https://aphis.file.force.com/sfc/dist/version/download/?oid=00Dt0000000GyZH&ids=068SJ00001GCzFm&d=%2Fa%2FSJ00000Ayoll%2Fj7elCawcDtPNZL8DVM3ICKqPpy9D8REH.imQ8bZPY4k&asPdf=false,UNIV. OF MEMPHIS,Tennessee,0,38152,743da81e9c79127c
58-R-0003,Class R - Research Facility,Gainesville,0,859,0,2026-08-18,8/18/2026,University of Florida,0,https://aphis.file.force.com/sfc/dist/version/download/?oid=00Dt0000000GyZH&ids=068SJ00001PeklI&d=%2Fa%2FSJ00000CTCmr%2FgqrK1rQizUDMihDa6D9oennY03JzhUlcCdUGIoLweCI&asPdf=false,University of Florida,Florida,0,32611,d5376c09fb521a25
58-R-0003,Class R - Research Facility,OCALA,0,859,0,2026-08-18,8/18/2026,University of Florida,0,https://aphis.file.force.com/sfc/dist/version/download/?oid=00Dt0000000GyZH&ids=068SJ00001Pf39b&d=%2Fa%2FSJ00000CT7SF%2Fj5nVK3fZWYJzlHndAyGHYu3xebsX8fCxBKLgxe3v.3o&asPdf=false,University of Florida World Equestrian Center,Florida,0,34482,f0597077c67f0034
55-R-0019,Class R - Research Facility,SANFORD,0,862,0,2026-08-24,8/24/2026,Central Carolina Community College,0,https://aphis.file.force.com/sfc/dist/version/download/?oid=00Dt0000000GyZH&ids=068SJ00001QO1Wq&d=%2Fa%2FSJ00000CYes9%2FrbUS7Tr4Iqq7zSVlg0A_sPB7AC0genfrz9Cum6TsdTk&asPdf=false,CENTRAL CAROLINA COMMUNITY COLLEGE,North Carolina,0,27330,539852e56b8fa04f
51-R-0106,Class R - Research Facility,Baltimore,0,87,0,2026-06-24,6/24/2026,"University of Maryland, Baltimore County",0,https://aphis.file.force.com/sfc/dist/version/download/?oid=00Dt0000000GyZH&ids=068SJ00001IQJfM&d=%2Fa%2FSJ00000BKTVm%2FUsxahZInDu7ZQ8vz6oGmJyuzFUxjik_XwMPDkFIQBO8&asPdf=false,"University of Maryland, Baltimore County",Maryland,0,21250,d5d561869420d5e8
58-R-0005,Class R - Research Facility,MIAMI BEACH,0,871,0,2026-08-07,8/7/2026,Mount Sinai Medical Center,0,https://aphis.file.force.com/sfc/dist/version/download/?oid=00Dt0000000GyZH&ids=068SJ00001O3ov3&d=%2Fa%2FSJ00000CDSUD%2FyJ2FNIPiV2N6x8u3_LKnv92y7XJ8zcMUCqKh41ya7VE&asPdf=false,MT. SINAI MEDICAL CENTER,Florida,0,33140,e16a71ac6e0ad500
58-R-0007,Class R - Research Facility,Miami,0,872,0,2026-08-07,8/7/2026,University Of Miami,0,https://aphis.file.force.com/sfc/dist/version/download/?oid=00Dt0000000GyZH&ids=068SJ00001O3bHn&d=%2Fa%2FSJ00000CDRmf%2FsjrUWhdnMM.4qp_8f7wCHg3LvsVLk509kwMcmBMUC.Y&asPdf=false,Biomedical Research Building,Florida,0,33136,7824d586cba8ca74
74-C-0449,Class C - Exhibitor,Cut N Shoot,0,8731,0,2026-07-10,7/10/2026,Michael Swain,0,https://aphis.file.force.com/sfc/dist/version/download/?oid=00Dt0000000GyZH&ids=068SJ00001K0jkR&d=%2Fa%2FSJ00000BaJU1%2FjOJKLlmbcwh4VbgwFiMajbc7zyuEjQkRih8XdVoTQVk&asPdf=false,Michael Swain,Texas,0,77306,60a0c27563015b20
58-R-0012,Class R - Research Facility,BROOKSVILLE,0,874,0,2026-08-17,8/17/2026,Florida A&M University,0,https://aphis.file.force.com/sfc/dist/version/download/?oid=00Dt0000000GyZH&ids=068SJ00001PcfjR&d=%2Fa%2FSJ00000CSm1B%2F4QKkFy5PrEdVzTrnvaYuyCpSVuqvOkJPu7nNgwpmylg&asPdf=false,FLORIDA A&M UNIVERSITY,Florida,0,34601,4a8326d51ab364ae
74-A-1607,Class A - Breeder,HUNT,0,8747,0,2026-08-06,8/6/2026,H & L SALES INC,0,https://aphis.file.force.com/sfc/dist/version/download/?oid=00Dt0000000GyZH&ids=068SJ00001NkY65&d=%2Fa%2FSJ00000CB35J%2F.y8mHJXen55zlk0mKFCdzuk_7GpEgIJnqXqav2.kMaM&asPdf=false,H & L Sales Inc.,Texas,0,78024,9413f7cdd3457c32
58-R-0174,Class R - Research Facility,Orlando,0,875,0,2026-07-08,7/8/2026,University of Central Florida,0,https://aphis.file.force.com/sfc/dist/version/download/?oid=00Dt0000000GyZH&ids=068SJ00001Jmu7n&d=%2Fa%2FSJ00000BXa6P%2FpnCilEbaOA3Vh_mEXCBtwiepXLOadlwaPuG6iL1ADWM&asPdf=false,University of Central Florida,Florida,0,32827,fb869e13c455aae8
96-C-0025,Class C - Exhibitor,Anchorage,0,8784,0,2026-07-24,7/24/2026,The Alaska Zoo,0,https://aphis.file.force.com/sfc/dist/version/download/?oid=00Dt0000000GyZH&ids=068SJ00001MuCG8&d=%2Fa%2FSJ00000C2eKD%2FJzXwdnRUR2Cp8f2i5WsnZYTYRC.y6q20pUnMkQCS6L0&asPdf=false,The Alaska Zoo,Alaska,0,99507,64eda866b1000905
43-B-0386,Class B - Dealer,WHEATON,0,8800,0,2026-07-20,7/20/2026,Bob Hughes,0,https://aphis.file.force.com/sfc/dist/version/download/?oid=00Dt0000000GyZH&ids=068SJ00001MtQWB&d=%2Fa%2FSJ00000C2NXt%2F7pO7IuaPcWRPtKo23rV6XrgfSfEPN0ZL76BcYYt.i0c&asPdf=false,BOB HUGHES,Missouri,0,64874,720adb8a738e7179
51-R-0018,Class R - Research Facility,BALTIMORE,0,89,0,2026-08-03,8/3/2026,University of Maryland Baltimore,0,https://aphis.file.force.com/sfc/dist/version/download/?oid=00Dt0000000GyZH&ids=068SJ00001OPwsD&d=%2Fa%2FSJ00000CHBZd%2F3gh9mqVZZOCPQNBEQJXfAxotCjF3wgNRxEDdF.EWoPU&asPdf=false,VETERINARY RESOURCES,Maryland,0,21201,d4fbe95c043892b8
57-R-0010,Class R - Research Facility,ATLANTA,0,891,0,2026-08-26,8/26/2026,Georgia Institute of Technology,0,https://aphis.file.force.com/sfc/dist/version/download/?oid=00Dt0000000GyZH&ids=068SJ00001QjZVP&d=%2Fa%2FSJ00000CbpSr%2F5nsG2os_tfZtBMnwIvtkbipyzqirue2O236o3bFDb.U&asPdf=false,GEORGIA INSTITUTE OF TECHNOLOGY,Georgia,0,30318,c2ffcc72011602f3
57-R-0010,Class R - Research Facility,ATLANTA,0,891,0,2026-08-26,8/26/2026,Georgia Institute of Technology,0,https://aphis.file.force.com/sfc/dist/version/download/?oid=00Dt0000000GyZH&ids=068SJ00001QkG77&d=%2Fa%2FSJ00000CboTd%2FoUcOd.Dkqko2Bf0hgHmwbT6pIMm5blofJb7_PdCf0P0&asPdf=false,GEORGIA INSTITUTE OF TECHNOLOGY,Georgia,0,30318,d5551a4d5208d05d
57-R-0002,Class R - Research Facility,AUGUSTA,0,895,0,2026-08-26,8/26/2026,Augusta University,0,https://aphis.file.force.com/sfc/dist/version/download/?oid=00Dt0000000GyZH&ids=068SJ00001QeOM9&d=%2Fa%2FSJ00000Cb8Kf%2FgaThuit2H9z.UvC0GfVm5q6zDoK_hXrhestfyoB2_JQ&asPdf=false,DIVISION OF LABORATORY ANIMAL SERVICES,Georgia,0,30912,4dfc4371bae07a32
57-B-0157,Class B - Dealer,Lawrenceville,0,896,0,2026-07-07,7/7/2026,Emory National Biomedical Research Center,0,https://aphis.file.force.com/sfc/dist/version/download/?oid=00Dt0000000GyZH&ids=068SJ00001JwoIk&d=%2Fa%2FSJ00000BZNBV%2FvZid3.Gb5SnEpFTFuCBdYBaOt.qCFTrb_l5ZSzU93mI&asPdf=false,Emory University - Primate Center/Field Station,Georgia,0,30043,005ce9517cead396
57-R-0003,Class R - Research Facility,Lawrenceville,0,896,0,2026-07-07,7/7/2026,Emory National Biomedical Research Center,0,https://aphis.file.force.com/sfc/dist/version/download/?oid=00Dt0000000GyZH&ids=068SJ00001Jw1dH&d=%2Fa%2FSJ00000BZM7N%2FoorRoEmMKgFtA93qfgGVy696cnap88jMOCEJXsy7jRs&asPdf=false,Emory University - Primate Center/Field Station,Georgia,0,30043,88d26c502e6cba7b
57-R-0003,Class R - Research Facility,Atlanta,0,896,0,2026-07-07,7/7/2026,Emory National Biomedical Research Center,0,https://aphis.file.force.com/sfc/dist/version/download/?oid=00Dt0000000GyZH&ids=068SJ00001Jw7Ne&d=%2Fa%2FSJ00000BZTK9%2FHtzrMmZ2Vhqg4RTxE1scu3haTgQyZ3zSF1fvFGCLgiE&asPdf=false,Emory University - National Primate Research Center,Georgia,0,30329,a2dec08d3e190d8f
57-R-0005,Class R - Research Facility,PADUCAH,0,900,0,2026-07-14,7/14/2026,University of Georgia,0,https://aphis.file.force.com/sfc/dist/version/download/?oid=00Dt0000000GyZH&ids=068SJ00001KcsWW&d=%2Fa%2FSJ00000Bew0X%2F7FaLNcLDpg_Ym7peQdKlqORpBk7wC29ADjOL0eOJIDU&asPdf=false,Texas Wildlife Management Area,Texas,0,79248,22fd31780cbe1478
21-T-0493,Class T - Carrier,SAN FRANCISCO,0,9015,0,2026-08-26,8/26/2026,British Airways Plc,0,https://aphis.file.force.com/sfc/dist/version/download/?oid=00Dt0000000GyZH&ids=068SJ00001QuN96&d=%2Fa%2FSJ00000CdeLF%2FlQVwZecZFCK14lprIaJJJgZH7SgvqMkf9DiiphFIkeE&asPdf=false,British Airways Plc,California,0,94128,e165a65647795e03
31-C-0252,Class C - Exhibitor,Ashtabula,0,9044,0,2026-07-29,7/29/2026,Terrence J. Sullivan,1,https://aphis.file.force.com/sfc/dist/version/download/?oid=00Dt0000000GyZH&ids=068SJ00001MssXm&d=%2Fa%2FSJ00000C2HkD%2FAxJYNkujWxW.le9D4xT4Y8bCp2zekyerz0q3eUPsftk&asPdf=false,Terrence J. Sullivan,Ohio,0,44004,477c4286c2fb1e83
14-A-0017,Class A - Breeder,Chelmsford,0,9059,0,2026-07-15,7/15/2026,Elm Hill Labs Inc,0,https://aphis.file.force.com/sfc/dist/version/download/?oid=00Dt0000000GyZH&ids=068SJ00001Kxps6&d=%2Fa%2FSJ00000Bi64z%2FMWo2ClX9mrQMK3LTPPlKZfsHNDYj2Ksk0B8ibHJhpOM&asPdf=false,Elm Hill Labs Inc,Massachusetts,0,01824,f6a1497254117314
57-R-0012,Class R - Research Facility,ATLANTA,0,907,0,2026-06-16,6/16/2026,Georgia State University,0,https://aphis.file.force.com/sfc/dist/version/download/?oid=00Dt0000000GyZH&ids=068SJ00001H4ygD&d=%2Fa%2FSJ00000B7dBB%2FPxAbPiOEvRG.vGQHAvfOAyUl.wheUcoG0.hOqRoVNVg&asPdf=false,NATURAL SCIENCE CENTER,Georgia,0,30303,984a8f58f78da270
57-R-0012,Class R - Research Facility,DECATUR,0,907,0,2026-06-16,6/16/2026,Georgia State University,0,https://aphis.file.force.com/sfc/dist/version/download/?oid=00Dt0000000GyZH&ids=068SJ00001H50Bg&d=%2Fa%2FSJ00000B7eGv%2FBb50WxJHvIl.ka0i6l2eukgcR0voWNC5XVjZMHeQNrw&asPdf=false,ANIMAL CARE & LANGUAGE RESEARCH CENTER,Georgia,0,30034,11ca547916e404db
57-R-0012,Class R - Research Facility,ATLANTA,0,907,0,2026-06-16,6/16/2026,Georgia State University,0,https://aphis.file.force.com/sfc/dist/version/download/?oid=00Dt0000000GyZH&ids=068SJ00001I20xF&d=%2Fa%2FSJ00000BH7Wb%2FazEhJ2T_TIKFF.YMYWzBU7Rn9eEHYbS1TYN5MhJYwoc&asPdf=false,PETIT SCIENCE CENTER,Georgia,0,30303,4fcc426948a4a6c1
31-B-0195,Class B - Dealer,Jenera,0,9130,0,2026-06-23,6/23/2026,R&R Chinchilla Inc,1,https://aphis.file.force.com/sfc/dist/version/download/?oid=00Dt0000000GyZH&ids=068SJ00001IQW1N&d=%2Fa%2FSJ00000BKYLl%2FDlkhC3_KrzeOFO8.IPZ__MLhSbzKQXA8LVkt1mA9kmU&asPdf=false,R&R Chinchilla Inc,Ohio,0,45841,901c898c91f42b8f
31-B-0195,Class B - Dealer,Jenera,2,9130,2,2026-08-05,8/5/2026,R&R Chinchilla Inc,0,https://aphis.file.force.com/sfc/dist/version/download/?oid=00Dt0000000GyZH&ids=068SJ00001NiT5Y&d=%2Fa%2FSJ00000CAJAX%2Fy92R5hFFgAWN75RjPOuhohmi7niRl4PIiaF7y_u7vM0&asPdf=false,R&R Chinchilla Inc,Ohio,0,45841,5aa6d731da2bfff7
31-B-0195,Class B - Dealer,Jenera,0,9130,0,2026-08-05,8/5/2026,R&R Chinchilla Inc,6,https://aphis.file.force.com/sfc/dist/version/download/?oid=00Dt0000000GyZH&ids=068SJ00001NqmkM&d=%2Fa%2FSJ00000CBc7t%2FHi6azyu22cXCGglgHYpxxV5SF3cUjGTBl0JPxe5P2bo&asPdf=false,R&R Chinchilla Inc,Ohio,0,45841,37605899134aaa49
31-B-0195,Class B - Dealer,Jenera,0,9130,3,2026-08-07,8/7/2026,R&R Chinchilla Inc,4,https://aphis.file.force.com/sfc/dist/version/download/?oid=00Dt0000000GyZH&ids=068SJ00001O7Sas&d=%2Fa%2FSJ00000CDu3t%2FPw5xAuQ2XW1qTBditmu4DuYwfQtz_jJY.GEIZoRd66o&asPdf=false,R&R Chinchilla Inc,Ohio,0,45841,aa75b84070404dee
31-B-0195,Class B - Dealer,Jenera,0,9130,1,2026-08-11,8/11/2026,R&R Chinchilla Inc,6,https://aphis.file.force.com/sfc/dist/version/download/?oid=00Dt0000000GyZH&ids=068SJ00001OOzDk&d=%2Fa%2FSJ00000CH1FJ%2FEE1Zb_k5LuzLUsNt75KvwNP5fER_4xj9MkT4PgT2ZaM&asPdf=false,R&R Chinchilla Inc,Ohio,0,45841,f16ee8b646a5356e
32-C-0158,Class C - Exhibitor,Indianapolis,0,9162,0,2026-07-16,7/16/2026,Silly Safari Shows Inc,0,https://aphis.file.force.com/sfc/dist/version/download/?oid=00Dt0000000GyZH&ids=068SJ00001Kqhsx&d=%2Fa%2FSJ00000BhDdB%2FhjBwkCWHnHRzo8X1G5eNfaQhb2lDIMnYeRU9Q6MBQOc&asPdf=false,Silly Safari Shows Inc.,Indiana,0,46259,e3e7f01a166dacd0
23-C-0319,Class C - Exhibitor,UNIONTOWN,0,9184,0,2026-07-21,7/21/2026,Western Pa National Wild Animal Orphanage,0,https://aphis.file.force.com/sfc/dist/version/download/?oid=00Dt0000000GyZH&ids=068SJ00001LqFcp&d=%2Fa%2FSJ00000BqyOL%2Ft3M9M8gRuN19DJZ9EKVEZ_UsIgkKia0dCDoXGC.WKzg&asPdf=false,Western Pa National Wild Animal Orphanage,Pennsylvania,0,15401,dc11ad69e6252f82
93-R-0432,Class R - Research Facility,BERKELEY,1,9191,0,2026-08-11,8/11/2026,University of California-Berkeley,0,https://aphis.file.force.com/sfc/dist/version/download/?oid=00Dt0000000GyZH&ids=068SJ00001PPxsV&d=%2Fa%2FSJ00000CQuKb%2Fdj.7FTD5tHUoaD4LDNdIbqduqaQOU0K2pkvHisKDCy8&asPdf=false,"UNIVERSITY OF CALIFORNIA, BERKELEY",California,0,94720,3efe01cf468eb2cf
93-R-0433,Class R - Research Facility,DAVIS,1,9192,0,2026-07-21,7/21/2026,University Of California Davis,2,https://aphis.file.force.com/sfc/dist/version/download/?oid=00Dt0000000GyZH&ids=068SJ00001MOxlB&d=%2Fa%2FSJ00000Bwkwz%2FHNJUebxbzMz1Ku58cANt658LqGePSyXjXUCYv.NgfSg&asPdf=false,UNIVERSITY OF CALIFORNIA- DAVIS,California,0,95616,8cd2e02e29ea6972
93-R-0433,Class R - Research Facility,DAVIS,0,9192,0,2026-08-20,8/20/2026,University Of California Davis,2,https://aphis.file.force.com/sfc/dist/version/download/?oid=00Dt0000000GyZH&ids=068SJ00001QNs3e&d=%2Fa%2FSJ00000CYTof%2FR0ofcfJLlIGTf_XHbnlnCORbX5m7FklBzUGVpb5EFtU&asPdf=false,"UNIVERSITY OF CALIFORNIA, DAVIS",California,0,95616,7de44e23213b102a
93-R-0435,Class R - Research Facility,LOS ANGELES,0,9194,0,2026-08-10,8/10/2026,University of California Los Angeles,0,https://aphis.file.force.com/sfc/dist/version/download/?oid=00Dt0000000GyZH&ids=068SJ00001OKWIY&d=%2Fa%2FSJ00000CGF4D%2FpH8S.GyfaiNYJ9tn4.5RgC_t3aawVV0Z6OAid.mWDA8&asPdf=false,"THE UNIVERSITY OF CALIFORNIA, LOS ANGELES",California,0,90095,3b13e790083ede06
93-R-0436,Class R - Research Facility,RIVERSIDE,0,9195,0,2026-08-14,8/14/2026,University Of California - Riverside,0,https://aphis.file.force.com/sfc/dist/version/download/?oid=00Dt0000000GyZH&ids=068SJ00001QSVvs&d=%2Fa%2FSJ00000CZLVh%2FhyMEoyjBTeQ5cVPep9PO2vN98mUooglZ3ovLpQ93Dyo&asPdf=false,"THE UNIVERSITY OF CALIFORNIA, RIVERSIDE",California,0,92521,a95268cf0db86484
16-C-0077,Class C - Exhibitor,West Simsbury,0,9261,0,2026-08-04,8/4/2026,Flamig Farms Inc,0,https://aphis.file.force.com/sfc/dist/version/download/?oid=00Dt0000000GyZH&ids=068SJ00001NiYZl&d=%2Fa%2FSJ00000CAKWP%2FUL1IRykVMngNH213UsPHz2GDC2ME_slXxmvHtTHUD4Q&asPdf=false,Flamig Farms Inc,Connecticut,0,06092,f234d52fbb619e5f
51-R-0036,Class R - Research Facility,ROCKVILLE,0,93,0,2026-06-25,6/25/2026,Bioqual Inc,0,https://aphis.file.force.com/sfc/dist/version/download/?oid=00Dt0000000GyZH&ids=068SJ00001L2XbO&d=%2Fa%2FSJ00000Bj4SY%2Fm6vHn5_Qf_.jB_Vf5A5f4klATa7JEuO2YWkKdMYWmZE&asPdf=false,BIOQUAL INC - BRB,Maryland,0,20850,654cbc80c28483a5
51-R-0036,Class R - Research Facility,ROCKVILLE,0,93,0,2026-06-26,6/26/2026,Bioqual Inc,0,https://aphis.file.force.com/sfc/dist/version/download/?oid=00Dt0000000GyZH&ids=068SJ00001L2tTj&d=%2Fa%2FSJ00000BjPWz%2FWgrRJ3MJWGtGJr5xq2H2i9ehutN9910Vt8Q.ij_j2qY&asPdf=false,BIOQUAL INC - PIC,Maryland,0,20850,8cd7524fbf8d7d95
58-C-0659,Class C - Exhibitor,Wauchula,0,9302,0,2026-07-14,7/14/2026,Center For Orangutan & Chimpanzee Conservation,0,https://aphis.file.force.com/sfc/dist/version/download/?oid=00Dt0000000GyZH&ids=068SJ00001KmX8v&d=%2Fa%2FSJ00000BgRYX%2F9D.V4LHLE.Ph6a2XC6cADbeT1raEcoVK39OS5BETQGs&asPdf=false,Center For Orangutan & Chimpanzee Conservation,Florida,0,33873,043ba8a890a93a46
23-C-0179,Class C - Exhibitor,LEHIGHTON,0,9331,0,2026-07-09,7/9/2026,The Service Team Inc,0,https://aphis.file.force.com/sfc/dist/version/download/?oid=00Dt0000000GyZH&ids=068SJ00001KGtMO&d=%2Fa%2FSJ00000BbG97%2FjrFHXH7IseiVIoT3ZIcUFwz5Rr207wfDqI9hK0uIw_E&asPdf=false,"THE SERVICE TEAM, INC.",Pennsylvania,0,18235,5fa222c2eed775b4
31-C-0284,Class C - Exhibitor,MOSCOW,1,9335,0,2026-07-14,7/14/2026,Misfitland Monkey Rescue,0,https://aphis.file.force.com/sfc/dist/version/download/?oid=00Dt0000000GyZH&ids=068SJ00001LVlb3&d=%2Fa%2FSJ00000BnjAX%2FSqbXZuFs8cqFB7iD0oTjRyMEq8L0I7adykACp1jvKgE&asPdf=false,Misfitland Monkey Rescue,Ohio,0,45153,bf12eec66f604265
95-C-0059,Class C - Exhibitor,Honolulu,0,9534,0,2026-08-18,8/18/2026,"University of Hawaii, Waikiki Aquarium",0,https://aphis.file.force.com/sfc/dist/version/download/?oid=00Dt0000000GyZH&ids=068SJ00001PWgv1&d=%2Fa%2FSJ00000CS409%2FDVXX07ukZfRA_ueQ0rUmvGDkOmbeKpuQFUDYGMCCjwk&asPdf=false,"University of Hawaii, Waikiki Aquarium",Hawaii,0,96815,47aeb937e0801812
94-R-0109,Class R - Research Facility,SAN JUAN,0,960,0,2026-08-17,8/17/2026,University of Puerto Rico,1,https://aphis.file.force.com/sfc/dist/version/download/?oid=00Dt0000000GyZH&ids=068SJ00001RgW8M&d=%2Fa%2FSJ00000Cklcv%2FUkusw1C84LB_W6W88kKefT6HTOiQvm.Bg82_Z8xAFms&asPdf=false,UNIVERSITY OF PUERTO RICO - MEDICAL SCIENCE,Puerto Rico,0,00936,b80d43a01a17c241
94-R-0109,Class R - Research Facility,HUMACAO,0,960,0,2026-08-18,8/18/2026,University of Puerto Rico,0,https://aphis.file.force.com/sfc/dist/version/download/?oid=00Dt0000000GyZH&ids=068SJ00001PlB2l&d=%2Fa%2FSJ00000CTwJR%2FzGFmXzUL9J3gE6gecFZkNUez6p_AsSJAQT4LWNkG6Qc&asPdf=false,CARIBBEAN PRIMATE CENTER,Puerto Rico,0,00936,25f23ef79df43fe4
94-R-0109,Class R - Research Facility,SAN JUAN,0,960,0,2026-08-19,8/19/2026,University of Puerto Rico,2,https://aphis.file.force.com/sfc/dist/version/download/?oid=00Dt0000000GyZH&ids=068SJ00001RgQO5&d=%2Fa%2FSJ00000CkmM5%2FW5CxU8wREFP5JVxrf_3AWKcLhoNTYGJU9hEAUJMe2z0&asPdf=false,SABANA SECA,Puerto Rico,0,00936,169401e089347b7d
55-R-0114,Class R - Research Facility,DALLAS,0,988,0,2026-07-17,7/17/2026,Gaston College Vet Tech Program,1,https://aphis.file.force.com/sfc/dist/version/download/?oid=00Dt0000000GyZH&ids=068SJ00001MDdHk&d=%2Fa%2FSJ00000BuWLR%2Fc9E0sZB8Y.yRidlfLUlfn5usZDyTvjVMDHTqGd0g8tA&asPdf=false,GASTON COLLEGE/VET TECH PROGRAM,North Carolina,0,28034,ce9b0e3e0e5ca263
21-C-0227,Class C - Exhibitor,Riverhead,0,9896,0,2026-07-07,7/7/2026,Atlantis Marine World,0,https://aphis.file.force.com/sfc/dist/version/download/?oid=00Dt0000000GyZH&ids=068SJ00001JYmf1&d=%2Fa%2FSJ00000BVjSL%2FOL3Hew2qbLfY6BAnTRytjk61q9AgQum1R0EbJLqUR44&asPdf=false,Atlantis Marine World,New York,0,11901,60b7dfbd1e2da3b6
52-H-0107,Class H - Intermediate Handler,SAN FRANCISCO,0,9912,0,2026-08-26,8/26/2026,SWISSPORT NORTH AMERICA INC,0,https://aphis.file.force.com/sfc/dist/version/download/?oid=00Dt0000000GyZH&ids=068SJ00001QuxE8&d=%2Fa%2FSJ00000CdYkU%2FbMczDkm_mTym0zLlRuXFewzu4IghtXYNlmL9khjSRbc&asPdf=false,SFO- Swissport North America Inc.,California,0,94128,f1f389b6b2ee06aa
33-R-0126,Class R - Research Facility,JOLIET,0,9971,0,2026-06-22,6/22/2026,Joliet Junior College,0,https://aphis.file.force.com/sfc/dist/version/download/?oid=00Dt0000000GyZH&ids=068SJ00001HclTb&d=%2Fa%2FSJ00000BCqm5%2FWDOUGoVOVheIgyisf5JsH1p_.z8onrSPcvqcb03PLmo&asPdf=false,JOLIET JUNIOR COLLEGE,Illinois,0,60431,80df4f5e433c3136
